<PAMDataset>
  <PAMRasterBand band="1">
    <Histograms>
      <HistItem>
        <HistMin>0</HistMin>
        <HistMax>1373.103515625</HistMax>
        <BucketCount>256</BucketCount>
        <IncludeOutOfRange>1</IncludeOutOfRange>
        <Approximate>0</Approximate>
        <HistCounts>41703|4046|1380|1765|1050|514|441|438|382|344|331|330|340|348|340|370|401|435|503|564|664|803|848|927|818|807|817|1033|917|1111|1259|988|904|1084|1460|1146|1104|1420|1676|1321|674|490|394|271|231|187|152|132|111|99|72|63|59|48|44|36|34|29|30|26|15|15|14|13|16|6|7|6|5|4|7|6|6|6|3|1|1|3|2|4|4|1|1|2|2|2|2|0|4|1|0|1|1|0|1|1|1|3|1|0|1|0|1|2|0|1|0|0|0|0|0|0|0|0|1|0|2|0|0|1|0|0|0|1|0|1|0|0|0|0|0|1|0|0|0|0|0|1|0|0|0|1|0|0|0|0|0|0|1|0|0|0|0|0|0|0|0|0|0|0|1|0|0|0|0|0|0|0|0|0|0|0|0|0|1|0|0|0|0|0|0|0|0|0|0|0|0|0|0|0|0|0|0|0|0|0|0|0|0|0|0|0|0|0|0|0|0|0|0|0|0|0|0|0|0|0|0|0|0|0|0|0|0|0|0|0|0|0|0|0|0|0|0|0|0|0|0|0|0|0|0|0|0|0|0|0|0|0|0|0|0|0|0|0|0|1</HistCounts>
      </HistItem>
    </Histograms>
    <Metadata>
      <MDI key="STATISTICS_MINIMUM">0</MDI>
      <MDI key="STATISTICS_MAXIMUM">1373.103515625</MDI>
      <MDI key="STATISTICS_MEAN">61.331621633886</MDI>
      <MDI key="STATISTICS_STDDEV">83.879620159864</MDI>
      <MDI key="STATISTICS_MEDIAN">0.000000</MDI>
      <MDI key="STATISTICS_COUNT">80500.000000</MDI>
      <MDI key="STATISTICS_SKIPFACTORX">1</MDI>
      <MDI key="STATISTICS_SKIPFACTORY">1</MDI>
      <MDI key="STATISTICS_EXCLUDEDVALUES"></MDI>
      <MDI key="STATISTICS_COVARIANCES">7035.790678163006</MDI>
    </Metadata>
  </PAMRasterBand>
</PAMDataset>
