<PAMDataset>
  <PAMRasterBand band="1">
    <Histograms>
      <HistItem>
        <HistMin>0</HistMin>
        <HistMax>26.29376411437988</HistMax>
        <BucketCount>256</BucketCount>
        <IncludeOutOfRange>1</IncludeOutOfRange>
        <Approximate>0</Approximate>
        <HistCounts>28461|764|915|854|920|1154|2808|3096|3255|2748|2876|2347|1982|1747|1817|1757|1415|1209|1128|1047|690|639|649|618|595|607|593|587|579|657|754|731|798|767|518|472|492|521|494|428|481|498|624|407|417|579|389|324|270|227|185|152|57|50|49|48|46|52|54|54|39|57|34|39|35|25|42|29|25|30|23|26|23|15|21|22|23|16|20|23|17|13|11|15|18|10|9|17|9|13|4|12|16|10|6|7|10|10|7|8|4|9|8|7|7|6|6|10|1|7|9|5|3|6|7|7|5|8|5|6|5|2|9|4|4|8|4|3|4|2|2|3|4|4|2|3|3|2|1|0|2|1|3|4|0|1|1|3|1|3|3|2|1|2|1|3|0|1|1|2|0|2|1|0|2|0|0|1|0|2|1|1|1|0|2|1|0|0|0|0|0|1|0|0|0|1|0|0|0|0|0|0|0|0|1|0|1|0|0|0|0|2|0|0|0|0|0|0|1|0|1|0|1|1|1|0|0|0|0|0|0|0|0|0|0|0|0|0|0|0|0|0|0|0|1|0|0|0|0|0|0|1|0|0|0|1|0|0|0|0|0|0|0|0|0|1</HistCounts>
      </HistItem>
    </Histograms>
    <Metadata>
      <MDI key="STATISTICS_MINIMUM">0</MDI>
      <MDI key="STATISTICS_MAXIMUM">26.29376411438</MDI>
      <MDI key="STATISTICS_MEAN">1.3278229404674</MDI>
      <MDI key="STATISTICS_STDDEV">1.6882135823181</MDI>
      <MDI key="STATISTICS_MEDIAN">0.824902</MDI>
      <MDI key="STATISTICS_COUNT">80500.000000</MDI>
      <MDI key="STATISTICS_SKIPFACTORX">1</MDI>
      <MDI key="STATISTICS_SKIPFACTORY">1</MDI>
      <MDI key="STATISTICS_EXCLUDEDVALUES"></MDI>
      <MDI key="STATISTICS_COVARIANCES">2.850065099523293</MDI>
    </Metadata>
  </PAMRasterBand>
</PAMDataset>
