Year,Company_Name,Facility_Name,City,Province,Postal_Code,Latitude,Longitude,Sector_Name,Substance_Name,Units,Total_Air_Emissions
2021,Taqa North Ltd.,NRK North Ferrier 5-10-42-9-W5 ABBT0081372,Calgary,AB,T2P 0H7,52.6013,-115.2216,Oil and gas extraction,Nitrogen oxides (expressed as nitrogen dioxide),tonnes,0.004237
2021,Taqa North Ltd.,Sunchild 01-04-044-11W5 MWGB ABBT0137474,Calgary,AB,,52.527764,-115.330127,Oil and gas extraction,Nitrogen oxides (expressed as nitrogen dioxide),tonnes,0.018924
2021,Blue Sky Resources Ltd.,Pengrowth Panny (00-03-11-096-06W5),Calgary,AB,,57.3092,-114.8563,Oil and gas extraction,Nitrogen oxides (expressed as nitrogen dioxide),tonnes,0.157056
2021,Tourmaline Oil Corp,Kakwa Oil Battery 07-22-061-05W6,Calgary,AB,,54.28785,-118.65663,Oil and gas extraction,Nitrogen oxides (expressed as nitrogen dioxide),tonnes,0.1783
2021,Blue Sky Resources Ltd.,Highwood Senex (02-02-22-094-04W5),Calgary,AB,,56.54,-115.256,Oil and gas extraction,Nitrogen oxides (expressed as nitrogen dioxide),tonnes,0.318958
2021,XTO Energy Canada ULC,XTO 15-25-62-22-W5 GAS MULTIWELL BATT,Calgary,AB,T2C 5N1,54.39885,-117.16219,Oil and gas extraction,Nitrogen oxides (expressed as nitrogen dioxide),tonnes,0.3434
2021,Blue Sky Resources Ltd.,"MARK ET AL WEMBLEY 16-24-72-7W6	",Calgary,AB,,55.5,-119.18,Oil and gas extraction,Nitrogen oxides (expressed as nitrogen dioxide),tonnes,0.348749
2021,Obsidian Energy Ltd.,Esther Multi-well Oil Battery 07-34,Calgary,AB,,51.7845,-110.0569,Oil and gas extraction,Nitrogen oxides (expressed as nitrogen dioxide),tonnes,0.6422
2021,PIERIDAE ALBERTA PRODUCTION LTD.,Shell Canada Limited 03-13,Calgary,AB,,51.126,-114.714,Oil and gas extraction,Nitrogen oxides (expressed as nitrogen dioxide),tonnes,0.6928
2021,Certus Oil and Gas Inc.,Med River 06-18-39-03-5,Calgary,AB,T2P 3M3,52.35503,-114.42308,Oil and gas extraction,Nitrogen oxides (expressed as nitrogen dioxide),tonnes,0.695
2021,Spur Petroleum Ltd.,N. Plato 1-14-27-18,Calgary,SK,,51.30187,-108.421,Oil and gas extraction,Nitrogen oxides (expressed as nitrogen dioxide),tonnes,0.7467
2021,Journey Energy Inc.,Journey 06-01-046-02 W5,Calgary,AB,,52.9362,-114.1609,Oil and gas extraction,Nitrogen oxides (expressed as nitrogen dioxide),tonnes,0.8474
2021,Obsidian Energy Ltd.,Seal Bitumen Battery 16-23,Calgary,AB,,56.3028,-116.2447,Oil and gas extraction,Nitrogen oxides (expressed as nitrogen dioxide),tonnes,0.8554
2021,NOVA Chemicals Corporation,NOVA Chemicals Technical Centre,Calgary,AB,T1Y 6G7,51.086252,-113.98773,Scientific research and development services,Nitrogen oxides (expressed as nitrogen dioxide),tonnes,0.96
2021,Spur Petroleum Ltd.,N. Plato 03-13-27-18,Calgary,SK,,51.30186,-108.4091,Oil and gas extraction,Nitrogen oxides (expressed as nitrogen dioxide),tonnes,1.4863
2021,Spur Petroleum Ltd.,Nipisi 16-02-076-06W5,Calgary,AB,,55.56177,-114.8056,Oil and gas extraction,Nitrogen oxides (expressed as nitrogen dioxide),tonnes,1.6543
2021,NOVA Chemicals Corporation,NOVA Research & Technology Center,Calgary,AB,T2E 7K7,51.07865,-114.01766,Scientific research and development services,Nitrogen oxides (expressed as nitrogen dioxide),tonnes,1.8
2021,Spur Petroleum Ltd.,Marten Hills 01-20-74-24W4,Calgary,AB,,55.419124,-113.650568,Oil and gas extraction,Nitrogen oxides (expressed as nitrogen dioxide),tonnes,2.0306
2021,Spur Petroleum Ltd.,N. Plato 16-01-27-18,Calgary,SK,,51.2836,-108.3976,Oil and gas extraction,Nitrogen oxides (expressed as nitrogen dioxide),tonnes,2.064
2021,Spur Petroleum Ltd.,Milton 16-33-29-27,Calgary,SK,,51.53111,-109.7337,Oil and gas extraction,Nitrogen oxides (expressed as nitrogen dioxide),tonnes,2.0864
2021,Tourmaline Oil Corp,Tourmaline Mulligan Terminal (03-08-079-09 W6M),Calgary,AB,,55.82708,-119.37367,Oil and gas extraction,Nitrogen oxides (expressed as nitrogen dioxide),tonnes,2.1045
2021,Spur Petroleum Ltd.,4-13-27-18W3 Oil Batteries,Calgary,SK,,51.30187,-108.4149,Oil and gas extraction,Nitrogen oxides (expressed as nitrogen dioxide),tonnes,2.163
2021,Spur Petroleum Ltd.,N. Plato 01-18-027-17W3,Calgary,SK,,51.30187,-108.3741,Oil and gas extraction,Nitrogen oxides (expressed as nitrogen dioxide),tonnes,2.1868
2021,Obsidian Energy Ltd.,Cadotte Bitumen Battery 14-27,Calgary,AB,,56.230135,-116.758669,Oil and gas extraction,Nitrogen oxides (expressed as nitrogen dioxide),tonnes,2.4342
2021,Spur Petroleum Ltd.,Nipisi 10-14-76-06W5,Calgary,AB,,55.586778,-114.813498,Oil and gas extraction,Nitrogen oxides (expressed as nitrogen dioxide),tonnes,2.5374
2021,Enerplus Corporation,Wildmere Sweet Gas Plant 05-24,Calgary,AB,T2P 2Z1,53.0648,-110.6089,Oil and gas extraction,Nitrogen oxides (expressed as nitrogen dioxide),tonnes,2.68271
2021,Spur Petroleum Ltd.,Marten Hills 12-15-74-24W4,Calgary,AB,,55.411859,-113.618513,Oil and gas extraction,Nitrogen oxides (expressed as nitrogen dioxide),tonnes,2.7778
2021,Spur Petroleum Ltd.,Nipisi/Cabin Creek 06-36-075-06W5,Calgary,AB,,55.54034,-114.7961,Oil and gas extraction,Nitrogen oxides (expressed as nitrogen dioxide),tonnes,3.0362
2021,Spur Petroleum Ltd.,Nipisi 09-10-077-07W5,Calgary,AB,,55.65943,-114.9881,Oil and gas extraction,Nitrogen oxides (expressed as nitrogen dioxide),tonnes,3.861
2021,Spur Petroleum Ltd.,Marten Hills 01-24-74-26W4,Calgary,AB,,55.419054,-113.855981,Oil and gas extraction,Nitrogen oxides (expressed as nitrogen dioxide),tonnes,4.133
2021,Journey Energy Inc.,PEMBINA 12-31-048-04 W5,Calgary,AB,,53.18677,-114.58241,Oil and gas extraction,Nitrogen oxides (expressed as nitrogen dioxide),tonnes,4.3055
2021,Spur Petroleum Ltd.,Nipisi 11-24-76-06W5,Calgary,AB,,55.601225,-114.794022,Oil and gas extraction,Nitrogen oxides (expressed as nitrogen dioxide),tonnes,4.3419
2021,Spur Petroleum Ltd.,Marten Hills 01-29-074,Calgary,AB,,55.43375,-113.8047,Oil and gas extraction,Nitrogen oxides (expressed as nitrogen dioxide),tonnes,5.0673
2021,Spur Petroleum Ltd.,Nipisi 11-31-75-05W5,Calgary,AB,,55.543908,-114.769049,Oil and gas extraction,Nitrogen oxides (expressed as nitrogen dioxide),tonnes,5.3832
2021,Spur Petroleum Ltd.,Marten Hills 15-12-074-25W4,Calgary,AB,,55.40178,-117.7033,Oil and gas extraction,Nitrogen oxides (expressed as nitrogen dioxide),tonnes,5.7337
2021,Spur Petroleum Ltd.,Nipisi 16-08-076-05W5,Calgary,AB,,55.575752,-114.729522,Oil and gas extraction,Nitrogen oxides (expressed as nitrogen dioxide),tonnes,5.9236
2021,Tourmaline Oil Corp,Tourmaline Solomon Gas Plant (15-20-053-27-W5),Calgary,AB,,53.59928,-117.94255,Oil and gas extraction,Nitrogen oxides (expressed as nitrogen dioxide),tonnes,5.9253
2021,Spur Petroleum Ltd.,Ukalta 05-18,Calgary,AB,,53.92531,-112.52638,Oil and gas extraction,Nitrogen oxides (expressed as nitrogen dioxide),tonnes,5.9562
2021,Spur Petroleum Ltd.,Marten Hills 14-14-073-25W4,Calgary,AB,,55.32823,-113.7401,Oil and gas extraction,Nitrogen oxides (expressed as nitrogen dioxide),tonnes,5.9606
2021,Strathcona Resources Ltd.,Jayar 09-03-062-03W6,Calgary,AB,,54.27501,-118.41398,Oil and gas extraction,Nitrogen oxides (expressed as nitrogen dioxide),tonnes,6.0546
2021,Zargon Oil and Gas Ltd.,Mission Tabers (00-14-11-008-17W4),Calgary,AB,,49.78,-112.15,Oil and gas extraction,Nitrogen oxides (expressed as nitrogen dioxide),tonnes,6.589719
2021,Spur Petroleum Ltd.,Marten Hills 01-01-75-25 W4,Calgary,AB,,55.462831,-113.735375,Oil and gas extraction,Nitrogen oxides (expressed as nitrogen dioxide),tonnes,7.0341
2021,Spur Petroleum Ltd.,Nipisi 13-36-076-07W5,Calgary,AB,,55.63394,-114.9555,Oil and gas extraction,Nitrogen oxides (expressed as nitrogen dioxide),tonnes,7.985
2021,Dienerian Resources Inc.,Wild River 05-29-057-24W5 Battery,Calgary,AB,T2P 3G6,53.954072,-117.544222,Oil and gas extraction,Nitrogen oxides (expressed as nitrogen dioxide),tonnes,8.1
2021,Spur Petroleum Ltd.,Marten Hills 05-13-075,Calgary,AB,,55.49555,-113.7545,Oil and gas extraction,Nitrogen oxides (expressed as nitrogen dioxide),tonnes,8.3192
2021,Spur Petroleum Ltd.,Marten Hills 04-02-075,Calgary,AB,,55.46281,-113.7803,Oil and gas extraction,Nitrogen oxides (expressed as nitrogen dioxide),tonnes,8.594
2021,Spur Petroleum Ltd.,Ukalta 15-11-057-18W4,Calgary,AB,,53.917808,-112.563718,Oil and gas extraction,Nitrogen oxides (expressed as nitrogen dioxide),tonnes,8.8911
2021,Evraz Recycling,Navajo Metals,Calgary,AB,T2H 2G7,51.00073,-114.03439,Remediation and other waste management services,Nitrogen oxides (expressed as nitrogen dioxide),tonnes,9.74
2021,Obsidian Energy Ltd.,Bigoray Sour Gas Plant 06-28,Calgary,AB,,53.4287,-115.1258,Oil and gas extraction,Nitrogen oxides (expressed as nitrogen dioxide),tonnes,9.813
2021,Husky Oil Operations Limited,WAPITI 10-14-067-08W6,Calgary,AB,T2P 3G7,54.799999,-119.106102,Warehousing and storage,Nitrogen oxides (expressed as nitrogen dioxide),tonnes,9.8144
2021,Taqa North Ltd.,PCR FERRIER 7-16 COMP.,Calgary,AB,T2P 0H7,52.70332,-115.39141,Oil and gas extraction,Nitrogen oxides (expressed as nitrogen dioxide),tonnes,10.926733
2021,Zargon Oil and Gas Ltd.,Rhodie Bellshill Lake 4-31 (00-04-36-041-13W4),Calgary,AB,,52.56678,-111.753089,Oil and gas extraction,Nitrogen oxides (expressed as nitrogen dioxide),tonnes,11.752594
2021,Zargon Oil and Gas Ltd.,Coseka Little Bow (00-04-25-014-19W4),Calgary,AB,T2P 0H3,50.195428,-112.481181,Oil and gas extraction,Nitrogen oxides (expressed as nitrogen dioxide),tonnes,11.784211
2021,Tourmaline Oil Corp,Spirit River 06-09-077-07-W6 Tank Farm,Calgary,AB,,55.655906,-119.024903,Oil and gas extraction,Nitrogen oxides (expressed as nitrogen dioxide),tonnes,11.8144
2021,Tourmaline Oil Corp,Spirit River 13-28-78-8w6 GGS,Calgary,AB,,55.79411,-119.18634,Oil and gas extraction,Nitrogen oxides (expressed as nitrogen dioxide),tonnes,12.6235
2021,PIERIDAE ALBERTA PRODUCTION LTD.,Limestone CS 05-12,Calgary,AB,,51.815,-115.296,Oil and gas extraction,Nitrogen oxides (expressed as nitrogen dioxide),tonnes,12.9856
2021,Abbey Resources,Shackleton Compressor Station 14-36-020-19W3,calgary,SK,,50.7442,-108.5154,Oil and gas extraction,Nitrogen oxides (expressed as nitrogen dioxide),tonnes,13.14
2021,XTO Energy Canada ULC,KAKWA 14-28-64-4W6M OIL PRORATED,Calgary,AB,T2C 5N1,54.57361,-118.54156,Oil and gas extraction,Nitrogen oxides (expressed as nitrogen dioxide),tonnes,13.4577
2021,Spur Petroleum Ltd.,Marten Hills 16-13-73-25W4 MWB,Calgary,AB,,55.32804,-113.7,Oil and gas extraction,Nitrogen oxides (expressed as nitrogen dioxide),tonnes,13.478
2021,Journey Energy Inc.,Calcrude Cherhill 04-24-056-05 W5,Calgary,AB,,53.847,-114.6194,Oil and gas extraction,Nitrogen oxides (expressed as nitrogen dioxide),tonnes,13.5606
2021,Obsidian Energy Ltd.,Seal Bitumen Battery 12-25,Calgary,AB,,56.139855,-116.685909,Oil and gas extraction,Nitrogen oxides (expressed as nitrogen dioxide),tonnes,14.7254
2021,PIERIDAE ALBERTA PRODUCTION LTD.,Mclean Creek Dehy 16-09-022-06W5,Calgary,AB,,50.8618,-114.7677,Oil and gas extraction,Nitrogen oxides (expressed as nitrogen dioxide),tonnes,16.3166
2021,Headwater Exploration Incorporated,Martin Hills Core 10-35,Calgary,AB,,55.44906,-113.735086,Oil and gas extraction,Nitrogen oxides (expressed as nitrogen dioxide),tonnes,16.3688
2021,Journey Energy Inc.,Genesee 05-30-049-03 W5,Calgary,AB,,53.2561,-114.4372,Oil and gas extraction,Nitrogen oxides (expressed as nitrogen dioxide),tonnes,16.4722
2021,Taqa North Ltd.,LPC Compressor Station COM /06-23-030-28W4/ 00,Calgary,AB,T2P 0H7,51.5816,-113.8404,Oil and gas extraction,Nitrogen oxides (expressed as nitrogen dioxide),tonnes,16.791
2021,Tourmaline Oil Corp,Leland Comp Stn 14-34-058-26-W5,Calgary,AB,,54.0629,-117.7826,Oil and gas extraction,Nitrogen oxides (expressed as nitrogen dioxide),tonnes,17.7744
2021,Obsidian Energy Ltd.,Seal Bitumen Battery 09-25,Calgary,AB,,56.139843,-116.66657,Oil and gas extraction,Nitrogen oxides (expressed as nitrogen dioxide),tonnes,17.7839
2021,HELL'S HALF-ACRE PETROLEUM CORP.,PINNACLE COOKING LAKE 4-16,Calgary,AB,,53.48504,-112.8989,Oil and gas extraction,Nitrogen oxides (expressed as nitrogen dioxide),tonnes,18.464079
2021,Obsidian Energy Ltd.,Seal Bitumen Battery 16-13,Calgary,AB,,56.28828,-116.851,Oil and gas extraction,Nitrogen oxides (expressed as nitrogen dioxide),tonnes,19.4734
2021,Tourmaline Oil Corp,RedRock 02-17-063-08W6 GGS,Calgary,AB,,54.445833,-119.164444,Oil and gas extraction,Nitrogen oxides (expressed as nitrogen dioxide),tonnes,20.1147
2021,Tourmaline Oil Corp,Sundown Sour b-067-H,Calgary,BC,,55.635417,-120.584375,Oil and gas extraction,Nitrogen oxides (expressed as nitrogen dioxide),tonnes,20.1734
2021,NTE Energy Canada Ltd,Willesden Green 01-25 Battery,Calgary,AB,T2P 1E5,52.64134,-115.15589,Oil and gas extraction,Nitrogen oxides (expressed as nitrogen dioxide),tonnes,20.2751
2021,Journey Energy Inc.,Countess 10-09-020-16 W4,Calgary,AB,,50.683,-112.16,Oil and gas extraction,Nitrogen oxides (expressed as nitrogen dioxide),tonnes,20.7357
2021,Ember Resources Inc.,06-02-34-25-W4M Linden,Calgary,AB,T2P 4H2,51.887417,-113.444769,Oil and gas extraction,Nitrogen oxides (expressed as nitrogen dioxide),tonnes,21.1
2021,The Calgary Airport Authority,THE CALGARY AIRPORT AUTHORITY - CALGARY,Calgary,AB,T2E 6W5,51.1307,-114.009,Scheduled air transportation,Nitrogen oxides (expressed as nitrogen dioxide),tonnes,21.11006
2021,Shield Energy Ltd.,Shield 11-11-73-12W6 Proration Bty,Calgary,AB,T2P 3G2,55.310493,-119.733914,Oil and gas extraction,Nitrogen oxides (expressed as nitrogen dioxide),tonnes,21.6436
2021,Tourmaline Oil Corp,Boundary Lake 08-12-088-15W6,Calgary,BC,,56.6207,-120.2465,Oil and gas extraction,Nitrogen oxides (expressed as nitrogen dioxide),tonnes,21.6876
2021,Certus Oil and Gas Inc.,Med River 06-34-39-03-5,Calgary,AB,T2P 3M3,52.39761,-114.35246,Oil and gas extraction,Nitrogen oxides (expressed as nitrogen dioxide),tonnes,22.1424
2021,Headwater Exploration Incorporated,Martin Hills Core 05-35,Calgary,AB,,55.45177,-113.74672,Oil and gas extraction,Nitrogen oxides (expressed as nitrogen dioxide),tonnes,22.8586
2021,Pipestone Energy Corp.,12- 14 Elmworth,Calgary,AB,T2P 5C5,55.0643,-118.9638,Oil and gas extraction,Nitrogen oxides (expressed as nitrogen dioxide),tonnes,23.03
2021,XTO Energy Canada ULC,KAYBOB SOUR GAS PROCESSING PLANT 15-07-060-18 W5M,Calgary,AB,T2C 5N1,54.1795,-116.6856,Oil and gas extraction,Nitrogen oxides (expressed as nitrogen dioxide),tonnes,23.3231
2021,PIERIDAE ALBERTA PRODUCTION LTD.,Jumping Pound 5-7 Well site compressor,Calgary,AB,T2P 4V8,51.1182,-114.5558,Oil and gas extraction,Nitrogen oxides (expressed as nitrogen dioxide),tonnes,23.73
2021,Lynx Energy ULC,Three Hills Creek Gas Battery 05-36,Calgary,AB,T2G 0P6,51.9599,-113.5627,Oil and gas extraction,Nitrogen oxides (expressed as nitrogen dioxide),tonnes,24.1539
2021,Enercapita Energy Ltd.,Viking Kinsella 11-16,Calgary,AB,T2P 3A8,53.134,-111.8501,Oil and gas extraction,Nitrogen oxides (expressed as nitrogen dioxide),tonnes,24.4227
2021,NuVista Energy Ltd.,Pipestone North 16-28-71-09W6 GS,Calgary,AB,T2P 1G1,55.18332,-119.31112,Oil and gas extraction,Nitrogen oxides (expressed as nitrogen dioxide),tonnes,24.50646
2021,Ember Resources Inc.,Wimborne 11-21-33-27-W4M ,Calgary,AB,T2P 4H2,51.84622,-113.7738,Oil and gas extraction,Nitrogen oxides (expressed as nitrogen dioxide),tonnes,24.55
2021,"CertainTeed Canada, Inc.",Calgary Wallboard Plant,Calgary,AB,T2C 2A4,50.9938,-113.99,Lime and gypsum product manufacturing,Nitrogen oxides (expressed as nitrogen dioxide),tonnes,25.338
2021,XTO Energy Canada ULC,04-27 Compressor Station,Calgary,AB,T2C 5N1,54.299695,-118.371709,Oil and gas extraction,Nitrogen oxides (expressed as nitrogen dioxide),tonnes,25.4301
2021,i3 Energy Canada Ltd.,06-09-61-27 W5M,Calgary,AB,T2P 1K3,54.259533,-117.991448,Oil and gas extraction,Nitrogen oxides (expressed as nitrogen dioxide),tonnes,25.7229
2021,Ovintiv Canada ULC,Gleichen Comp Stn 13-26,Calgary,AB,T2P 2S5,50.81964,-113.097,Oil and gas extraction,Nitrogen oxides (expressed as nitrogen dioxide),tonnes,25.978
2021,PIERIDAE ALBERTA PRODUCTION LTD.,Lynx,Calgary,AB,,54.1757,-119.5344,Oil and gas extraction,Nitrogen oxides (expressed as nitrogen dioxide),tonnes,26.6631
2021,Ember Resources Inc.,02-20-43-23-W4M Nevis North ,Calgary,AB,T2P 4H2,52.71491,-113.29885,Oil and gas extraction,Nitrogen oxides (expressed as nitrogen dioxide),tonnes,26.84
2021,BURNCO Rock Products Ltd,Burma Road Aggregate,Calgary,AB,T3R 1J3,51.185538,-114.221268,Non-metallic mineral mining and quarrying,Nitrogen oxides (expressed as nitrogen dioxide),tonnes,26.941
2021,Tourmaline Oil Corp,Red Rock Gas Battery 09-07-062-06W6,Calgary,AB,,54.35037,-118.87809,Oil and gas extraction,Nitrogen oxides (expressed as nitrogen dioxide),tonnes,27.4399
2021,Lynx Energy ULC,Three Hills Creek Gas Battery 01-36,Calgary,AB,T2G 0P6,52.0429,-113.5791,Oil and gas extraction,Nitrogen oxides (expressed as nitrogen dioxide),tonnes,27.4464
2021,Zargon Oil and Gas Ltd.,Crestar Little Bow (00-16-31-014-18W4),Calgary,AB,,50.220749,-112.441573,Oil and gas extraction,Nitrogen oxides (expressed as nitrogen dioxide),tonnes,27.64216
2021,Tourmaline Oil Corp,Wapiti 4-9-66-8W6M MWB,Calgary,AB,,54.692575,-119.155128,Oil and gas extraction,Nitrogen oxides (expressed as nitrogen dioxide),tonnes,28.0413
2021,Headwater Exploration Incorporated,Martin Hills Core 12-26,Calgary,AB,,55.44093,-113.74672,Oil and gas extraction,Nitrogen oxides (expressed as nitrogen dioxide),tonnes,28.3332
2021,Ember Resources Inc.,Entice Sweet Gas Plant 05-31,Calgary,AB,T2P 2S5,51.3487,-113.6586,Oil and gas extraction,Nitrogen oxides (expressed as nitrogen dioxide),tonnes,28.58
2021,Obsidian Energy Ltd.,Seal Bitumen Battery 16-01,Calgary,AB,,56.17193,-116.693027,Oil and gas extraction,Nitrogen oxides (expressed as nitrogen dioxide),tonnes,29.9086
2021,Enercapita Energy Ltd.,Boundary Lake 10-19-086-11 W6M,Calgary,AB,T2P 3A8,56.4739,-119.7222,Oil and gas extraction,Nitrogen oxides (expressed as nitrogen dioxide),tonnes,30.4631
2021,Axiom Oil and Gas Inc.,HOLDEN - 10-29-045-17W4 - COMP (ABCS0020150),Calgary,AB,,52.9084,-112.4353,Oil and gas extraction,Nitrogen oxides (expressed as nitrogen dioxide),tonnes,30.5894
2021,Ember Resources Inc.,14-08-033-20W4 Rumsey,Calgary,AB,T2P 4H2,51.822987,-112.805236,"Support activities for mining, and oil and gas extraction",Nitrogen oxides (expressed as nitrogen dioxide),tonnes,30.84
2021,Ember Resources Inc.,2-25-043-23W4,Calgary,AB,T2P 4H2,52.72851,-113.206,"Support activities for mining, and oil and gas extraction",Nitrogen oxides (expressed as nitrogen dioxide),tonnes,30.84
2021,Certus Oil and Gas Inc.,Med River 06-33-039-04W5,Calgary,AB,T2P 3M3,52.3956,-114.5213,Oil and gas extraction,Nitrogen oxides (expressed as nitrogen dioxide),tonnes,31.0143
2021,Tourmaline Oil Corp,Kakwa Gas Plant 07-09-062-08 W6M,Calgary,AB,,54.346751,-119.134195,Oil and gas extraction,Nitrogen oxides (expressed as nitrogen dioxide),tonnes,31.1142
2021,Axiom Oil and Gas Inc.,Bonnie Glenn 11-06-044-25W4 - COMP (ABCS0009501),Calgary,AB,,52.7798,-113.6299,Oil and gas extraction,Nitrogen oxides (expressed as nitrogen dioxide),tonnes,31.286
2021,Spur Petroleum Ltd.,Buffalo Creek 4-33,Calgary,AB,,53.090322,-111.269485,Oil and gas extraction,Nitrogen oxides (expressed as nitrogen dioxide),tonnes,31.7592
2021,Obsidian Energy Ltd.,Seal Bitumen Battery 02-34,Calgary,AB,,56.14709,-116.72523,Oil and gas extraction,Nitrogen oxides (expressed as nitrogen dioxide),tonnes,31.9035
2021,Strathcona Resources Ltd.,Lator 02-06-063-02W6,Calgary,AB,,54.4161,-118.2866,Oil and gas extraction,Nitrogen oxides (expressed as nitrogen dioxide),tonnes,32.2911
2021,Tourmaline Oil Corp,Conroy D-48-C/94-H-12,Calgary,BC,,57.53822,-121.84416,Oil and gas extraction,Nitrogen oxides (expressed as nitrogen dioxide),tonnes,32.7033
2021,Obsidian Energy Ltd.,West Seal In Situ Battery 13-06,Calgary,AB,,56.17303,-116.68611,Oil and gas extraction,Nitrogen oxides (expressed as nitrogen dioxide),tonnes,33.1336
2021,PIERIDAE ALBERTA PRODUCTION LTD.,Jumping Pound 14-32-025-06W5 CS,Calgary,AB,,51.1815,-114.806,Oil and gas extraction,Nitrogen oxides (expressed as nitrogen dioxide),tonnes,33.4512
2021,Canada Malting Co Ltd.,Calgary Plant,Calgary,AB,T2G 4M9,51.0245,-114.025,Other food manufacturing,Nitrogen oxides (expressed as nitrogen dioxide),tonnes,34.0803
2021,Zargon Oil and Gas Ltd.,Zargon Retlaw 00-14-11-008-17W4,Calgary,AB,,49.638449,-112.208774,Oil and gas extraction,Nitrogen oxides (expressed as nitrogen dioxide),tonnes,34.467685
2021,PIERIDAE ALBERTA PRODUCTION LTD.,Cordel Compressor Station 03-36-042-16W5,Calgary,AB,,52.6539,-116.1814,Oil and gas extraction,Nitrogen oxides (expressed as nitrogen dioxide),tonnes,34.8128
2021,Kelt Exploration,Chicken Gas Battery 10-08-062-07W6,Calgary,AB,T2P 4M9,54.35038,-119.0092,Oil and gas extraction,Nitrogen oxides (expressed as nitrogen dioxide),tonnes,35.61217
2021,Blue Sky Resources Ltd.,"TAQA GGS 16-33-46-16W5	",Calgary,AB,,53.0139,-116.2586,Oil and gas extraction,Nitrogen oxides (expressed as nitrogen dioxide),tonnes,35.649698
2021,Tallahassee Exploration Inc.,Steen River Gas Plant,Calgary,AB,T2P 0M5,59.6018,-117.4097,Oil and gas extraction,Nitrogen oxides (expressed as nitrogen dioxide),tonnes,35.75
2021,Obsidian Energy Ltd.,West Seal Battery 11-26,Calgary,AB,,56.139862,-116.70557,Oil and gas extraction,Nitrogen oxides (expressed as nitrogen dioxide),tonnes,35.8319
2021,Tourmaline Oil Corp,Cutpick 13-35-059-06 W6M,Calgary,AB,,54.1489,-118.7943,Oil and gas extraction,Nitrogen oxides (expressed as nitrogen dioxide),tonnes,36.5402
2021,Obsidian Energy Ltd.,Perl Harvard Bigoray,Calgary,AB,,53.47389,-115.0996,Oil and gas extraction,Nitrogen oxides (expressed as nitrogen dioxide),tonnes,36.6018
2021,Obsidian Energy Ltd.,Seal Bitumen Battery 04-19,Calgary,AB,,56.117985,-116.659804,Oil and gas extraction,Nitrogen oxides (expressed as nitrogen dioxide),tonnes,37.8124
2021,BURNCO Rock Products Ltd,Springbank Aggregate,Calgary,AB,T3Z 3N4,51.07474,-114.24676,Non-metallic mineral mining and quarrying,Nitrogen oxides (expressed as nitrogen dioxide),tonnes,37.846
2021,Obsidian Energy Ltd.,Seal Bitumen Battery 13-13,Calgary,AB,,56.288299,-116.87046,Oil and gas extraction,Nitrogen oxides (expressed as nitrogen dioxide),tonnes,38.2386
2021,Tourmaline Oil Corp,Kakwa Gas Battery 04-26-061-05W6,Calgary,AB,,54.3025,-118.6442,Oil and gas extraction,Nitrogen oxides (expressed as nitrogen dioxide),tonnes,38.3665
2021,Ember Resources Inc.,Wood River 01-28-43-23-W4M,Calgary,AB,T2P 4H2,52.7278,-113.2701,Oil and gas extraction,Nitrogen oxides (expressed as nitrogen dioxide),tonnes,39.62
2021,Tourmaline Oil Corp,Resthaven 3-16 Gas Plant,Calgary,AB,,54.18319,-118.2408,Oil and gas extraction,Nitrogen oxides (expressed as nitrogen dioxide),tonnes,40.5895
2021,Tourmaline Oil Corp,Harlech 16-36-044-15 W5M,Calgary,AB,,52.8415,-116.0355,Oil and gas extraction,Nitrogen oxides (expressed as nitrogen dioxide),tonnes,40.6777
2021,Obsidian Energy Ltd.,West Seal Cadotte Bitumen Battery 14-25,Calgary,AB,,56.143464,-116.679462,Oil and gas extraction,Nitrogen oxides (expressed as nitrogen dioxide),tonnes,41.0059
2021,Tourmaline Oil Corp,Sunrise 15-34-079-17-W6,Calgary,BC,,55.89665,-120.56939,Oil and gas extraction,Nitrogen oxides (expressed as nitrogen dioxide),tonnes,42.8505
2021,Tourmaline Oil Corp,Tourmaline 12-06-081-07-W6,Calgary,AB,,55.99437,-119.093254,Oil and gas extraction,Nitrogen oxides (expressed as nitrogen dioxide),tonnes,43.5371
2021,Tourmaline Oil Corp,Birley Umbach A-072-F/094-H-03,Calgary,BC,,57.49334,-121.67716,Oil and gas extraction,Nitrogen oxides (expressed as nitrogen dioxide),tonnes,43.9023
2021,Tourmaline Oil Corp,Crew Edson 16-10-052-15 W5,Calgary,AB,,53.4779,-116.124,Oil and gas extraction,Nitrogen oxides (expressed as nitrogen dioxide),tonnes,43.9195
2021,PIERIDAE ALBERTA PRODUCTION LTD.,Benjamin Compressor Station 16-28-028-08W5,Calgary,AB,,51.42938,-115.05918,Oil and gas extraction,Nitrogen oxides (expressed as nitrogen dioxide),tonnes,44.5538
2021,Alberta  Health Services,Foothills Medical Centre,Calgary,AB,T2N 2T9,51.06584,-114.13399,General medical and surgical hospitals,Nitrogen oxides (expressed as nitrogen dioxide),tonnes,45
2021,Obsidian Energy Ltd.,West Seal Bitumen Battery 14-05,Calgary,AB,,56.17345,-116.65023,Oil and gas extraction,Nitrogen oxides (expressed as nitrogen dioxide),tonnes,45.2568
2021,Spur Petroleum Ltd.,Grizzly Creek 01-26,Calgary,AB,,53.24904,-111.05808,Oil and gas extraction,Nitrogen oxides (expressed as nitrogen dioxide),tonnes,45.5634
2021,Tourmaline Oil Corp,Smoky 01-12-058-02-W6,Calgary,AB,,53.99404,-118.151921,Oil and gas extraction,Nitrogen oxides (expressed as nitrogen dioxide),tonnes,46.0384
2021,Obsidian Energy Ltd.,Pembalta #7 Sour Gas Plant 04-34,Calgary,AB,,53.0904,-115.245,Oil and gas extraction,Nitrogen oxides (expressed as nitrogen dioxide),tonnes,46.3199
2021,Obsidian Energy Ltd.,Harmon Valley Bitumen Battery 12-13,Calgary,AB,,56.11157,-116.68368,Oil and gas extraction,Nitrogen oxides (expressed as nitrogen dioxide),tonnes,46.3551
2021,Obsidian Energy Ltd.,Seal Bitumen Battery 15-01,Calgary,AB,,56.171937,-116.69947,Oil and gas extraction,Nitrogen oxides (expressed as nitrogen dioxide),tonnes,46.7475
2021,Journey Energy Inc.,Niton 14-05-055-11W5,Calgary,AB,,53.7284,-115.6025,Oil and gas extraction,Nitrogen oxides (expressed as nitrogen dioxide),tonnes,47.0434
2021,PIERIDAE ALBERTA PRODUCTION LTD.,Shell Canada Limited 10-17,Calgary,AB,,49.387,-114.236,Oil and gas extraction,Nitrogen oxides (expressed as nitrogen dioxide),tonnes,47.7384
2021,Ember Resources Inc.,03-04-40-24-W4M Clive,Calgary,AB,T2P 4H2,52.40796,-113.40019,Oil and gas extraction,Nitrogen oxides (expressed as nitrogen dioxide),tonnes,48
2021,Ember Resources Inc.,10-30-037-19W4,Calgary,AB,,52.212,-112.7015,Oil and gas extraction,Nitrogen oxides (expressed as nitrogen dioxide),tonnes,49.1
2021,Ember Resources Inc.,2-10-043-23W4,Calgary,AB,T2P 4H2,52.68504,-113.2542,Oil and gas extraction,Nitrogen oxides (expressed as nitrogen dioxide),tonnes,49.1
2021,Ember Resources Inc.,11-16-043-23W4,Calgary,AB,T2P 4H2,52.70699,-113.2843,Oil and gas extraction,Nitrogen oxides (expressed as nitrogen dioxide),tonnes,49.1
2021,Journey Energy Inc.,THUNDER MATZIWIN 13-36,Calgary,AB,,51.00676,-111.83832,Oil and gas extraction,Nitrogen oxides (expressed as nitrogen dioxide),tonnes,49.3353
2021,PIERIDAE ALBERTA PRODUCTION LTD.,Stolberg 15-21 Battery,Calgary,AB,,52.6395,-116.099,Oil and gas extraction,Nitrogen oxides (expressed as nitrogen dioxide),tonnes,49.7436
2021,Obsidian Energy Ltd.,Seal Bitumen Battery 13-05,Calgary,AB,,56.171945,-116.659717,Oil and gas extraction,Nitrogen oxides (expressed as nitrogen dioxide),tonnes,51.3359
2021,PIERIDAE ALBERTA PRODUCTION LTD.,Shell Canada Limited 04-10,Calgary,AB,,49.365,-114.201,Oil and gas extraction,Nitrogen oxides (expressed as nitrogen dioxide),tonnes,51.6956
2021,Tourmaline Oil Corp,Aitken Comp Stn a-011-A,Calgary,BC,,57.01042,-122.00312,Oil and gas extraction,Nitrogen oxides (expressed as nitrogen dioxide),tonnes,52.2906
2021,Axiom Oil and Gas Inc.,Holden 09-19-048-16W4M (ABGS0002487),Calgary,AB,,53.1559,-112.3267,Oil and gas extraction,Nitrogen oxides (expressed as nitrogen dioxide),tonnes,52.8571
2021,BURNCO Rock Products Ltd,BLV Aggregate,Calgary,AB,T3R 1J3,51.1648,-114.21755,Non-metallic mineral mining and quarrying,Nitrogen oxides (expressed as nitrogen dioxide),tonnes,52.982
2021,Obsidian Energy Ltd.,HV South Bitumen Battery 16-13,Calgary,AB,,56.11299,-116.66849,Oil and gas extraction,Nitrogen oxides (expressed as nitrogen dioxide),tonnes,53.4548
2021,Obsidian Energy Ltd.,Ammin Willesden Green Oil Battery 06-21,Calgary,AB,,52.630471,-114.951938,Oil and gas extraction,Nitrogen oxides (expressed as nitrogen dioxide),tonnes,53.72
2021,i3 Energy Canada Ltd.,Leedale Gas Plant 9-21-43-4W5M,Calgary,AB,,52.9582,-114.6799,Oil and gas extraction,Nitrogen oxides (expressed as nitrogen dioxide),tonnes,55.904977
2021,Obsidian Energy Ltd.,West Seal Bitumen Battery 13-30,Calgary,AB,,56.143457,-116.659802,Oil and gas extraction,Nitrogen oxides (expressed as nitrogen dioxide),tonnes,56.1963
2021,Spur Petroleum Ltd.,Marten Hills 15-29-073-24W4,Calgary,AB,,55.35825,-117.6521,Oil and gas extraction,Nitrogen oxides (expressed as nitrogen dioxide),tonnes,56.287
2021,Lafarge Canada Inc. - WEST,"Lafarge Canada Inc., Greater Calgary, STAR Pit",Calgary,AB,T3R 1J3,51.1655,-114.222,Non-metallic mineral mining and quarrying,Nitrogen oxides (expressed as nitrogen dioxide),tonnes,57.18
2021,PIERIDAE ALBERTA PRODUCTION LTD.,Chungo Compressor Station 05-26-043-18W5,Calgary,AB,,52.73244,-116.51295,Oil and gas extraction,Nitrogen oxides (expressed as nitrogen dioxide),tonnes,57.1867
2021,Tourmaline Oil Corp,Wildhay 11-22,Calgary,AB,,53.76832,-117.48534,Oil and gas extraction,Nitrogen oxides (expressed as nitrogen dioxide),tonnes,57.5084
2021,Tourmaline Oil Corp,Jedney Comp Stn C-007-H,Calgary,BC,,57.08958,-122.08437,Oil and gas extraction,Nitrogen oxides (expressed as nitrogen dioxide),tonnes,57.7552
2021,Tourmaline Oil Corp,Martin Creek Sour Gas Plant b-002-E/094-H-06,Calgary,BC,,57.3353,-121.3979,Oil and gas extraction,Nitrogen oxides (expressed as nitrogen dioxide),tonnes,58.5713
2021,Tourmaline Oil Corp,Wapiti 11-25-66-8W6M Comp Stn,Calgary,AB,,54.743518,-119.073283,Oil and gas extraction,Nitrogen oxides (expressed as nitrogen dioxide),tonnes,59.0405
2021,Alberta Distillers Ltd.,ALBERTA DISTILLERS,Calgary,AB,T2H 1X1,51.02277,-114.02766,Beverage manufacturing,Nitrogen oxides (expressed as nitrogen dioxide),tonnes,59.42
2021,Tourmaline Oil Corp,Gundy A-021-I,Calgary,BC,,56.68376,-122.0075,Oil and gas extraction,Nitrogen oxides (expressed as nitrogen dioxide),tonnes,61.3251
2021,University of Calgary,Central Heating and Cooling Plant,Calgary,AB,T2N 1N4,51.0749,-114.1387,Universities,Nitrogen oxides (expressed as nitrogen dioxide),tonnes,61.451
2021,Tourmaline Oil Corp,Black Conroy Comp Stn b-094-J/094-H-05,Calgary,BC,,57.4936,-121.6733,Oil and gas extraction,Nitrogen oxides (expressed as nitrogen dioxide),tonnes,70.3032
2021,Ember Resources Inc.,1-29-037-19W4,Calgary,AB,,52.2029,-112.6773,Oil and gas extraction,Nitrogen oxides (expressed as nitrogen dioxide),tonnes,71.03
2021,XTO Energy Canada ULC,South Kaybob 02-20,Calgary,AB,T2C 5N1,54.19755,-116.80826,Oil and gas extraction,Nitrogen oxides (expressed as nitrogen dioxide),tonnes,74.787
2021,PIERIDAE ALBERTA PRODUCTION LTD.,ekwan,Calgary,BC,,58.8311,-121.3859,Oil and gas extraction,Nitrogen oxides (expressed as nitrogen dioxide),tonnes,75.119
2021,Tourmaline Oil Corp,Kakwa Gas Processing 01-35-060-05W6,Calgary,AB,,54.2268,-118.6281,Oil and gas extraction,Nitrogen oxides (expressed as nitrogen dioxide),tonnes,75.5642
2021,Tourmaline Oil Corp,Tourmaline Gundy Gas Plant (C-060-A / 94-B-16),Calgary,BC,,56.801313,-122.121084,Oil and gas extraction,Nitrogen oxides (expressed as nitrogen dioxide),tonnes,75.574
2021,Spur Petroleum Ltd.,Simonette OBty 5-7,Calgary,AB,,54.34677,-117.74779,Oil and gas extraction,Nitrogen oxides (expressed as nitrogen dioxide),tonnes,76.7248
2021,Journey Energy Inc.,Herronton 01-15-019-25 W4,Calgary,AB,,50.6022,-113.3838,Oil and gas extraction,Nitrogen oxides (expressed as nitrogen dioxide),tonnes,80.8289
2021,Enercapita Energy Ltd.,Worsley 16-36-086-10 W6M,Calgary,AB,T2P 3A8,56.5061,-119.432,Oil and gas extraction,Nitrogen oxides (expressed as nitrogen dioxide),tonnes,82.1406
2021,Baytex Energy Ltd,Kerrobert Viking Compressor Station 09-30-032-25W3,Calgary,SK,T2P 0R3,51.77423,-109.5276,Oil and gas extraction,Nitrogen oxides (expressed as nitrogen dioxide),tonnes,82.27291
2021,Tourmaline Oil Corp,Tourmaline Chin/09-29 Ggs,Calgary,AB,,54.65656,-119.91523,Oil and gas extraction,Nitrogen oxides (expressed as nitrogen dioxide),tonnes,83.0788
2021,Spur Petroleum Ltd.,Nipisi 15-31-076-06W5,Calgary,AB,,55.63393,-114.9169,Oil and gas extraction,Nitrogen oxides (expressed as nitrogen dioxide),tonnes,85.871
2021,Obsidian Energy Ltd.,West Seal Bitumen Battery 15-06,Calgary,AB,,56.17337,-116.67563,Oil and gas extraction,Nitrogen oxides (expressed as nitrogen dioxide),tonnes,87.1453
2021,Obsidian Energy Ltd.,Harmon Valley SAGD South Pilot 07-06,Calgary,AB,,56.164712,-116.673082,Oil and gas extraction,Nitrogen oxides (expressed as nitrogen dioxide),tonnes,88.3761
2021,Tourmaline Oil Corp,Tourmaline Doe Gas Plant (02-11-080-16 W6M),Calgary,BC,,55.91377,-120.38232,Oil and gas extraction,Nitrogen oxides (expressed as nitrogen dioxide),tonnes,89.4258
2021,Tourmaline Oil Corp,Dawson/Doe 1-32-80-15 W6,Calgary,BC,,55.97255,-120.29903,Oil and gas extraction,Nitrogen oxides (expressed as nitrogen dioxide),tonnes,91.2061
2021,Strathcona Resources Ltd.,Jayar 14-29,Calgary,AB,,54.309734,-118.417199,Oil and gas extraction,Nitrogen oxides (expressed as nitrogen dioxide),tonnes,91.9469
2021,Strathcona Resources Ltd.,Jayar 06-08-062-03W6 GP,Calgary,AB,,54.3468,-118.41578,Oil and gas extraction,Nitrogen oxides (expressed as nitrogen dioxide),tonnes,93.5878
2021,Journey Energy Inc.,Countess 10-04-021-16W4,Calgary,AB,,53.034063,-114.376496,Oil and gas extraction,Nitrogen oxides (expressed as nitrogen dioxide),tonnes,93.7858
2021,PIERIDAE ALBERTA PRODUCTION LTD.,Findley 13-26-58-7W6/2,Calgary,AB,,54.041756,-118.923747,Oil and gas extraction,Nitrogen oxides (expressed as nitrogen dioxide),tonnes,94.1109
2021,Tourmaline Oil Corp,Sundown B-067-H/093-P-10,Calgary,BC,,55.63536,-120.58595,Oil and gas extraction,Nitrogen oxides (expressed as nitrogen dioxide),tonnes,95.0251
2021,Tourmaline Oil Corp,Devon Mirage 10-03,Calgary,AB,,55.81986,-119.00207,Oil and gas extraction,Nitrogen oxides (expressed as nitrogen dioxide),tonnes,96.6563
2021,Loyal Energy (Canada) Operating Ltd.,Lookout Butte 4-13,Calgary,AB,T2P 0G5,49.1181,-113.6371,Oil and gas extraction,Nitrogen oxides (expressed as nitrogen dioxide),tonnes,99.6054
2021,Obsidian Energy Ltd.,Willesden Green Sweet Gas Plant 13-27,Calgary,AB,,52.6504,-115.0808,Oil and gas extraction,Nitrogen oxides (expressed as nitrogen dioxide),tonnes,102.5615
2021,Tourmaline Oil Corp,Tourmaline Spirit River Gas Plant (03-10-077-07 W6M),Calgary,AB,,55.6545,-119.00147,Oil and gas extraction,Nitrogen oxides (expressed as nitrogen dioxide),tonnes,103.082755
2021,Tourmaline Oil Corp,Tourmaline West Doe Gas Plant (13-25-080-16 W6M),Calgary,BC,,55.97092,-120.368337,Oil and gas extraction,Nitrogen oxides (expressed as nitrogen dioxide),tonnes,103.2211
2021,Journey Energy Inc.,Countess 08-36-020-16 W4,Calgary,AB,,50.7374,-112.0849,Oil and gas extraction,Nitrogen oxides (expressed as nitrogen dioxide),tonnes,112.7698
2021,Tourmaline Oil Corp,Oldman 10-24,Calgary,AB,,53.8556,-116.9836,Oil and gas extraction,Nitrogen oxides (expressed as nitrogen dioxide),tonnes,112.9626
2021,Certus Oil and Gas Inc.,Gilby Office 02-35-40-02W5,Calgary,AB,T2P 3M3,52.4793,-114.1782,Oil and gas extraction,Nitrogen oxides (expressed as nitrogen dioxide),tonnes,113.7806
2021,Zargon Oil and Gas Ltd.,TAQA LAPRISE B-40-E/94-H-5,Calgary,BC,T2P 1K3,57.3604,-121.9969,Oil and gas extraction,Nitrogen oxides (expressed as nitrogen dioxide),tonnes,119.29173
2021,XTO Energy Canada ULC,Fir 01-32,Calgary,AB,T2C 5N1,54.13815,-117.25256,Oil and gas extraction,Nitrogen oxides (expressed as nitrogen dioxide),tonnes,121.6705
2021,Ricochet Oil Corp.,Pembalta Gas Plant 09-25,Calgary,AB,T2P 3R7,53.1739,-114.8846,Oil and gas extraction,Nitrogen oxides (expressed as nitrogen dioxide),tonnes,122.43112
2021,Tourmaline Oil Corp,Aitken Creek Sour Gas Plant c-038-C,Calgary,BC,,57.02883,-121.84918,Oil and gas extraction,Nitrogen oxides (expressed as nitrogen dioxide),tonnes,136.3716
2021,PIERIDAE ALBERTA PRODUCTION LTD.,Findley 09-24,Calgary,AB,,53.9431,-118.7466,Oil and gas extraction,Nitrogen oxides (expressed as nitrogen dioxide),tonnes,137.8183
2021,Tourmaline Oil Corp,Laprise Gas Plant,Calgary,BC,,57.3535,-122.0505,Oil and gas extraction,Nitrogen oxides (expressed as nitrogen dioxide),tonnes,138.6864
2021,Spartan Delta Corp.,Alder Flats Gas Plant 10-09,Calgary,AB,T2P 0H7,52.86764,-115.0983,Oil and gas extraction,Nitrogen oxides (expressed as nitrogen dioxide),tonnes,146.969
2021,PetroChina Canada Ltd.,Mackay River Commercial Program,Calgary,AB,T2P 3H9,56.79043,-112.09594,Oil and gas extraction,Nitrogen oxides (expressed as nitrogen dioxide),tonnes,161.497
2021,Certus Oil and Gas Inc.,Gilby Gas Plant 05-05-040-03W5,Calgary,AB,T2P 3M3,52.4129,-114.4076,Oil and gas extraction,Nitrogen oxides (expressed as nitrogen dioxide),tonnes,161.8455
2021,Tourmaline Oil Corp,Aitken Creek Sour Gas Plant c-046-C,Calgary,BC,,57.03949,-121.82333,Oil and gas extraction,Nitrogen oxides (expressed as nitrogen dioxide),tonnes,165.763
2021,Tourmaline Oil Corp,Duvernay Fir Central 09-29-057-21-W5,Calgary,AB,,53.9575,-117.0766,Oil and gas extraction,Nitrogen oxides (expressed as nitrogen dioxide),tonnes,176.6905
2021,Ricochet Oil Corp.,Pembalta IV Sour Gas Plant 09-16,Calgary,AB,T2P 3R7,53.2287,-115.1044,Oil and gas extraction,Nitrogen oxides (expressed as nitrogen dioxide),tonnes,178.55876
2021,Tourmaline Oil Corp,Tourmaline Sunrise Gas Plant (03-18-080-17 W6M),Calgary,BC,,55.9285,-120.6423,Oil and gas extraction,Nitrogen oxides (expressed as nitrogen dioxide),tonnes,183.8238
2021,PIERIDAE ALBERTA PRODUCTION LTD.,Findley 8-24,Calgary,AB,,53.941358,-118.745552,Oil and gas extraction,Nitrogen oxides (expressed as nitrogen dioxide),tonnes,206.4284
2021,Tourmaline Oil Corp,Obed 01-21,Calgary,AB,,53.761093,-117.349179,Oil and gas extraction,Nitrogen oxides (expressed as nitrogen dioxide),tonnes,207.6223
2021,Tourmaline Oil Corp,Lynx 01-24-060-08 W6M,Calgary,AB,,54.1989,-119.0529,Oil and gas extraction,Nitrogen oxides (expressed as nitrogen dioxide),tonnes,214.6951
2021,Tourmaline Oil Corp,Mulligan Fourth Creek 15-13-082-09-W6,Calgary,AB,,56.1157,-119.2621,Oil and gas extraction,Nitrogen oxides (expressed as nitrogen dioxide),tonnes,221.7673
2021,CSV Midstream Solutions,Karr Sour Gas Processing Plant,Calgary,AB,T2P 0J1,54.709648,-118.600073,Oil and gas extraction,Nitrogen oxides (expressed as nitrogen dioxide),tonnes,244.2777
2021,Pembina Pipeline Corporation,Kakwa River Gas Plant 08-13-063-05W6,Calgary,AB,,54.448884,-118.594666,Oil and gas extraction,Nitrogen oxides (expressed as nitrogen dioxide),tonnes,272.8927
2021,City of Calgary,Bonnybrook Wastewater Treatment Plant,Calgary,AB,T2G 3M8,51.0128,-114.022,"Water, sewage and other systems",Nitrogen oxides (expressed as nitrogen dioxide),tonnes,285.33
2021,Strathcona Resources Ltd.,LINDBERGH SAGD 04-25,Calgary,AB,T2P 4K9,54.03691,-110.62095,Oil and gas extraction,Nitrogen oxides (expressed as nitrogen dioxide),tonnes,292.7931
2021,Tourmaline Oil Corp,Tourmaline Wildhay Gas Plant (11-16-055-24 W5M),Calgary,AB,,53.75512,-117.50988,Oil and gas extraction,Nitrogen oxides (expressed as nitrogen dioxide),tonnes,299.673
2021,Obsidian Energy Ltd.,Pembalta #8 Sour Gas Plant 05-05,Calgary,AB,,53.1939,-115.2919,Oil and gas extraction,Nitrogen oxides (expressed as nitrogen dioxide),tonnes,300.734
2021,PIERIDAE ALBERTA PRODUCTION LTD.,Palliser,Calgary,AB,,54.3245,-119.8158,Oil and gas extraction,Nitrogen oxides (expressed as nitrogen dioxide),tonnes,303.7869
2021,PIERIDAE ALBERTA PRODUCTION LTD.,Jumping Pound Complex,Calgary,AB,T2P 4V8,51.13696,-114.58262,Oil and gas extraction,Nitrogen oxides (expressed as nitrogen dioxide),tonnes,319.275
2021,Tourmaline Oil Corp,Tourmaline Ansell Plant (01-34-51-18 W5M),Calgary,AB,,53.44643,-116.545029,Oil and gas extraction,Nitrogen oxides (expressed as nitrogen dioxide),tonnes,328.1139
2021,Tourmaline Oil Corp,Tourmaline Edson Gas Plant (04-17-051-18-W5M),Calgary,AB,,52.874467,-116.029179,Oil and gas extraction,Nitrogen oxides (expressed as nitrogen dioxide),tonnes,332.8429
2021,Obsidian Energy Ltd.,Pembina Sweet Gas Plant 09-17,Calgary,AB,,53.254,-114.4379,Oil and gas extraction,Nitrogen oxides (expressed as nitrogen dioxide),tonnes,348.2778
2021,Tourmaline Oil Corp,Tourmaline Anderson Gas Plant (01-09-051-24 W5M),Calgary,AB,,53.38259,-117.4668,Oil and gas extraction,Nitrogen oxides (expressed as nitrogen dioxide),tonnes,361.0095
2021,Tourmaline Oil Corp,Tourmaline Columbia Gas Plant (15-36-044-15 W5M),Calgary,AB,,52.83944,-116.03732,Oil and gas extraction,Nitrogen oxides (expressed as nitrogen dioxide),tonnes,377.1018
2021,Tourmaline Oil Corp,Tourmaline Banshee Plant (15-12-050-21 W5M),Calgary,AB,,53.30683,-116.93588,Oil and gas extraction,Nitrogen oxides (expressed as nitrogen dioxide),tonnes,406.8071
2021,XTO Energy Canada ULC,Resthaven 02-10,Calgary,AB,T2C 5N1,54.1704,-118.05982,Oil and gas extraction,Nitrogen oxides (expressed as nitrogen dioxide),tonnes,415.7333
2021,Obsidian Energy Ltd.,Esther Sweet Gas Plant 13-19,Calgary,AB,,51.7626,-110.1397,Oil and gas extraction,Nitrogen oxides (expressed as nitrogen dioxide),tonnes,416.3392
2021,Tourmaline Oil Corp,Tourmaline Berland Gas Plant (14-15-059-24-W5M),Calgary,AB,,54.106806,-117.516746,Oil and gas extraction,Nitrogen oxides (expressed as nitrogen dioxide),tonnes,424.9892
2021,Obsidian Energy Ltd.,Willesden Green Sweet Gas Plant 14-01,Calgary,AB,,52.5941,-114.8793,Oil and gas extraction,Nitrogen oxides (expressed as nitrogen dioxide),tonnes,488.8453
2021,Tourmaline Oil Corp,Tourmaline Med Lodge Gas Plant (14-03-052-23W5),Calgary,SK,,49.51922,-101.41762,Oil and gas extraction,Nitrogen oxides (expressed as nitrogen dioxide),tonnes,511.9394
2021,Tourmaline Oil Corp,Tourmaline Cecilia Gas Plant (15-04-058-23 W5M),Calgary,AB,,53.990234,-117.355302,Oil and gas extraction,Nitrogen oxides (expressed as nitrogen dioxide),tonnes,549.9498
2021,Calgary Energy Centre No. 2 Inc.,Calgary Energy Centre,Calgary,AB,T3N 1C6,51.18045,-113.93728,"Electric power generation, transmission and distribution",Nitrogen oxides (expressed as nitrogen dioxide),tonnes,569.454
2021,Tourmaline Oil Corp,Tourmaline Musreau 02/09-13-062-06-W6,Calgary,AB,,54.362358,-118.75371,Oil and gas extraction,Nitrogen oxides (expressed as nitrogen dioxide),tonnes,681.4668
2021,PIERIDAE ALBERTA PRODUCTION LTD.,Moose Mountain Compressor Station,Calgary,AB,T2P 4V8,50.8894,-114.7618,Oil and gas extraction,Nitrogen oxides (expressed as nitrogen dioxide),tonnes,693.85
2021,Tourmaline Oil Corp,Harley 08-10-057-27-W5,Calgary,AB,,53.9101,-117.9189,Oil and gas extraction,Nitrogen oxides (expressed as nitrogen dioxide),tonnes,835.8497
2021,Tourmaline Oil Corp,Tourmaline Hinton Gas Plant (06-32-51-25 W5M),Calgary,AB,,53.44318,-117.6554,Oil and gas extraction,Nitrogen oxides (expressed as nitrogen dioxide),tonnes,889.14286
2021,Tourmaline Oil Corp,Sundance 15-07,Calgary,AB,,53.6556,-117.0817,Oil and gas extraction,Nitrogen oxides (expressed as nitrogen dioxide),tonnes,892.1818
2021,Tourmaline Oil Corp,Spirit River 06-03-078-07 W6,Calgary,AB,,55.7332,-118.9989,Oil and gas extraction,Nitrogen oxides (expressed as nitrogen dioxide),tonnes,929.2016
2021,Enmax Generation Portfolio Inc,Shepard Energy Centre,Calgary,AB,T3S 0A2,50.97068,-113.8851,"Electric power generation, transmission and distribution",Nitrogen oxides (expressed as nitrogen dioxide),tonnes,1011.46
2021,Tourmaline Oil Corp,Horse 16-17-058-26-W5,Calgary,AB,,54.0193,-117.8199,Oil and gas extraction,Nitrogen oxides (expressed as nitrogen dioxide),tonnes,1663.8927
2021,Tourmaline Oil Corp,Tourmaline Wildriver Gas Plant (14-20-056-23 W5M),Calgary,AB,,53.8579,-117.3846,Oil and gas extraction,Nitrogen oxides (expressed as nitrogen dioxide),tonnes,1860.4585
