Year,Company_Name,Facility_Name,City,Province,Postal_Code,Latitude,Longitude,Sector_Name,Substance_Name,Units,Total_Air_Emissions
2021,Tourmaline Oil Corp,Wapiti 4-9-66-8W6M MWB,Calgary,AB,,54.692575,-119.155128,Oil and gas extraction,PM2.5 - Particulate Matter <= 2.5 Micrometers,tonnes,0.0016
2021,Certus Oil and Gas Inc.,Med River 06-33-039-04W5,Calgary,AB,T2P 3M3,52.3956,-114.5213,Oil and gas extraction,PM2.5 - Particulate Matter <= 2.5 Micrometers,tonnes,0.0019
2021,NOVA Chemicals Corporation,NOVA Chemicals Technical Centre,Calgary,AB,T1Y 6G7,51.086252,-113.98773,Scientific research and development services,PM2.5 - Particulate Matter <= 2.5 Micrometers,tonnes,0.0024
2021,Pipestone Energy Corp.,12- 14 Elmworth,Calgary,AB,T2P 5C5,55.0643,-118.9638,Oil and gas extraction,PM2.5 - Particulate Matter <= 2.5 Micrometers,tonnes,0.00351
2021,Ovintiv Canada ULC,Gleichen Comp Stn 13-26,Calgary,AB,T2P 2S5,50.81964,-113.097,Oil and gas extraction,PM2.5 - Particulate Matter <= 2.5 Micrometers,tonnes,0.004
2021,Tourmaline Oil Corp,Harlech 16-36-044-15 W5M,Calgary,AB,,52.8415,-116.0355,Oil and gas extraction,PM2.5 - Particulate Matter <= 2.5 Micrometers,tonnes,0.0041
2021,NOVA Chemicals Corporation,NOVA Research & Technology Center,Calgary,AB,T2E 7K7,51.07865,-114.01766,Scientific research and development services,PM2.5 - Particulate Matter <= 2.5 Micrometers,tonnes,0.00423
2021,Lynx Energy ULC,Three Hills Creek Gas Battery 01-36,Calgary,AB,T2G 0P6,52.0429,-113.5791,Oil and gas extraction,PM2.5 - Particulate Matter <= 2.5 Micrometers,tonnes,0.0052
2021,Lynx Energy ULC,Three Hills Creek Gas Battery 05-36,Calgary,AB,T2G 0P6,51.9599,-113.5627,Oil and gas extraction,PM2.5 - Particulate Matter <= 2.5 Micrometers,tonnes,0.0054
2021,Tourmaline Oil Corp,Wildhay 11-22,Calgary,AB,,53.76832,-117.48534,Oil and gas extraction,PM2.5 - Particulate Matter <= 2.5 Micrometers,tonnes,0.0057
2021,PIERIDAE ALBERTA PRODUCTION LTD.,Jumping Pound 5-7 Well site compressor,Calgary,AB,T2P 4V8,51.1182,-114.5558,Oil and gas extraction,PM2.5 - Particulate Matter <= 2.5 Micrometers,tonnes,0.008
2021,Tourmaline Oil Corp,Sundown Sour b-067-H,Calgary,BC,,55.635417,-120.584375,Oil and gas extraction,PM2.5 - Particulate Matter <= 2.5 Micrometers,tonnes,0.009
2021,Tourmaline Oil Corp,Tourmaline Chin/09-29 Ggs,Calgary,AB,,54.65656,-119.91523,Oil and gas extraction,PM2.5 - Particulate Matter <= 2.5 Micrometers,tonnes,0.0098
2021,Enercapita Energy Ltd.,Worsley 16-36-086-10 W6M,Calgary,AB,T2P 3A8,56.5061,-119.432,Oil and gas extraction,PM2.5 - Particulate Matter <= 2.5 Micrometers,tonnes,0.01
2021,Taqa North Ltd.,NRK North Ferrier 5-10-42-9-W5 ABBT0081372,Calgary,AB,T2P 0H7,52.6013,-115.2216,Oil and gas extraction,PM2.5 - Particulate Matter <= 2.5 Micrometers,tonnes,0.011534
2021,BURNCO Rock Products Ltd,Springbank Ready Mix,Calgary,AB,T3Z 3N4,51.07709,-114.25103,Cement and concrete product manufacturing,PM2.5 - Particulate Matter <= 2.5 Micrometers,tonnes,0.013
2021,BURNCO Rock Products Ltd,Shepard Ready Mix,Calgary,AB,T2C 4P1,50.968458,-113.991591,Cement and concrete product manufacturing,PM2.5 - Particulate Matter <= 2.5 Micrometers,tonnes,0.022
2021,Certus Oil and Gas Inc.,Med River 06-34-39-03-5,Calgary,AB,T2P 3M3,52.39761,-114.35246,Oil and gas extraction,PM2.5 - Particulate Matter <= 2.5 Micrometers,tonnes,0.0441
2021,Taqa North Ltd.,Sunchild 01-04-044-11W5 MWGB ABBT0137474,Calgary,AB,,52.527764,-115.330127,Oil and gas extraction,PM2.5 - Particulate Matter <= 2.5 Micrometers,tonnes,0.051516
2021,Strathcona Resources Ltd.,Lator 02-06-063-02W6,Calgary,AB,,54.4161,-118.2866,Oil and gas extraction,PM2.5 - Particulate Matter <= 2.5 Micrometers,tonnes,0.056
2021,XTO Energy Canada ULC,KAKWA 14-28-64-4W6M OIL PRORATED,Calgary,AB,T2C 5N1,54.57361,-118.54156,Oil and gas extraction,PM2.5 - Particulate Matter <= 2.5 Micrometers,tonnes,0.0565
2021,Journey Energy Inc.,Countess 10-09-020-16 W4,Calgary,AB,,50.683,-112.16,Oil and gas extraction,PM2.5 - Particulate Matter <= 2.5 Micrometers,tonnes,0.0631
2021,Tourmaline Oil Corp,Red Rock Gas Battery 09-07-062-06W6,Calgary,AB,,54.35037,-118.87809,Oil and gas extraction,PM2.5 - Particulate Matter <= 2.5 Micrometers,tonnes,0.064
2021,Tourmaline Oil Corp,Jedney Comp Stn C-007-H,Calgary,BC,,57.08958,-122.08437,Oil and gas extraction,PM2.5 - Particulate Matter <= 2.5 Micrometers,tonnes,0.0667
2021,PIERIDAE ALBERTA PRODUCTION LTD.,Cordel Compressor Station 03-36-042-16W5,Calgary,AB,,52.6539,-116.1814,Oil and gas extraction,PM2.5 - Particulate Matter <= 2.5 Micrometers,tonnes,0.0719
2021,HELL'S HALF-ACRE PETROLEUM CORP.,PINNACLE COOKING LAKE 4-16,Calgary,AB,,53.48504,-112.8989,Oil and gas extraction,PM2.5 - Particulate Matter <= 2.5 Micrometers,tonnes,0.077358
2021,Tourmaline Oil Corp,Crew Edson 16-10-052-15 W5,Calgary,AB,,53.4779,-116.124,Oil and gas extraction,PM2.5 - Particulate Matter <= 2.5 Micrometers,tonnes,0.0793
2021,Tourmaline Oil Corp,RedRock 02-17-063-08W6 GGS,Calgary,AB,,54.445833,-119.164444,Oil and gas extraction,PM2.5 - Particulate Matter <= 2.5 Micrometers,tonnes,0.081
2021,Tourmaline Oil Corp,Tourmaline Solomon Gas Plant (15-20-053-27-W5),Calgary,AB,,53.59928,-117.94255,Oil and gas extraction,PM2.5 - Particulate Matter <= 2.5 Micrometers,tonnes,0.0824
2021,BURNCO Rock Products Ltd,Springbank Asphalt,Calgary,AB,T3Z 3N4,51.076214,-114.248335,Petroleum and coal product manufacturing,PM2.5 - Particulate Matter <= 2.5 Micrometers,tonnes,0.089
2021,BURNCO Rock Products Ltd,Burma Road Aggregate,Calgary,AB,T3R 1J3,51.185538,-114.221268,Non-metallic mineral mining and quarrying,PM2.5 - Particulate Matter <= 2.5 Micrometers,tonnes,0.091
2021,Spur Petroleum Ltd.,Buffalo Creek 4-33,Calgary,AB,,53.090322,-111.269485,Oil and gas extraction,PM2.5 - Particulate Matter <= 2.5 Micrometers,tonnes,0.0932
2021,Tourmaline Oil Corp,Leland Comp Stn 14-34-058-26-W5,Calgary,AB,,54.0629,-117.7826,Oil and gas extraction,PM2.5 - Particulate Matter <= 2.5 Micrometers,tonnes,0.101
2021,Spur Petroleum Ltd.,Grizzly Creek 01-26,Calgary,AB,,53.24904,-111.05808,Oil and gas extraction,PM2.5 - Particulate Matter <= 2.5 Micrometers,tonnes,0.1013
2021,Enercapita Energy Ltd.,Viking Kinsella 11-16,Calgary,AB,T2P 3A8,53.134,-111.8501,Oil and gas extraction,PM2.5 - Particulate Matter <= 2.5 Micrometers,tonnes,0.1022
2021,Obsidian Energy Ltd.,Ammin Willesden Green Oil Battery 06-21,Calgary,AB,,52.630471,-114.951938,Oil and gas extraction,PM2.5 - Particulate Matter <= 2.5 Micrometers,tonnes,0.1044
2021,Tourmaline Oil Corp,Boundary Lake 08-12-088-15W6,Calgary,BC,,56.6207,-120.2465,Oil and gas extraction,PM2.5 - Particulate Matter <= 2.5 Micrometers,tonnes,0.1091
2021,Tourmaline Oil Corp,Cutpick 13-35-059-06 W6M,Calgary,AB,,54.1489,-118.7943,Oil and gas extraction,PM2.5 - Particulate Matter <= 2.5 Micrometers,tonnes,0.1101
2021,i3 Energy Canada Ltd.,06-09-61-27 W5M,Calgary,AB,T2P 1K3,54.259533,-117.991448,Oil and gas extraction,PM2.5 - Particulate Matter <= 2.5 Micrometers,tonnes,0.1105
2021,EVRAZ Inc NA Canada,EVRAZ Calgary Tubulars,Calgary,AB,T2C 2A4,50.985432,-113.992392,Steel product manufacturing from purchased steel,PM2.5 - Particulate Matter <= 2.5 Micrometers,tonnes,0.1158
2021,Tourmaline Oil Corp,Wapiti 11-25-66-8W6M Comp Stn,Calgary,AB,,54.743518,-119.073283,Oil and gas extraction,PM2.5 - Particulate Matter <= 2.5 Micrometers,tonnes,0.124
2021,Husky Oil Operations Limited,WAPITI 10-14-067-08W6,Calgary,AB,T2P 3G7,54.799999,-119.106102,Warehousing and storage,PM2.5 - Particulate Matter <= 2.5 Micrometers,tonnes,0.1245
2021,PIERIDAE ALBERTA PRODUCTION LTD.,Shell Canada Limited 10-17,Calgary,AB,,49.387,-114.236,Oil and gas extraction,PM2.5 - Particulate Matter <= 2.5 Micrometers,tonnes,0.1266
2021,Axiom Oil and Gas Inc.,HOLDEN - 10-29-045-17W4 - COMP (ABCS0020150),Calgary,AB,,52.9084,-112.4353,Oil and gas extraction,PM2.5 - Particulate Matter <= 2.5 Micrometers,tonnes,0.1282
2021,Alberta  Health Services,Foothills Medical Centre,Calgary,AB,T2N 2T9,51.06584,-114.13399,General medical and surgical hospitals,PM2.5 - Particulate Matter <= 2.5 Micrometers,tonnes,0.13
2021,Axiom Oil and Gas Inc.,Bonnie Glenn 11-06-044-25W4 - COMP (ABCS0009501),Calgary,AB,,52.7798,-113.6299,Oil and gas extraction,PM2.5 - Particulate Matter <= 2.5 Micrometers,tonnes,0.1311
2021,Dienerian Resources Inc.,Wild River 05-29-057-24W5 Battery,Calgary,AB,T2P 3G6,53.954072,-117.544222,Oil and gas extraction,PM2.5 - Particulate Matter <= 2.5 Micrometers,tonnes,0.133
2021,PIERIDAE ALBERTA PRODUCTION LTD.,Benjamin Compressor Station 16-28-028-08W5,Calgary,AB,,51.42938,-115.05918,Oil and gas extraction,PM2.5 - Particulate Matter <= 2.5 Micrometers,tonnes,0.1386
2021,PIERIDAE ALBERTA PRODUCTION LTD.,Lynx,Calgary,AB,,54.1757,-119.5344,Oil and gas extraction,PM2.5 - Particulate Matter <= 2.5 Micrometers,tonnes,0.1404
2021,Journey Energy Inc.,Herronton 01-15-019-25 W4,Calgary,AB,,50.6022,-113.3838,Oil and gas extraction,PM2.5 - Particulate Matter <= 2.5 Micrometers,tonnes,0.1405
2021,Obsidian Energy Ltd.,Willesden Green Sweet Gas Plant 13-27,Calgary,AB,,52.6504,-115.0808,Oil and gas extraction,PM2.5 - Particulate Matter <= 2.5 Micrometers,tonnes,0.1414
2021,Tourmaline Oil Corp,Aitken Comp Stn a-011-A,Calgary,BC,,57.01042,-122.00312,Oil and gas extraction,PM2.5 - Particulate Matter <= 2.5 Micrometers,tonnes,0.1439
2021,Obsidian Energy Ltd.,Seal Bitumen Battery 12-25,Calgary,AB,,56.139855,-116.685909,Oil and gas extraction,PM2.5 - Particulate Matter <= 2.5 Micrometers,tonnes,0.146
2021,Obsidian Energy Ltd.,Seal Bitumen Battery 02-34,Calgary,AB,,56.14709,-116.72523,Oil and gas extraction,PM2.5 - Particulate Matter <= 2.5 Micrometers,tonnes,0.1465
2021,Tourmaline Oil Corp,Sunrise 15-34-079-17-W6,Calgary,BC,,55.89665,-120.56939,Oil and gas extraction,PM2.5 - Particulate Matter <= 2.5 Micrometers,tonnes,0.1471
2021,BURNCO Rock Products Ltd,Springbank Aggregate,Calgary,AB,T3Z 3N4,51.07474,-114.24676,Non-metallic mineral mining and quarrying,PM2.5 - Particulate Matter <= 2.5 Micrometers,tonnes,0.148
2021,Kelt Exploration,Chicken Gas Battery 10-08-062-07W6,Calgary,AB,T2P 4M9,54.35038,-119.0092,Oil and gas extraction,PM2.5 - Particulate Matter <= 2.5 Micrometers,tonnes,0.14904
2021,Blue Sky Resources Ltd.,"TAQA GGS 16-33-46-16W5	",Calgary,AB,,53.0139,-116.2586,Oil and gas extraction,PM2.5 - Particulate Matter <= 2.5 Micrometers,tonnes,0.154
2021,Obsidian Energy Ltd.,Seal Bitumen Battery 13-13,Calgary,AB,,56.288299,-116.87046,Oil and gas extraction,PM2.5 - Particulate Matter <= 2.5 Micrometers,tonnes,0.1547
2021,Strathcona Resources Ltd.,Jayar 14-29,Calgary,AB,,54.309734,-118.417199,Oil and gas extraction,PM2.5 - Particulate Matter <= 2.5 Micrometers,tonnes,0.1606
2021,Tourmaline Oil Corp,Smoky 01-12-058-02-W6,Calgary,AB,,53.99404,-118.151921,Oil and gas extraction,PM2.5 - Particulate Matter <= 2.5 Micrometers,tonnes,0.1606
2021,Obsidian Energy Ltd.,Seal Bitumen Battery 16-13,Calgary,AB,,56.28828,-116.851,Oil and gas extraction,PM2.5 - Particulate Matter <= 2.5 Micrometers,tonnes,0.1607
2021,PIERIDAE ALBERTA PRODUCTION LTD.,Findley 13-26-58-7W6/2,Calgary,AB,,54.041756,-118.923747,Oil and gas extraction,PM2.5 - Particulate Matter <= 2.5 Micrometers,tonnes,0.1623
2021,PIERIDAE ALBERTA PRODUCTION LTD.,Shell Canada Limited 04-10,Calgary,AB,,49.365,-114.201,Oil and gas extraction,PM2.5 - Particulate Matter <= 2.5 Micrometers,tonnes,0.1826
2021,Obsidian Energy Ltd.,Seal Bitumen Battery 16-01,Calgary,AB,,56.17193,-116.693027,Oil and gas extraction,PM2.5 - Particulate Matter <= 2.5 Micrometers,tonnes,0.1855
2021,Obsidian Energy Ltd.,Seal Bitumen Battery 09-25,Calgary,AB,,56.139843,-116.66657,Oil and gas extraction,PM2.5 - Particulate Matter <= 2.5 Micrometers,tonnes,0.1882
2021,Obsidian Energy Ltd.,West Seal In Situ Battery 13-06,Calgary,AB,,56.17303,-116.68611,Oil and gas extraction,PM2.5 - Particulate Matter <= 2.5 Micrometers,tonnes,0.1901
2021,Tourmaline Oil Corp,Black Conroy Comp Stn b-094-J/094-H-05,Calgary,BC,,57.4936,-121.6733,Oil and gas extraction,PM2.5 - Particulate Matter <= 2.5 Micrometers,tonnes,0.1924
2021,Tourmaline Oil Corp,Devon Mirage 10-03,Calgary,AB,,55.81986,-119.00207,Oil and gas extraction,PM2.5 - Particulate Matter <= 2.5 Micrometers,tonnes,0.2043
2021,PIERIDAE ALBERTA PRODUCTION LTD.,Stolberg 15-21 Battery,Calgary,AB,,52.6395,-116.099,Oil and gas extraction,PM2.5 - Particulate Matter <= 2.5 Micrometers,tonnes,0.2074
2021,BURNCO Rock Products Ltd,BLV Aggregate,Calgary,AB,T3R 1J3,51.1648,-114.21755,Non-metallic mineral mining and quarrying,PM2.5 - Particulate Matter <= 2.5 Micrometers,tonnes,0.2076
2021,Chemtrade Logistics Inc.,Chemtrade - Calgary,Calgary,AB,T2C 2V1,50.9953,-113.9738,Basic chemical manufacturing,PM2.5 - Particulate Matter <= 2.5 Micrometers,tonnes,0.21
2021,NTE Energy Canada Ltd,Willesden Green 01-25 Battery,Calgary,AB,T2P 1E5,52.64134,-115.15589,Oil and gas extraction,PM2.5 - Particulate Matter <= 2.5 Micrometers,tonnes,0.2105
2021,Journey Energy Inc.,Countess 10-04-021-16W4,Calgary,AB,,53.034063,-114.376496,Oil and gas extraction,PM2.5 - Particulate Matter <= 2.5 Micrometers,tonnes,0.2145
2021,Obsidian Energy Ltd.,Seal Bitumen Battery 04-19,Calgary,AB,,56.117985,-116.659804,Oil and gas extraction,PM2.5 - Particulate Matter <= 2.5 Micrometers,tonnes,0.2146
2021,Obsidian Energy Ltd.,Pembalta #7 Sour Gas Plant 04-34,Calgary,AB,,53.0904,-115.245,Oil and gas extraction,PM2.5 - Particulate Matter <= 2.5 Micrometers,tonnes,0.2155
2021,BURNCO Rock Products Ltd,Shepard Asphalt,Calgary,AB,T2C 4P1,50.967904,-113.988729,Petroleum and coal product manufacturing,PM2.5 - Particulate Matter <= 2.5 Micrometers,tonnes,0.221
2021,Axiom Oil and Gas Inc.,Holden 09-19-048-16W4M (ABGS0002487),Calgary,AB,,53.1559,-112.3267,Oil and gas extraction,PM2.5 - Particulate Matter <= 2.5 Micrometers,tonnes,0.2227
2021,Shield Energy Ltd.,Shield 11-11-73-12W6 Proration Bty,Calgary,AB,T2P 3G2,55.310493,-119.733914,Oil and gas extraction,PM2.5 - Particulate Matter <= 2.5 Micrometers,tonnes,0.22854
2021,Obsidian Energy Ltd.,HV South Bitumen Battery 16-13,Calgary,AB,,56.11299,-116.66849,Oil and gas extraction,PM2.5 - Particulate Matter <= 2.5 Micrometers,tonnes,0.2392
2021,Spur Petroleum Ltd.,Simonette OBty 5-7,Calgary,AB,,54.34677,-117.74779,Oil and gas extraction,PM2.5 - Particulate Matter <= 2.5 Micrometers,tonnes,0.2434
2021,Obsidian Energy Ltd.,Harmon Valley Bitumen Battery 12-13,Calgary,AB,,56.11157,-116.68368,Oil and gas extraction,PM2.5 - Particulate Matter <= 2.5 Micrometers,tonnes,0.2457
2021,Certus Oil and Gas Inc.,Gilby Office 02-35-40-02W5,Calgary,AB,T2P 3M3,52.4793,-114.1782,Oil and gas extraction,PM2.5 - Particulate Matter <= 2.5 Micrometers,tonnes,0.2507
2021,Obsidian Energy Ltd.,West Seal Bitumen Battery 14-05,Calgary,AB,,56.17345,-116.65023,Oil and gas extraction,PM2.5 - Particulate Matter <= 2.5 Micrometers,tonnes,0.255
2021,Obsidian Energy Ltd.,Perl Harvard Bigoray,Calgary,AB,,53.47389,-115.0996,Oil and gas extraction,PM2.5 - Particulate Matter <= 2.5 Micrometers,tonnes,0.2624
2021,Journey Energy Inc.,Countess 08-36-020-16 W4,Calgary,AB,,50.7374,-112.0849,Oil and gas extraction,PM2.5 - Particulate Matter <= 2.5 Micrometers,tonnes,0.2656
2021,PIERIDAE ALBERTA PRODUCTION LTD.,Findley 09-24,Calgary,AB,,53.9431,-118.7466,Oil and gas extraction,PM2.5 - Particulate Matter <= 2.5 Micrometers,tonnes,0.2737
2021,PIERIDAE ALBERTA PRODUCTION LTD.,Mclean Creek Dehy 16-09-022-06W5,Calgary,AB,,50.8618,-114.7677,Oil and gas extraction,PM2.5 - Particulate Matter <= 2.5 Micrometers,tonnes,0.3128
2021,Journey Energy Inc.,PEMBINA 12-31-048-04 W5,Calgary,AB,,53.18677,-114.58241,Oil and gas extraction,PM2.5 - Particulate Matter <= 2.5 Micrometers,tonnes,0.3186
2021,Ember Resources Inc.,Goose Quill 02-12-36-23-W4M,Calgary,AB,T2P 4H2,52.07039,-113.15751,Oil and gas extraction,PM2.5 - Particulate Matter <= 2.5 Micrometers,tonnes,0.32
2021,Ember Resources Inc.,7-34-042-24W4 Nevis North,Calgary,AB,T2P 4H2,52.657342,-113.371857,"Support activities for mining, and oil and gas extraction",PM2.5 - Particulate Matter <= 2.5 Micrometers,tonnes,0.32
2021,The Calgary Airport Authority,THE CALGARY AIRPORT AUTHORITY - CALGARY,Calgary,AB,T2E 6W5,51.1307,-114.009,Scheduled air transportation,PM2.5 - Particulate Matter <= 2.5 Micrometers,tonnes,0.32166
2021,Obsidian Energy Ltd.,West Seal Battery 11-26,Calgary,AB,,56.139862,-116.70557,Oil and gas extraction,PM2.5 - Particulate Matter <= 2.5 Micrometers,tonnes,0.3253
2021,City of Calgary,Spyhill Landfill,Calgary,AB,T3R 1R8,51.1543,-114.18442,Waste treatment and disposal,PM2.5 - Particulate Matter <= 2.5 Micrometers,tonnes,0.33
2021,Obsidian Energy Ltd.,West Seal Bitumen Battery 13-30,Calgary,AB,,56.143457,-116.659802,Oil and gas extraction,PM2.5 - Particulate Matter <= 2.5 Micrometers,tonnes,0.3308
2021,Obsidian Energy Ltd.,West Seal Cadotte Bitumen Battery 14-25,Calgary,AB,,56.143464,-116.679462,Oil and gas extraction,PM2.5 - Particulate Matter <= 2.5 Micrometers,tonnes,0.3333
2021,Obsidian Energy Ltd.,Seal Bitumen Battery 13-05,Calgary,AB,,56.171945,-116.659717,Oil and gas extraction,PM2.5 - Particulate Matter <= 2.5 Micrometers,tonnes,0.3338
2021,Tourmaline Oil Corp,Kakwa Oil Battery 07-22-061-05W6,Calgary,AB,,54.28785,-118.65663,Oil and gas extraction,PM2.5 - Particulate Matter <= 2.5 Micrometers,tonnes,0.3398
2021,Enerplus Corporation,Wildmere Sweet Gas Plant 05-24,Calgary,AB,T2P 2Z1,53.0648,-110.6089,Oil and gas extraction,PM2.5 - Particulate Matter <= 2.5 Micrometers,tonnes,0.34256
2021,Baytex Energy Ltd,Kerrobert Viking Compressor Station 09-30-032-25W3,Calgary,SK,T2P 0R3,51.77423,-109.5276,Oil and gas extraction,PM2.5 - Particulate Matter <= 2.5 Micrometers,tonnes,0.34432
2021,Spur Petroleum Ltd.,N. Plato 03-13-27-18,Calgary,SK,,51.30186,-108.4091,Oil and gas extraction,PM2.5 - Particulate Matter <= 2.5 Micrometers,tonnes,0.3449
2021,PIERIDAE ALBERTA PRODUCTION LTD.,Findley 8-24,Calgary,AB,,53.941358,-118.745552,Oil and gas extraction,PM2.5 - Particulate Matter <= 2.5 Micrometers,tonnes,0.3465
2021,XTO Energy Canada ULC,04-27 Compressor Station,Calgary,AB,T2C 5N1,54.299695,-118.371709,Oil and gas extraction,PM2.5 - Particulate Matter <= 2.5 Micrometers,tonnes,0.3491
2021,City of Calgary,Shepard Landfill,Calgary,AB,T3N 1B6,50.9505,-113.958,Waste treatment and disposal,PM2.5 - Particulate Matter <= 2.5 Micrometers,tonnes,0.35
2021,Tourmaline Oil Corp,Duvernay Fir Central 09-29-057-21-W5,Calgary,AB,,53.9575,-117.0766,Oil and gas extraction,PM2.5 - Particulate Matter <= 2.5 Micrometers,tonnes,0.3509
2021,Tourmaline Oil Corp,Tourmaline Berland Gas Plant (14-15-059-24-W5M),Calgary,AB,,54.106806,-117.516746,Oil and gas extraction,PM2.5 - Particulate Matter <= 2.5 Micrometers,tonnes,0.3554
2021,Certus Oil and Gas Inc.,Med River 06-18-39-03-5,Calgary,AB,T2P 3M3,52.35503,-114.42308,Oil and gas extraction,PM2.5 - Particulate Matter <= 2.5 Micrometers,tonnes,0.3628
2021,Journey Energy Inc.,Niton 14-05-055-11W5,Calgary,AB,,53.7284,-115.6025,Oil and gas extraction,PM2.5 - Particulate Matter <= 2.5 Micrometers,tonnes,0.3736
2021,XTO Energy Canada ULC,South Kaybob 02-20,Calgary,AB,T2C 5N1,54.19755,-116.80826,Oil and gas extraction,PM2.5 - Particulate Matter <= 2.5 Micrometers,tonnes,0.3822
2021,PIERIDAE ALBERTA PRODUCTION LTD.,Jumping Pound 14-32-025-06W5 CS,Calgary,AB,,51.1815,-114.806,Oil and gas extraction,PM2.5 - Particulate Matter <= 2.5 Micrometers,tonnes,0.389
2021,Zargon Oil and Gas Ltd.,Zargon Retlaw 00-14-11-008-17W4,Calgary,AB,,49.638449,-112.208774,Oil and gas extraction,PM2.5 - Particulate Matter <= 2.5 Micrometers,tonnes,0.396008
2021,Federated Co-operatives Limited,Calgary Feed Plant,Calgary,AB,T2P 2P4,51.06074,-113.99509,Animal food manufacturing,PM2.5 - Particulate Matter <= 2.5 Micrometers,tonnes,0.399
2021,CANAM B�timents et Structures inc.,Calgary,Calgary,AB,T2H 0N2,51.00529,-114.05857,Architectural and structural metals manufacturing,PM2.5 - Particulate Matter <= 2.5 Micrometers,tonnes,0.4
2021,PIERIDAE ALBERTA PRODUCTION LTD.,ekwan,Calgary,BC,,58.8311,-121.3859,Oil and gas extraction,PM2.5 - Particulate Matter <= 2.5 Micrometers,tonnes,0.4122
2021,Ember Resources Inc.,Keivers Lake 13-32-31-25-W4M,Calgary,AB,T2P 4H2,51.70655,-113.5237,Oil and gas extraction,PM2.5 - Particulate Matter <= 2.5 Micrometers,tonnes,0.42
2021,Blue Sky Resources Ltd.,Pengrowth Panny (00-03-11-096-06W5),Calgary,AB,,57.3092,-114.8563,Oil and gas extraction,PM2.5 - Particulate Matter <= 2.5 Micrometers,tonnes,0.42758
2021,Spur Petroleum Ltd.,N. Plato 1-14-27-18,Calgary,SK,,51.30187,-108.421,Oil and gas extraction,PM2.5 - Particulate Matter <= 2.5 Micrometers,tonnes,0.4298
2021,Taqa North Ltd.,LPC Compressor Station COM /06-23-030-28W4/ 00,Calgary,AB,T2P 0H7,51.5816,-113.8404,Oil and gas extraction,PM2.5 - Particulate Matter <= 2.5 Micrometers,tonnes,0.455
2021,Obsidian Energy Ltd.,Seal Bitumen Battery 15-01,Calgary,AB,,56.171937,-116.69947,Oil and gas extraction,PM2.5 - Particulate Matter <= 2.5 Micrometers,tonnes,0.464
2021,Spur Petroleum Ltd.,N. Plato 16-01-27-18,Calgary,SK,,51.2836,-108.3976,Oil and gas extraction,PM2.5 - Particulate Matter <= 2.5 Micrometers,tonnes,0.4643
2021,Spur Petroleum Ltd.,N. Plato 01-18-027-17W3,Calgary,SK,,51.30187,-108.3741,Oil and gas extraction,PM2.5 - Particulate Matter <= 2.5 Micrometers,tonnes,0.4776
2021,Zargon Oil and Gas Ltd.,Rhodie Bellshill Lake 4-31 (00-04-36-041-13W4),Calgary,AB,,52.56678,-111.753089,Oil and gas extraction,PM2.5 - Particulate Matter <= 2.5 Micrometers,tonnes,0.491586
2021,City of Calgary,East Calgary Landfill,Calgary,AB,T2E 2N1,51.0265,-113.9419,Waste treatment and disposal,PM2.5 - Particulate Matter <= 2.5 Micrometers,tonnes,0.51
2021,Tourmaline Oil Corp,Oldman 10-24,Calgary,AB,,53.8556,-116.9836,Oil and gas extraction,PM2.5 - Particulate Matter <= 2.5 Micrometers,tonnes,0.523
2021,Tourmaline Oil Corp,Obed 01-21,Calgary,AB,,53.761093,-117.349179,Oil and gas extraction,PM2.5 - Particulate Matter <= 2.5 Micrometers,tonnes,0.5268
2021,Obsidian Energy Ltd.,Harmon Valley SAGD South Pilot 07-06,Calgary,AB,,56.164712,-116.673082,Oil and gas extraction,PM2.5 - Particulate Matter <= 2.5 Micrometers,tonnes,0.5359
2021,Journey Energy Inc.,Journey 06-01-046-02 W5,Calgary,AB,,52.9362,-114.1609,Oil and gas extraction,PM2.5 - Particulate Matter <= 2.5 Micrometers,tonnes,0.5412
2021,Spur Petroleum Ltd.,4-13-27-18W3 Oil Batteries,Calgary,SK,,51.30187,-108.4149,Oil and gas extraction,PM2.5 - Particulate Matter <= 2.5 Micrometers,tonnes,0.5472
2021,Certus Oil and Gas Inc.,Gilby Gas Plant 05-05-040-03W5,Calgary,AB,T2P 3M3,52.4129,-114.4076,Oil and gas extraction,PM2.5 - Particulate Matter <= 2.5 Micrometers,tonnes,0.5498
2021,PIERIDAE ALBERTA PRODUCTION LTD.,Moose Mountain Compressor Station,Calgary,AB,T2P 4V8,50.8894,-114.7618,Oil and gas extraction,PM2.5 - Particulate Matter <= 2.5 Micrometers,tonnes,0.56
2021,Obsidian Energy Ltd.,West Seal Bitumen Battery 15-06,Calgary,AB,,56.17337,-116.67563,Oil and gas extraction,PM2.5 - Particulate Matter <= 2.5 Micrometers,tonnes,0.5727
2021,Tourmaline Oil Corp,Tourmaline Ansell Plant (01-34-51-18 W5M),Calgary,AB,,53.44643,-116.545029,Oil and gas extraction,PM2.5 - Particulate Matter <= 2.5 Micrometers,tonnes,0.5751
2021,Zargon Oil and Gas Ltd.,Coseka Little Bow (00-04-25-014-19W4),Calgary,AB,T2P 0H3,50.195428,-112.481181,Oil and gas extraction,PM2.5 - Particulate Matter <= 2.5 Micrometers,tonnes,0.577664
2021,Ember Resources Inc.,Lamerton 06-15-42-20-W4M,Calgary,AB,T2P 4H2,52.61415,-112.8029,Oil and gas extraction,PM2.5 - Particulate Matter <= 2.5 Micrometers,tonnes,0.58
2021,Zargon Oil and Gas Ltd.,TAQA LAPRISE B-40-E/94-H-5,Calgary,BC,T2P 1K3,57.3604,-121.9969,Oil and gas extraction,PM2.5 - Particulate Matter <= 2.5 Micrometers,tonnes,0.58198
2021,Ember Resources Inc.,8-22-026-26W4,Calgary,AB,T2P 4H2,51.72318,-113.6176,Oil and gas extraction,PM2.5 - Particulate Matter <= 2.5 Micrometers,tonnes,0.6
2021,Moore's Industrial Service Ltd.,Moore's Industrial Service Ltd.,Calgary,AB,T2E 7P6,51.079128,-114.01533,"Coating, engraving, cold and heat treating and allied activities",PM2.5 - Particulate Matter <= 2.5 Micrometers,tonnes,0.6111
2021,PIERIDAE ALBERTA PRODUCTION LTD.,Palliser,Calgary,AB,,54.3245,-119.8158,Oil and gas extraction,PM2.5 - Particulate Matter <= 2.5 Micrometers,tonnes,0.6169
2021,i3 Energy Canada Ltd.,Leedale Gas Plant 9-21-43-4W5M,Calgary,AB,,52.9582,-114.6799,Oil and gas extraction,PM2.5 - Particulate Matter <= 2.5 Micrometers,tonnes,0.648564
2021,XTO Energy Canada ULC,XTO 15-25-62-22-W5 GAS MULTIWELL BATT,Calgary,AB,T2C 5N1,54.39885,-117.16219,Oil and gas extraction,PM2.5 - Particulate Matter <= 2.5 Micrometers,tonnes,0.6544
2021,Spur Petroleum Ltd.,Marten Hills 01-20-74-24W4,Calgary,AB,,55.419124,-113.650568,Oil and gas extraction,PM2.5 - Particulate Matter <= 2.5 Micrometers,tonnes,0.6556
2021,City of Calgary,Fish Creek Wastewater Treatment Plant,Calgary,AB,T2J 5Z1,50.9127,-114.0118,"Water, sewage and other systems",PM2.5 - Particulate Matter <= 2.5 Micrometers,tonnes,0.66
2021,Obsidian Energy Ltd.,Pembalta #8 Sour Gas Plant 05-05,Calgary,AB,,53.1939,-115.2919,Oil and gas extraction,PM2.5 - Particulate Matter <= 2.5 Micrometers,tonnes,0.6649
2021,Moore's Industrial Service Ltd.,Moore's Industrial Service Ltd.,Calgary,AB,T2E 6V8,51.082,-114.006,"Coating, engraving, cold and heat treating and allied activities",PM2.5 - Particulate Matter <= 2.5 Micrometers,tonnes,0.6773
2021,Ember Resources Inc.,08-28-26-27-W4M Keoma Direct,Calgary,AB,T2P 4H2,51.245899,-113.703003,"Support activities for mining, and oil and gas extraction",PM2.5 - Particulate Matter <= 2.5 Micrometers,tonnes,0.69
2021,Tourmaline Oil Corp,Tourmaline Edson Gas Plant (04-17-051-18-W5M),Calgary,AB,,52.874467,-116.029179,Oil and gas extraction,PM2.5 - Particulate Matter <= 2.5 Micrometers,tonnes,0.7189
2021,PIERIDAE ALBERTA PRODUCTION LTD.,Shell Canada Limited 03-13,Calgary,AB,,51.126,-114.714,Oil and gas extraction,PM2.5 - Particulate Matter <= 2.5 Micrometers,tonnes,0.7273
2021,Obsidian Energy Ltd.,Esther Multi-well Oil Battery 07-34,Calgary,AB,,51.7845,-110.0569,Oil and gas extraction,PM2.5 - Particulate Matter <= 2.5 Micrometers,tonnes,0.7474
2021,Zargon Oil and Gas Ltd.,Mission Tabers (00-14-11-008-17W4),Calgary,AB,,49.78,-112.15,Oil and gas extraction,PM2.5 - Particulate Matter <= 2.5 Micrometers,tonnes,0.756039
2021,Tallahassee Exploration Inc.,Steen River Gas Plant,Calgary,AB,T2P 0M5,59.6018,-117.4097,Oil and gas extraction,PM2.5 - Particulate Matter <= 2.5 Micrometers,tonnes,0.76
2021,Obsidian Energy Ltd.,Willesden Green Sweet Gas Plant 14-01,Calgary,AB,,52.5941,-114.8793,Oil and gas extraction,PM2.5 - Particulate Matter <= 2.5 Micrometers,tonnes,0.7644
2021,Cintas Canada Limited,Cintas Calgary (23rd Ave),Calgary,AB,T2G 5S5,51.032,-114.035,Dry cleaning and laundry services,PM2.5 - Particulate Matter <= 2.5 Micrometers,tonnes,0.786
2021,Zargon Oil and Gas Ltd.,Crestar Little Bow (00-16-31-014-18W4),Calgary,AB,,50.220749,-112.441573,Oil and gas extraction,PM2.5 - Particulate Matter <= 2.5 Micrometers,tonnes,0.789776
2021,Tourmaline Oil Corp,Lynx 01-24-060-08 W6M,Calgary,AB,,54.1989,-119.0529,Oil and gas extraction,PM2.5 - Particulate Matter <= 2.5 Micrometers,tonnes,0.7898
2021,Ember Resources Inc.,Goose Quill 01-32-35-22W4 ,Calgary,AB,T2P 4H2,52.0429,-113.103151,Oil and gas extraction,PM2.5 - Particulate Matter <= 2.5 Micrometers,tonnes,0.79
2021,Tourmaline Oil Corp,Tourmaline Med Lodge Gas Plant (14-03-052-23W5),Calgary,SK,,49.51922,-101.41762,Oil and gas extraction,PM2.5 - Particulate Matter <= 2.5 Micrometers,tonnes,0.7947
2021,Ember Resources Inc.,Equity 09-33-32-22-W4M ,Calgary,AB,T2P 4H2,51.78771,-113.0538,Oil and gas extraction,PM2.5 - Particulate Matter <= 2.5 Micrometers,tonnes,0.82
2021,Obsidian Energy Ltd.,Pembina Sweet Gas Plant 09-17,Calgary,AB,,53.254,-114.4379,Oil and gas extraction,PM2.5 - Particulate Matter <= 2.5 Micrometers,tonnes,0.8244
2021,Ember Resources Inc.,4-23-34-23W4,Calgary,AB,,51.92753,-113.1671,Oil and gas extraction,PM2.5 - Particulate Matter <= 2.5 Micrometers,tonnes,0.84
2021,NuVista Energy Ltd.,Pipestone North 16-28-71-09W6 GS,Calgary,AB,T2P 1G1,55.18332,-119.31112,Oil and gas extraction,PM2.5 - Particulate Matter <= 2.5 Micrometers,tonnes,0.84686
2021,Journey Energy Inc.,THUNDER MATZIWIN 13-36,Calgary,AB,,51.00676,-111.83832,Oil and gas extraction,PM2.5 - Particulate Matter <= 2.5 Micrometers,tonnes,0.854
2021,Blue Sky Resources Ltd.,Highwood Senex (02-02-22-094-04W5),Calgary,AB,,56.54,-115.256,Oil and gas extraction,PM2.5 - Particulate Matter <= 2.5 Micrometers,tonnes,0.868353
2021,XTO Energy Canada ULC,Fir 01-32,Calgary,AB,T2C 5N1,54.13815,-117.25256,Oil and gas extraction,PM2.5 - Particulate Matter <= 2.5 Micrometers,tonnes,0.888
2021,Target Products Ltd.,Calgary Bag Plant,Calgary,AB,T2C 2J2,50.97294,-113.959812,Cement and concrete product manufacturing,PM2.5 - Particulate Matter <= 2.5 Micrometers,tonnes,0.9069
2021,Obsidian Energy Ltd.,Esther Sweet Gas Plant 13-19,Calgary,AB,,51.7626,-110.1397,Oil and gas extraction,PM2.5 - Particulate Matter <= 2.5 Micrometers,tonnes,0.9076
2021,Tourmaline Oil Corp,Mulligan Fourth Creek 15-13-082-09-W6,Calgary,AB,,56.1157,-119.2621,Oil and gas extraction,PM2.5 - Particulate Matter <= 2.5 Micrometers,tonnes,0.9204
2021,Taqa North Ltd.,PCR FERRIER 7-16 COMP.,Calgary,AB,T2P 0H7,52.70332,-115.39141,Oil and gas extraction,PM2.5 - Particulate Matter <= 2.5 Micrometers,tonnes,0.923662
2021,Tourmaline Oil Corp,Kakwa Gas Battery 04-26-061-05W6,Calgary,AB,,54.3025,-118.6442,Oil and gas extraction,PM2.5 - Particulate Matter <= 2.5 Micrometers,tonnes,0.9454
2021,Blue Sky Resources Ltd.,"MARK ET AL WEMBLEY 16-24-72-7W6	",Calgary,AB,,55.5,-119.18,Oil and gas extraction,PM2.5 - Particulate Matter <= 2.5 Micrometers,tonnes,0.949457
2021,Journey Energy Inc.,Calcrude Cherhill 04-24-056-05 W5,Calgary,AB,,53.847,-114.6194,Oil and gas extraction,PM2.5 - Particulate Matter <= 2.5 Micrometers,tonnes,0.9763
2021,Tourmaline Oil Corp,Tourmaline Wildhay Gas Plant (11-16-055-24 W5M),Calgary,AB,,53.75512,-117.50988,Oil and gas extraction,PM2.5 - Particulate Matter <= 2.5 Micrometers,tonnes,0.9782
2021,Tourmaline Oil Corp,Tourmaline Anderson Gas Plant (01-09-051-24 W5M),Calgary,AB,,53.38259,-117.4668,Oil and gas extraction,PM2.5 - Particulate Matter <= 2.5 Micrometers,tonnes,1.0009
2021,Strathcona Resources Ltd.,Jayar 09-03-062-03W6,Calgary,AB,,54.27501,-118.41398,Oil and gas extraction,PM2.5 - Particulate Matter <= 2.5 Micrometers,tonnes,1.0314
2021,PIERIDAE ALBERTA PRODUCTION LTD.,Chungo Compressor Station 05-26-043-18W5,Calgary,AB,,52.73244,-116.51295,Oil and gas extraction,PM2.5 - Particulate Matter <= 2.5 Micrometers,tonnes,1.036
2021,Tourmaline Oil Corp,Tourmaline 12-06-081-07-W6,Calgary,AB,,55.99437,-119.093254,Oil and gas extraction,PM2.5 - Particulate Matter <= 2.5 Micrometers,tonnes,1.0972
2021,Tourmaline Oil Corp,Kakwa Gas Plant 07-09-062-08 W6M,Calgary,AB,,54.346751,-119.134195,Oil and gas extraction,PM2.5 - Particulate Matter <= 2.5 Micrometers,tonnes,1.1436
2021,Loyal Energy (Canada) Operating Ltd.,Lookout Butte 4-13,Calgary,AB,T2P 0G5,49.1181,-113.6371,Oil and gas extraction,PM2.5 - Particulate Matter <= 2.5 Micrometers,tonnes,1.1668
2021,University of Calgary,Central Heating and Cooling Plant,Calgary,AB,T2N 1N4,51.0749,-114.1387,Universities,PM2.5 - Particulate Matter <= 2.5 Micrometers,tonnes,1.199
2021,THE CITY OF CALGARY,Spyhill Gravel Pit,Calgary,AB,T2P 2M5,51.1542,-114.1877,Non-metallic mineral mining and quarrying,PM2.5 - Particulate Matter <= 2.5 Micrometers,tonnes,1.233
2021,Obsidian Energy Ltd.,Seal Bitumen Battery 16-23,Calgary,AB,,56.3028,-116.2447,Oil and gas extraction,PM2.5 - Particulate Matter <= 2.5 Micrometers,tonnes,1.2692
2021,Tourmaline Oil Corp,Birley Umbach A-072-F/094-H-03,Calgary,BC,,57.49334,-121.67716,Oil and gas extraction,PM2.5 - Particulate Matter <= 2.5 Micrometers,tonnes,1.3173
2021,Tourmaline Oil Corp,Tourmaline Columbia Gas Plant (15-36-044-15 W5M),Calgary,AB,,52.83944,-116.03732,Oil and gas extraction,PM2.5 - Particulate Matter <= 2.5 Micrometers,tonnes,1.3496
2021,Obsidian Energy Ltd.,Bigoray Sour Gas Plant 06-28,Calgary,AB,,53.4287,-115.1258,Oil and gas extraction,PM2.5 - Particulate Matter <= 2.5 Micrometers,tonnes,1.3543
2021,Tourmaline Oil Corp,Tourmaline Cecilia Gas Plant (15-04-058-23 W5M),Calgary,AB,,53.990234,-117.355302,Oil and gas extraction,PM2.5 - Particulate Matter <= 2.5 Micrometers,tonnes,1.4174
2021,Canadian Linen & Uniform Service,Canadian Linen & Uniform Service - D11,Calgary,AB,T2G 4B6,51.01298,-114.05185,Dry cleaning and laundry services,PM2.5 - Particulate Matter <= 2.5 Micrometers,tonnes,1.42
2021,Tourmaline Oil Corp,Harley 08-10-057-27-W5,Calgary,AB,,53.9101,-117.9189,Oil and gas extraction,PM2.5 - Particulate Matter <= 2.5 Micrometers,tonnes,1.4441
2021,Tourmaline Oil Corp,Kakwa Gas Processing 01-35-060-05W6,Calgary,AB,,54.2268,-118.6281,Oil and gas extraction,PM2.5 - Particulate Matter <= 2.5 Micrometers,tonnes,1.4529
2021,PIERIDAE ALBERTA PRODUCTION LTD.,Limestone CS 05-12,Calgary,AB,,51.815,-115.296,Oil and gas extraction,PM2.5 - Particulate Matter <= 2.5 Micrometers,tonnes,1.4556
2021,Alberta Distillers Ltd.,ALBERTA DISTILLERS,Calgary,AB,T2H 1X1,51.02277,-114.02766,Beverage manufacturing,PM2.5 - Particulate Matter <= 2.5 Micrometers,tonnes,1.49
2021,Tourmaline Oil Corp,Tourmaline Hinton Gas Plant (06-32-51-25 W5M),Calgary,AB,,53.44318,-117.6554,Oil and gas extraction,PM2.5 - Particulate Matter <= 2.5 Micrometers,tonnes,1.56749
2021,Ember Resources Inc.,Wimborne 11-21-33-27-W4M ,Calgary,AB,T2P 4H2,51.84622,-113.7738,Oil and gas extraction,PM2.5 - Particulate Matter <= 2.5 Micrometers,tonnes,1.57
2021,THE CITY OF CALGARY,Manchester Asphalt Plant,Calgary,AB,T2P 2M5,51.0288,-114.0448,Petroleum and coal product manufacturing,PM2.5 - Particulate Matter <= 2.5 Micrometers,tonnes,1.581
2021,Blue Sky Resources Ltd.,Pengrowth Senex 5-17 Central ABBT8340031,Calgary,AB,,57.0661,-114.7775,Oil and gas extraction,PM2.5 - Particulate Matter <= 2.5 Micrometers,tonnes,1.672471
2021,Spur Petroleum Ltd.,Nipisi 09-10-077-07W5,Calgary,AB,,55.65943,-114.9881,Oil and gas extraction,PM2.5 - Particulate Matter <= 2.5 Micrometers,tonnes,1.6945
2021,Enercapita Energy Ltd.,Boundary Lake 10-19-086-11 W6M,Calgary,AB,T2P 3A8,56.4739,-119.7222,Oil and gas extraction,PM2.5 - Particulate Matter <= 2.5 Micrometers,tonnes,1.7021
2021,XTO Energy Canada ULC,Resthaven 02-10,Calgary,AB,T2C 5N1,54.1704,-118.05982,Oil and gas extraction,PM2.5 - Particulate Matter <= 2.5 Micrometers,tonnes,1.7095
2021,Spur Petroleum Ltd.,Marten Hills 16-13-73-25W4 MWB,Calgary,AB,,55.32804,-113.7,Oil and gas extraction,PM2.5 - Particulate Matter <= 2.5 Micrometers,tonnes,1.7113
2021,Tourmaline Oil Corp,Martin Creek Sour Gas Plant b-002-E/094-H-06,Calgary,BC,,57.3353,-121.3979,Oil and gas extraction,PM2.5 - Particulate Matter <= 2.5 Micrometers,tonnes,1.7438
2021,Spur Petroleum Ltd.,Marten Hills 12-15-74-24W4,Calgary,AB,,55.411859,-113.618513,Oil and gas extraction,PM2.5 - Particulate Matter <= 2.5 Micrometers,tonnes,1.7779
2021,Ember Resources Inc.,Entice Sweet Gas Plant 05-31,Calgary,AB,T2P 2S5,51.3487,-113.6586,Oil and gas extraction,PM2.5 - Particulate Matter <= 2.5 Micrometers,tonnes,1.9
2021,Journey Energy Inc.,Genesee 05-30-049-03 W5,Calgary,AB,,53.2561,-114.4372,Oil and gas extraction,PM2.5 - Particulate Matter <= 2.5 Micrometers,tonnes,1.9065
2021,Spur Petroleum Ltd.,Nipisi 16-02-076-06W5,Calgary,AB,,55.56177,-114.8056,Oil and gas extraction,PM2.5 - Particulate Matter <= 2.5 Micrometers,tonnes,1.9149
2021,Lafarge Canada Inc. - WEST,"Lafarge Canada, Inc., Greater Calgary, Spy Hill Aggregates",Calgary,AB,T3R 1J3,51.1765,-114.1949,Non-metallic mineral mining and quarrying,PM2.5 - Particulate Matter <= 2.5 Micrometers,tonnes,1.93
2021,Tourmaline Oil Corp,Spirit River 13-28-78-8w6 GGS,Calgary,AB,,55.79411,-119.18634,Oil and gas extraction,PM2.5 - Particulate Matter <= 2.5 Micrometers,tonnes,2.0169
2021,City of Calgary,Pine Creek Wastewater Treatment Plant,Calgary,AB,T2X 1Z3,50.8589,-113.9885,"Water, sewage and other systems",PM2.5 - Particulate Matter <= 2.5 Micrometers,tonnes,2.06
2021,Tourmaline Oil Corp,Tourmaline Musreau 02/09-13-062-06-W6,Calgary,AB,,54.362358,-118.75371,Oil and gas extraction,PM2.5 - Particulate Matter <= 2.5 Micrometers,tonnes,2.1731
2021,Tourmaline Oil Corp,Tourmaline Banshee Plant (15-12-050-21 W5M),Calgary,AB,,53.30683,-116.93588,Oil and gas extraction,PM2.5 - Particulate Matter <= 2.5 Micrometers,tonnes,2.3075
2021,Tourmaline Oil Corp,Dawson/Doe 1-32-80-15 W6,Calgary,BC,,55.97255,-120.29903,Oil and gas extraction,PM2.5 - Particulate Matter <= 2.5 Micrometers,tonnes,2.3161
2021,Tourmaline Oil Corp,Tourmaline Mulligan Terminal (03-08-079-09 W6M),Calgary,AB,,55.82708,-119.37367,Oil and gas extraction,PM2.5 - Particulate Matter <= 2.5 Micrometers,tonnes,2.3312
2021,Obsidian Energy Ltd.,Cadotte Bitumen Battery 14-27,Calgary,AB,,56.230135,-116.758669,Oil and gas extraction,PM2.5 - Particulate Matter <= 2.5 Micrometers,tonnes,2.3577
2021,Spur Petroleum Ltd.,Marten Hills 04-02-075,Calgary,AB,,55.46281,-113.7803,Oil and gas extraction,PM2.5 - Particulate Matter <= 2.5 Micrometers,tonnes,2.3613
2021,Spur Petroleum Ltd.,Nipisi 10-14-76-06W5,Calgary,AB,,55.586778,-114.813498,Oil and gas extraction,PM2.5 - Particulate Matter <= 2.5 Micrometers,tonnes,2.3661
2021,Strathcona Resources Ltd.,LINDBERGH SAGD 04-25,Calgary,AB,T2P 4K9,54.03691,-110.62095,Oil and gas extraction,PM2.5 - Particulate Matter <= 2.5 Micrometers,tonnes,2.3929
2021,Lafarge Canada Inc. - WEST,"Lafarge Canada Inc., Greater Calgary, STAR Pit",Calgary,AB,T3R 1J3,51.1655,-114.222,Non-metallic mineral mining and quarrying,PM2.5 - Particulate Matter <= 2.5 Micrometers,tonnes,2.43
2021,Headwater Exploration Incorporated,Martin Hills Core 12-26,Calgary,AB,,55.44093,-113.74672,Oil and gas extraction,PM2.5 - Particulate Matter <= 2.5 Micrometers,tonnes,2.4768
2021,Ricochet Oil Corp.,Pembalta IV Sour Gas Plant 09-16,Calgary,AB,T2P 3R7,53.2287,-115.1044,Oil and gas extraction,PM2.5 - Particulate Matter <= 2.5 Micrometers,tonnes,2.48454
2021,Ricochet Oil Corp.,Pembalta Gas Plant 09-25,Calgary,AB,T2P 3R7,53.1739,-114.8846,Oil and gas extraction,PM2.5 - Particulate Matter <= 2.5 Micrometers,tonnes,2.4849
2021,Tourmaline Oil Corp,Conroy D-48-C/94-H-12,Calgary,BC,,57.53822,-121.84416,Oil and gas extraction,PM2.5 - Particulate Matter <= 2.5 Micrometers,tonnes,2.59
2021,Spur Petroleum Ltd.,Nipisi 13-36-076-07W5,Calgary,AB,,55.63394,-114.9555,Oil and gas extraction,PM2.5 - Particulate Matter <= 2.5 Micrometers,tonnes,2.8846
2021,Tourmaline Oil Corp,Sundance 15-07,Calgary,AB,,53.6556,-117.0817,Oil and gas extraction,PM2.5 - Particulate Matter <= 2.5 Micrometers,tonnes,3.2511
2021,Tourmaline Oil Corp,Gundy A-021-I,Calgary,BC,,56.68376,-122.0075,Oil and gas extraction,PM2.5 - Particulate Matter <= 2.5 Micrometers,tonnes,3.4126
2021,Spur Petroleum Ltd.,Marten Hills 14-14-073-25W4,Calgary,AB,,55.32823,-113.7401,Oil and gas extraction,PM2.5 - Particulate Matter <= 2.5 Micrometers,tonnes,3.4771
2021,Tourmaline Oil Corp,Aitken Creek Sour Gas Plant c-038-C,Calgary,BC,,57.02883,-121.84918,Oil and gas extraction,PM2.5 - Particulate Matter <= 2.5 Micrometers,tonnes,3.4856
2021,Spur Petroleum Ltd.,Marten Hills 01-24-74-26W4,Calgary,AB,,55.419054,-113.855981,Oil and gas extraction,PM2.5 - Particulate Matter <= 2.5 Micrometers,tonnes,3.689
2021,Enmax Generation Portfolio Inc,Shepard Energy Centre,Calgary,AB,T3S 0A2,50.97068,-113.8851,"Electric power generation, transmission and distribution",PM2.5 - Particulate Matter <= 2.5 Micrometers,tonnes,3.88
2021,Spur Petroleum Ltd.,Milton 16-33-29-27,Calgary,SK,,51.53111,-109.7337,Oil and gas extraction,PM2.5 - Particulate Matter <= 2.5 Micrometers,tonnes,3.9761
2021,Tourmaline Oil Corp,Resthaven 3-16 Gas Plant,Calgary,AB,,54.18319,-118.2408,Oil and gas extraction,PM2.5 - Particulate Matter <= 2.5 Micrometers,tonnes,3.9907
2021,Calgary Energy Centre No. 2 Inc.,Calgary Energy Centre,Calgary,AB,T3N 1C6,51.18045,-113.93728,"Electric power generation, transmission and distribution",PM2.5 - Particulate Matter <= 2.5 Micrometers,tonnes,3.995
2021,Spur Petroleum Ltd.,Nipisi 16-08-076-05W5,Calgary,AB,,55.575752,-114.729522,Oil and gas extraction,PM2.5 - Particulate Matter <= 2.5 Micrometers,tonnes,4.1195
2021,Spur Petroleum Ltd.,Nipisi/Cabin Creek 06-36-075-06W5,Calgary,AB,,55.54034,-114.7961,Oil and gas extraction,PM2.5 - Particulate Matter <= 2.5 Micrometers,tonnes,4.1935
2021,Tourmaline Oil Corp,Horse 16-17-058-26-W5,Calgary,AB,,54.0193,-117.8199,Oil and gas extraction,PM2.5 - Particulate Matter <= 2.5 Micrometers,tonnes,4.4022
2021,Tourmaline Oil Corp,Sundown B-067-H/093-P-10,Calgary,BC,,55.63536,-120.58595,Oil and gas extraction,PM2.5 - Particulate Matter <= 2.5 Micrometers,tonnes,4.4121
2021,Spur Petroleum Ltd.,Nipisi 11-24-76-06W5,Calgary,AB,,55.601225,-114.794022,Oil and gas extraction,PM2.5 - Particulate Matter <= 2.5 Micrometers,tonnes,4.4374
2021,Spur Petroleum Ltd.,Nipisi 11-31-75-05W5,Calgary,AB,,55.543908,-114.769049,Oil and gas extraction,PM2.5 - Particulate Matter <= 2.5 Micrometers,tonnes,4.7202
2021,Tourmaline Oil Corp,Tourmaline Sunrise Gas Plant (03-18-080-17 W6M),Calgary,BC,,55.9285,-120.6423,Oil and gas extraction,PM2.5 - Particulate Matter <= 2.5 Micrometers,tonnes,4.859
2021,Tourmaline Oil Corp,Spirit River 06-09-077-07-W6 Tank Farm,Calgary,AB,,55.655906,-119.024903,Oil and gas extraction,PM2.5 - Particulate Matter <= 2.5 Micrometers,tonnes,4.9681
2021,Ember Resources Inc.,04-10-32-26-W4M Lone Pine,Calgary,AB,T2P 4H2,51.7236,-113.6162,"Support activities for mining, and oil and gas extraction",PM2.5 - Particulate Matter <= 2.5 Micrometers,tonnes,5
2021,PetroChina Canada Ltd.,Mackay River Commercial Program,Calgary,AB,T2P 3H9,56.79043,-112.09594,Oil and gas extraction,PM2.5 - Particulate Matter <= 2.5 Micrometers,tonnes,5.1843
2021,Tourmaline Oil Corp,Tourmaline Spirit River Gas Plant (03-10-077-07 W6M),Calgary,AB,,55.6545,-119.00147,Oil and gas extraction,PM2.5 - Particulate Matter <= 2.5 Micrometers,tonnes,5.296536
2021,Tourmaline Oil Corp,Tourmaline Wildriver Gas Plant (14-20-056-23 W5M),Calgary,AB,,53.8579,-117.3846,Oil and gas extraction,PM2.5 - Particulate Matter <= 2.5 Micrometers,tonnes,5.3135
2021,Spartan Delta Corp.,Alder Flats Gas Plant 10-09,Calgary,AB,T2P 0H7,52.86764,-115.0983,Oil and gas extraction,PM2.5 - Particulate Matter <= 2.5 Micrometers,tonnes,5.599
2021,XTO Energy Canada ULC,KAYBOB SOUR GAS PROCESSING PLANT 15-07-060-18 W5M,Calgary,AB,T2C 5N1,54.1795,-116.6856,Oil and gas extraction,PM2.5 - Particulate Matter <= 2.5 Micrometers,tonnes,5.6759
2021,Old Dutch Foods Canada,OLD DUTCH FOODS - CALGARY,Calgary,AB,T2C 0A9,51.00421,-113.9894,Other food manufacturing,PM2.5 - Particulate Matter <= 2.5 Micrometers,tonnes,6.012
2021,Tourmaline Oil Corp,Tourmaline Gundy Gas Plant (C-060-A / 94-B-16),Calgary,BC,,56.801313,-122.121084,Oil and gas extraction,PM2.5 - Particulate Matter <= 2.5 Micrometers,tonnes,6.1002
2021,Spur Petroleum Ltd.,Marten Hills 01-01-75-25 W4,Calgary,AB,,55.462831,-113.735375,Oil and gas extraction,PM2.5 - Particulate Matter <= 2.5 Micrometers,tonnes,6.176
2021,Tourmaline Oil Corp,Tourmaline Doe Gas Plant (02-11-080-16 W6M),Calgary,BC,,55.91377,-120.38232,Oil and gas extraction,PM2.5 - Particulate Matter <= 2.5 Micrometers,tonnes,6.607
2021,Spur Petroleum Ltd.,Ukalta 05-18,Calgary,AB,,53.92531,-112.52638,Oil and gas extraction,PM2.5 - Particulate Matter <= 2.5 Micrometers,tonnes,6.9226
2021,Spur Petroleum Ltd.,Nipisi 15-31-076-06W5,Calgary,AB,,55.63393,-114.9169,Oil and gas extraction,PM2.5 - Particulate Matter <= 2.5 Micrometers,tonnes,7.1996
2021,Tourmaline Oil Corp,Tourmaline West Doe Gas Plant (13-25-080-16 W6M),Calgary,BC,,55.97092,-120.368337,Oil and gas extraction,PM2.5 - Particulate Matter <= 2.5 Micrometers,tonnes,7.2152
2021,Tourmaline Oil Corp,Laprise Gas Plant,Calgary,BC,,57.3535,-122.0505,Oil and gas extraction,PM2.5 - Particulate Matter <= 2.5 Micrometers,tonnes,7.2404
2021,Spur Petroleum Ltd.,Marten Hills 01-29-074,Calgary,AB,,55.43375,-113.8047,Oil and gas extraction,PM2.5 - Particulate Matter <= 2.5 Micrometers,tonnes,7.2907
2021,"CertainTeed Canada, Inc.",Calgary Wallboard Plant,Calgary,AB,T2C 2A4,50.9938,-113.99,Lime and gypsum product manufacturing,PM2.5 - Particulate Matter <= 2.5 Micrometers,tonnes,8.289
2021,Spur Petroleum Ltd.,Marten Hills 15-29-073-24W4,Calgary,AB,,55.35825,-117.6521,Oil and gas extraction,PM2.5 - Particulate Matter <= 2.5 Micrometers,tonnes,8.3317
2021,Spur Petroleum Ltd.,Marten Hills 15-12-074-25W4,Calgary,AB,,55.40178,-117.7033,Oil and gas extraction,PM2.5 - Particulate Matter <= 2.5 Micrometers,tonnes,8.4311
2021,Tourmaline Oil Corp,Spirit River 06-03-078-07 W6,Calgary,AB,,55.7332,-118.9989,Oil and gas extraction,PM2.5 - Particulate Matter <= 2.5 Micrometers,tonnes,8.5845
2021,Spur Petroleum Ltd.,Ukalta 15-11-057-18W4,Calgary,AB,,53.917808,-112.563718,Oil and gas extraction,PM2.5 - Particulate Matter <= 2.5 Micrometers,tonnes,8.6291
2021,Canada Malting Co Ltd.,Calgary Plant,Calgary,AB,T2G 4M9,51.0245,-114.025,Other food manufacturing,PM2.5 - Particulate Matter <= 2.5 Micrometers,tonnes,8.9319
2021,Strathcona Resources Ltd.,Jayar 06-08-062-03W6 GP,Calgary,AB,,54.3468,-118.41578,Oil and gas extraction,PM2.5 - Particulate Matter <= 2.5 Micrometers,tonnes,9.9507
2021,Pembina Pipeline Corporation,Kakwa River Gas Plant 08-13-063-05W6,Calgary,AB,,54.448884,-118.594666,Oil and gas extraction,PM2.5 - Particulate Matter <= 2.5 Micrometers,tonnes,10.0071
2021,Headwater Exploration Incorporated,Martin Hills Core 10-35,Calgary,AB,,55.44906,-113.735086,Oil and gas extraction,PM2.5 - Particulate Matter <= 2.5 Micrometers,tonnes,10.3006
2021,Spur Petroleum Ltd.,Marten Hills 05-13-075,Calgary,AB,,55.49555,-113.7545,Oil and gas extraction,PM2.5 - Particulate Matter <= 2.5 Micrometers,tonnes,10.4625
2021,City of Calgary,Bonnybrook Wastewater Treatment Plant,Calgary,AB,T2G 3M8,51.0128,-114.022,"Water, sewage and other systems",PM2.5 - Particulate Matter <= 2.5 Micrometers,tonnes,11.4
2021,CSV Midstream Solutions,Karr Sour Gas Processing Plant,Calgary,AB,T2P 0J1,54.709648,-118.600073,Oil and gas extraction,PM2.5 - Particulate Matter <= 2.5 Micrometers,tonnes,12.7739
2021,Tourmaline Oil Corp,Aitken Creek Sour Gas Plant c-046-C,Calgary,BC,,57.03949,-121.82333,Oil and gas extraction,PM2.5 - Particulate Matter <= 2.5 Micrometers,tonnes,13.0173
2021,Headwater Exploration Incorporated,Martin Hills Core 05-35,Calgary,AB,,55.45177,-113.74672,Oil and gas extraction,PM2.5 - Particulate Matter <= 2.5 Micrometers,tonnes,15.7279
2021,PIERIDAE ALBERTA PRODUCTION LTD.,Jumping Pound Complex,Calgary,AB,T2P 4V8,51.13696,-114.58262,Oil and gas extraction,PM2.5 - Particulate Matter <= 2.5 Micrometers,tonnes,16.28
2021,ADM Agri-Industries Company,ADM AGRI-INDUSTRIES - ADM Milling Co. - Calgary,Calgary,AB,T2G 4M9,51.02021,-114.019246,Grain and oilseed milling,PM2.5 - Particulate Matter <= 2.5 Micrometers,tonnes,17.8754
2021,IKO Industries Ltd.,IKO Calgary,Calgary,AB,T2P 2L2,51.01502,-114.02648,Petroleum and coal product manufacturing,PM2.5 - Particulate Matter <= 2.5 Micrometers,tonnes,26.683
