Year,Company_Name,Facility_Name,City,Province,Postal_Code,Latitude,Longitude,Sector_Name,Substance_Name,Units,Total_Air_Emissions
2021,Enercapita Energy Ltd.,Chauvco 10-10,Calgary,AB,T2P 3A8,56.270373,-119.803148,Oil and gas extraction,Volatile Organic Compounds (VOCs),tonnes,0
2021,Journey Energy Inc.,11-20-019-12 W4M,Calgary,AB,,50.62593,-111.63618,Oil and gas extraction,Volatile Organic Compounds (VOCs),tonnes,0
2021,Tourmaline Oil Corp,Wapiti 05-04-068-08W6,Calgary,AB,T2P 3H7,54.856125,-119.166796,Oil and gas extraction,Volatile Organic Compounds (VOCs),tonnes,0
2021,Tourmaline Oil Corp,JUPITER 9-6-63-7W6 OIL SWB,Calgary,AB,T2P 3H7,54.43705,-119.0771,Oil and gas extraction,Volatile Organic Compounds (VOCs),tonnes,0
2021,Tourmaline Oil Corp,TOU RESTHAVEN 15-10 OIL SWB,Calgary,AB,T2P 3H7,54.16437,-118.3329,Oil and gas extraction,Volatile Organic Compounds (VOCs),tonnes,0
2021,NOVA Chemicals Corporation,NOVA Chemicals Technical Centre,Calgary,AB,T1Y 6G7,51.086252,-113.98773,Scientific research and development services,Volatile Organic Compounds (VOCs),tonnes,0.056
2021,NOVA Chemicals Corporation,NOVA Research & Technology Center,Calgary,AB,T2E 7K7,51.07865,-114.01766,Scientific research and development services,Volatile Organic Compounds (VOCs),tonnes,0.1
2021,PIERIDAE ALBERTA PRODUCTION LTD.,Jumping Pound 5-7 Well site compressor,Calgary,AB,T2P 4V8,51.1182,-114.5558,Oil and gas extraction,Volatile Organic Compounds (VOCs),tonnes,0.168
2021,Blue Sky Resources Ltd.,Pengrowth Panny (00-03-11-096-06W5),Calgary,AB,,57.3092,-114.8563,Oil and gas extraction,Volatile Organic Compounds (VOCs),tonnes,0.171486
2021,Obsidian Energy Ltd.,Seal Bitumen Battery 12-25,Calgary,AB,,56.139855,-116.685909,Oil and gas extraction,Volatile Organic Compounds (VOCs),tonnes,0.2249
2021,Dienerian Resources Inc.,Wild River 05-29-057-24W5 Battery,Calgary,AB,T2P 3G6,53.954072,-117.544222,Oil and gas extraction,Volatile Organic Compounds (VOCs),tonnes,0.261
2021,Obsidian Energy Ltd.,Seal Bitumen Battery 09-25,Calgary,AB,,56.139843,-116.66657,Oil and gas extraction,Volatile Organic Compounds (VOCs),tonnes,0.2763
2021,Certus Oil and Gas Inc.,Medicine River 02-04-039-03 W5M,Calgary,AB,T2P 3M3,52.3199,-114.3722,Oil and gas extraction,Volatile Organic Compounds (VOCs),tonnes,0.281566
2021,Obsidian Energy Ltd.,Seal Bitumen Battery 16-13,Calgary,AB,,56.28828,-116.851,Oil and gas extraction,Volatile Organic Compounds (VOCs),tonnes,0.2846
2021,Spur Petroleum Ltd.,Marten Hills 01-20-74-24W4,Calgary,AB,,55.419124,-113.650568,Oil and gas extraction,Volatile Organic Compounds (VOCs),tonnes,0.291
2021,PIERIDAE ALBERTA PRODUCTION LTD.,Shell Canada Limited 03-13,Calgary,AB,,51.126,-114.714,Oil and gas extraction,Volatile Organic Compounds (VOCs),tonnes,0.3089
2021,Enercapita Energy Ltd.,Viking Kinsella 11-16,Calgary,AB,T2P 3A8,53.134,-111.8501,Oil and gas extraction,Volatile Organic Compounds (VOCs),tonnes,0.3185
2021,Shield Energy Ltd.,SHIELD SINCLAIR 01-12-073-12W6 MWB,Calgary,AB,T2P 3G2,55.303249,-119.695617,Oil and gas extraction,Volatile Organic Compounds (VOCs),tonnes,0.339872
2021,Blue Sky Resources Ltd.,Highwood Senex (02-02-22-094-04W5),Calgary,AB,,56.54,-115.256,Oil and gas extraction,Volatile Organic Compounds (VOCs),tonnes,0.348264
2021,Tourmaline Oil Corp,RedRock 02-17-063-08W6 GGS,Calgary,AB,,54.445833,-119.164444,Oil and gas extraction,Volatile Organic Compounds (VOCs),tonnes,0.3489
2021,Obsidian Energy Ltd.,Esther Multi-well Oil Battery 07-34,Calgary,AB,,51.7845,-110.0569,Oil and gas extraction,Volatile Organic Compounds (VOCs),tonnes,0.3672
2021,Blue Sky Resources Ltd.,"MARK ET AL WEMBLEY 16-24-72-7W6	",Calgary,AB,,55.5,-119.18,Oil and gas extraction,Volatile Organic Compounds (VOCs),tonnes,0.38079
2021,Shield Energy Ltd.,SINCLAIR 16-25-73-13 MWB,Calgary,AB,T2P 3G2,55.357349,-111.856013,Oil and gas extraction,Volatile Organic Compounds (VOCs),tonnes,0.45867
2021,Tourmaline Oil Corp,Wapiti 01-22-066-08W6,Calgary,AB,T2P 3H7,54.721667,-119.111249,Oil and gas extraction,Volatile Organic Compounds (VOCs),tonnes,0.4811
2021,Obsidian Energy Ltd.,Seal Bitumen Battery 16-23,Calgary,AB,,56.3028,-116.2447,Oil and gas extraction,Volatile Organic Compounds (VOCs),tonnes,0.5193
2021,XTO Energy Canada ULC,KAKWA 14-28-64-4W6M OIL PRORATED,Calgary,AB,T2C 5N1,54.57361,-118.54156,Oil and gas extraction,Volatile Organic Compounds (VOCs),tonnes,0.538
2021,PIERIDAE ALBERTA PRODUCTION LTD.,Shell Canada Limited 10-17,Calgary,AB,,49.387,-114.236,Oil and gas extraction,Volatile Organic Compounds (VOCs),tonnes,0.5406
2021,Obsidian Energy Ltd.,Seal Bitumen Battery 16-01,Calgary,AB,,56.17193,-116.693027,Oil and gas extraction,Volatile Organic Compounds (VOCs),tonnes,0.5944
2021,Obsidian Energy Ltd.,Seal Bitumen Battery 02-34,Calgary,AB,,56.14709,-116.72523,Oil and gas extraction,Volatile Organic Compounds (VOCs),tonnes,0.6368
2021,PIERIDAE ALBERTA PRODUCTION LTD.,Stolberg 15-21 Battery,Calgary,AB,,52.6395,-116.099,Oil and gas extraction,Volatile Organic Compounds (VOCs),tonnes,0.6691
2021,Obsidian Energy Ltd.,West Seal In Situ Battery 13-06,Calgary,AB,,56.17303,-116.68611,Oil and gas extraction,Volatile Organic Compounds (VOCs),tonnes,0.6698
2021,Blue Sky Resources Ltd.,Pengrowth Senex 5-17 Central ABBT8340031,Calgary,AB,,57.0661,-114.7775,Oil and gas extraction,Volatile Organic Compounds (VOCs),tonnes,0.670764
2021,Obsidian Energy Ltd.,Seal Bitumen Battery 04-19,Calgary,AB,,56.117985,-116.659804,Oil and gas extraction,Volatile Organic Compounds (VOCs),tonnes,0.7467
2021,Zargon Oil and Gas Ltd.,Mission Tabers (00-14-11-008-17W4),Calgary,AB,,49.78,-112.15,Oil and gas extraction,Volatile Organic Compounds (VOCs),tonnes,0.754109
2021,Spur Petroleum Ltd.,Buffalo Creek 4-33,Calgary,AB,,53.090322,-111.269485,Oil and gas extraction,Volatile Organic Compounds (VOCs),tonnes,0.8272
2021,Obsidian Energy Ltd.,Seal Bitumen Battery 13-13,Calgary,AB,,56.288299,-116.87046,Oil and gas extraction,Volatile Organic Compounds (VOCs),tonnes,0.847
2021,Obsidian Energy Ltd.,West Seal Battery 11-26,Calgary,AB,,56.139862,-116.70557,Oil and gas extraction,Volatile Organic Compounds (VOCs),tonnes,0.8695
2021,Obsidian Energy Ltd.,Perl Harvard Bigoray,Calgary,AB,,53.47389,-115.0996,Oil and gas extraction,Volatile Organic Compounds (VOCs),tonnes,0.9749
2021,Obsidian Energy Ltd.,West Seal Cadotte Bitumen Battery 14-25,Calgary,AB,,56.143464,-116.679462,Oil and gas extraction,Volatile Organic Compounds (VOCs),tonnes,0.9902
2021,Obsidian Energy Ltd.,Seal Bitumen Battery 15-01,Calgary,AB,,56.171937,-116.69947,Oil and gas extraction,Volatile Organic Compounds (VOCs),tonnes,0.9913
2021,Obsidian Energy Ltd.,Cadotte Bitumen Battery 14-27,Calgary,AB,,56.230135,-116.758669,Oil and gas extraction,Volatile Organic Compounds (VOCs),tonnes,1.0105
2021,PIERIDAE ALBERTA PRODUCTION LTD.,ekwan,Calgary,BC,,58.8311,-121.3859,Oil and gas extraction,Volatile Organic Compounds (VOCs),tonnes,1.016
2021,The Calgary Airport Authority,THE CALGARY AIRPORT AUTHORITY - CALGARY,Calgary,AB,T2E 6W5,51.1307,-114.009,Scheduled air transportation,Volatile Organic Compounds (VOCs),tonnes,1.027777
2021,Obsidian Energy Ltd.,Harmon Valley Bitumen Battery 12-13,Calgary,AB,,56.11157,-116.68368,Oil and gas extraction,Volatile Organic Compounds (VOCs),tonnes,1.038
2021,Obsidian Energy Ltd.,HV South Bitumen Battery 16-13,Calgary,AB,,56.11299,-116.66849,Oil and gas extraction,Volatile Organic Compounds (VOCs),tonnes,1.0382
2021,Obsidian Energy Ltd.,West Seal Bitumen Battery 14-05,Calgary,AB,,56.17345,-116.65023,Oil and gas extraction,Volatile Organic Compounds (VOCs),tonnes,1.0675
2021,Baytex Energy Ltd,Kerrobert Viking Compressor Station 09-30-032-25W3,Calgary,SK,T2P 0R3,51.77423,-109.5276,Oil and gas extraction,Volatile Organic Compounds (VOCs),tonnes,1.07281
2021,Zargon Oil and Gas Ltd.,Rhodie Bellshill Lake 4-31 (00-04-36-041-13W4),Calgary,AB,,52.56678,-111.753089,Oil and gas extraction,Volatile Organic Compounds (VOCs),tonnes,1.080984
2021,Taqa North Ltd.,PCR FERRIER 7-16 COMP.,Calgary,AB,T2P 0H7,52.70332,-115.39141,Oil and gas extraction,Volatile Organic Compounds (VOCs),tonnes,1.114394
2021,XTO Energy Canada ULC,XTO 15-25-62-22-W5 GAS MULTIWELL BATT,Calgary,AB,T2C 5N1,54.39885,-117.16219,Oil and gas extraction,Volatile Organic Compounds (VOCs),tonnes,1.1592
2021,Tourmaline Oil Corp,Tourmaline Mulligan Terminal (03-08-079-09 W6M),Calgary,AB,,55.82708,-119.37367,Oil and gas extraction,Volatile Organic Compounds (VOCs),tonnes,1.1753
2021,Obsidian Energy Ltd.,Seal Bitumen Battery 13-05,Calgary,AB,,56.171945,-116.659717,Oil and gas extraction,Volatile Organic Compounds (VOCs),tonnes,1.1756
2021,Zargon Oil and Gas Ltd.,Coseka Little Bow (00-04-25-014-19W4),Calgary,AB,T2P 0H3,50.195428,-112.481181,Oil and gas extraction,Volatile Organic Compounds (VOCs),tonnes,1.190862
2021,Spur Petroleum Ltd.,N. Plato 1-14-27-18,Calgary,SK,,51.30187,-108.421,Oil and gas extraction,Volatile Organic Compounds (VOCs),tonnes,1.2114
2021,Logic Energy Ltd.,Parflesh 12-12 Oil Battery,Calgary,AB,T2P 3R5,51.11966,-112.95546,Oil and gas extraction,Volatile Organic Compounds (VOCs),tonnes,1.2132
2021,PIERIDAE ALBERTA PRODUCTION LTD.,Jumping Pound 14-32-025-06W5 CS,Calgary,AB,,51.1815,-114.806,Oil and gas extraction,Volatile Organic Compounds (VOCs),tonnes,1.2273
2021,Obsidian Energy Ltd.,West Seal Bitumen Battery 13-30,Calgary,AB,,56.143457,-116.659802,Oil and gas extraction,Volatile Organic Compounds (VOCs),tonnes,1.2464
2021,PIERIDAE ALBERTA PRODUCTION LTD.,Limestone CS 05-12,Calgary,AB,,51.815,-115.296,Oil and gas extraction,Volatile Organic Compounds (VOCs),tonnes,1.2496
2021,M.I. Cable Technologies Inc.,M. I. CABLE TECHNOLOGIES - CALGARY,Calgary,AB,T2H 2A6,51.000439,-114.038496,Other electrical equipment and component manufacturing,Volatile Organic Compounds (VOCs),tonnes,1.296
2021,i3 Energy Canada Ltd.,06-09-61-27 W5M,Calgary,AB,T2P 1K3,54.259533,-117.991448,Oil and gas extraction,Volatile Organic Compounds (VOCs),tonnes,1.32592
2021,Tourmaline Oil Corp,Mulligan Fourth Creek 15-13-082-09-W6,Calgary,AB,,56.1157,-119.2621,Oil and gas extraction,Volatile Organic Compounds (VOCs),tonnes,1.3429
2021,Kelt Exploration,Chicken Gas Battery 10-08-062-07W6,Calgary,AB,T2P 4M9,54.35038,-119.0092,Oil and gas extraction,Volatile Organic Compounds (VOCs),tonnes,1.34788
2021,Spur Petroleum Ltd.,Nipisi 16-02-076-06W5,Calgary,AB,,55.56177,-114.8056,Oil and gas extraction,Volatile Organic Compounds (VOCs),tonnes,1.3528
2021,PIERIDAE ALBERTA PRODUCTION LTD.,Findley 13-26-58-7W6/2,Calgary,AB,,54.041756,-118.923747,Oil and gas extraction,Volatile Organic Compounds (VOCs),tonnes,1.3746
2021,Axiom Oil and Gas Inc.,HOLDEN - 10-29-045-17W4 - COMP (ABCS0020150),Calgary,AB,,52.9084,-112.4353,Oil and gas extraction,Volatile Organic Compounds (VOCs),tonnes,1.4291
2021,PIERIDAE ALBERTA PRODUCTION LTD.,Benjamin Compressor Station 16-28-028-08W5,Calgary,AB,,51.42938,-115.05918,Oil and gas extraction,Volatile Organic Compounds (VOCs),tonnes,1.4792
2021,PIERIDAE ALBERTA PRODUCTION LTD.,Findley 09-24,Calgary,AB,,53.9431,-118.7466,Oil and gas extraction,Volatile Organic Compounds (VOCs),tonnes,1.6037
2021,University of Calgary,Central Heating and Cooling Plant,Calgary,AB,T2N 1N4,51.0749,-114.1387,Universities,Volatile Organic Compounds (VOCs),tonnes,1.636
2021,Loyal Energy (Canada) Operating Ltd.,Lookout Butte 4-13,Calgary,AB,T2P 0G5,49.1181,-113.6371,Oil and gas extraction,Volatile Organic Compounds (VOCs),tonnes,1.6399
2021,Headwater Exploration Incorporated,Martin Hills Core 12-26,Calgary,AB,,55.44093,-113.74672,Oil and gas extraction,Volatile Organic Compounds (VOCs),tonnes,1.7581
2021,PIERIDAE ALBERTA PRODUCTION LTD.,Shell Canada Limited 04-10,Calgary,AB,,49.365,-114.201,Oil and gas extraction,Volatile Organic Compounds (VOCs),tonnes,1.7768
2021,XTO Energy Canada ULC,South Kaybob 02-20,Calgary,AB,T2C 5N1,54.19755,-116.80826,Oil and gas extraction,Volatile Organic Compounds (VOCs),tonnes,1.8215
2021,Tourmaline Oil Corp,Wapiti 11-25-66-8W6M Comp Stn,Calgary,AB,,54.743518,-119.073283,Oil and gas extraction,Volatile Organic Compounds (VOCs),tonnes,1.8517
2021,PIERIDAE ALBERTA PRODUCTION LTD.,Lynx,Calgary,AB,,54.1757,-119.5344,Oil and gas extraction,Volatile Organic Compounds (VOCs),tonnes,1.8593
2021,Shield Energy Ltd.,Shield 11-11-73-12W6 Proration Bty,Calgary,AB,T2P 3G2,55.310493,-119.733914,Oil and gas extraction,Volatile Organic Compounds (VOCs),tonnes,1.88367
2021,Enercapita Energy Ltd.,Boundary Lake 10-19-086-11 W6M,Calgary,AB,T2P 3A8,56.4739,-119.7222,Oil and gas extraction,Volatile Organic Compounds (VOCs),tonnes,2.0384
2021,HELL'S HALF-ACRE PETROLEUM CORP.,PINNACLE COOKING LAKE 4-16,Calgary,AB,,53.48504,-112.8989,Oil and gas extraction,Volatile Organic Compounds (VOCs),tonnes,2.042736
2021,Tourmaline Oil Corp,Cutpick 13-35-059-06 W6M,Calgary,AB,,54.1489,-118.7943,Oil and gas extraction,Volatile Organic Compounds (VOCs),tonnes,2.0501
2021,Tourmaline Oil Corp,Duvernay Fir Central 09-29-057-21-W5,Calgary,AB,,53.9575,-117.0766,Oil and gas extraction,Volatile Organic Compounds (VOCs),tonnes,2.0596
2021,Certus Oil and Gas Inc.,Med River 06-18-39-03-5,Calgary,AB,T2P 3M3,52.35503,-114.42308,Oil and gas extraction,Volatile Organic Compounds (VOCs),tonnes,2.1609
2021,Obsidian Energy Ltd.,West Seal Bitumen Battery 15-06,Calgary,AB,,56.17337,-116.67563,Oil and gas extraction,Volatile Organic Compounds (VOCs),tonnes,2.175
2021,Zargon Oil and Gas Ltd.,Crestar Little Bow (00-16-31-014-18W4),Calgary,AB,,50.220749,-112.441573,Oil and gas extraction,Volatile Organic Compounds (VOCs),tonnes,2.277812
2021,AECO Gas Storage Partnership,Countess Gas Storage Facility,Calgary,AB,T2P 0A7,50.9669,-112.6649,Oil and gas extraction,Volatile Organic Compounds (VOCs),tonnes,2.335
2021,Axiom Oil and Gas Inc.,Bonnie Glenn 11-06-044-25W4 - COMP (ABCS0009501),Calgary,AB,,52.7798,-113.6299,Oil and gas extraction,Volatile Organic Compounds (VOCs),tonnes,2.3413
2021,PIERIDAE ALBERTA PRODUCTION LTD.,Findley 8-24,Calgary,AB,,53.941358,-118.745552,Oil and gas extraction,Volatile Organic Compounds (VOCs),tonnes,2.3575
2021,Spur Petroleum Ltd.,N. Plato 16-01-27-18,Calgary,SK,,51.2836,-108.3976,Oil and gas extraction,Volatile Organic Compounds (VOCs),tonnes,2.4959
2021,PIERIDAE ALBERTA PRODUCTION LTD.,Moose Mountain Compressor Station,Calgary,AB,T2P 4V8,50.8894,-114.7618,Oil and gas extraction,Volatile Organic Compounds (VOCs),tonnes,2.5077
2021,Spur Petroleum Ltd.,N. Plato 03-13-27-18,Calgary,SK,,51.30186,-108.4091,Oil and gas extraction,Volatile Organic Compounds (VOCs),tonnes,2.5149
2021,Blue Sky Resources Ltd.,"TAQA GGS 16-33-46-16W5	",Calgary,AB,,53.0139,-116.2586,Oil and gas extraction,Volatile Organic Compounds (VOCs),tonnes,2.539036
2021,Spur Petroleum Ltd.,Nipisi/Cabin Creek 06-36-075-06W5,Calgary,AB,,55.54034,-114.7961,Oil and gas extraction,Volatile Organic Compounds (VOCs),tonnes,2.5616
2021,Axiom Oil and Gas Inc.,Holden 09-19-048-16W4M (ABGS0002487),Calgary,AB,,53.1559,-112.3267,Oil and gas extraction,Volatile Organic Compounds (VOCs),tonnes,2.5859
2021,Strathcona Resources Ltd.,Lator 02-06-063-02W6,Calgary,AB,,54.4161,-118.2866,Oil and gas extraction,Volatile Organic Compounds (VOCs),tonnes,2.6829
2021,Enerplus Corporation,Med Hat MWB 11-16,Calgary,AB,T2P 2Z1,50.08624,-110.63326,Oil and gas extraction,Volatile Organic Compounds (VOCs),tonnes,2.7372
2021,Spur Petroleum Ltd.,N. Plato 01-18-027-17W3,Calgary,SK,,51.30187,-108.3741,Oil and gas extraction,Volatile Organic Compounds (VOCs),tonnes,2.7761
2021,Spur Petroleum Ltd.,Nipisi 10-14-76-06W5,Calgary,AB,,55.586778,-114.813498,Oil and gas extraction,Volatile Organic Compounds (VOCs),tonnes,2.7877
2021,Tourmaline Oil Corp,Lynx 01-24-060-08 W6M,Calgary,AB,,54.1989,-119.0529,Oil and gas extraction,Volatile Organic Compounds (VOCs),tonnes,2.8213
2021,Journey Energy Inc.,Countess 10-04-021-16W4,Calgary,AB,,53.034063,-114.376496,Oil and gas extraction,Volatile Organic Compounds (VOCs),tonnes,2.8308
2021,Zargon Oil and Gas Ltd.,Zargon Retlaw 00-14-11-008-17W4,Calgary,AB,,49.638449,-112.208774,Oil and gas extraction,Volatile Organic Compounds (VOCs),tonnes,2.838165
2021,Alberta  Health Services,Foothills Medical Centre,Calgary,AB,T2N 2T9,51.06584,-114.13399,General medical and surgical hospitals,Volatile Organic Compounds (VOCs),tonnes,2.9
2021,Spur Petroleum Ltd.,Marten Hills 04-02-075,Calgary,AB,,55.46281,-113.7803,Oil and gas extraction,Volatile Organic Compounds (VOCs),tonnes,2.9215
2021,Obsidian Energy Ltd.,Pembalta #8 Sour Gas Plant 05-05,Calgary,AB,,53.1939,-115.2919,Oil and gas extraction,Volatile Organic Compounds (VOCs),tonnes,3.0305
2021,Tourmaline Oil Corp,Smoky 01-12-058-02-W6,Calgary,AB,,53.99404,-118.151921,Oil and gas extraction,Volatile Organic Compounds (VOCs),tonnes,3.1252
2021,Pipestone Energy Corp.,12- 14 Elmworth,Calgary,AB,T2P 5C5,55.0643,-118.9638,Oil and gas extraction,Volatile Organic Compounds (VOCs),tonnes,3.13
2021,Spur Petroleum Ltd.,Milton 16-33-29-27,Calgary,SK,,51.53111,-109.7337,Oil and gas extraction,Volatile Organic Compounds (VOCs),tonnes,3.1386
2021,Spur Petroleum Ltd.,Nipisi 09-10-077-07W5,Calgary,AB,,55.65943,-114.9881,Oil and gas extraction,Volatile Organic Compounds (VOCs),tonnes,3.167
2021,Teknion Solutions Woodwork,Teknion Solutions Woodwork,Calgary,AB,T2C 3J7,50.9974,-113.964,Office furniture (including fixtures) manufacturing,Volatile Organic Compounds (VOCs),tonnes,3.29575
2021,Tourmaline Oil Corp,Sundown Sour b-067-H,Calgary,BC,,55.635417,-120.584375,Oil and gas extraction,Volatile Organic Compounds (VOCs),tonnes,3.325
2021,Tourmaline Oil Corp,Spirit River 06-09-077-07-W6 Tank Farm,Calgary,AB,,55.655906,-119.024903,Oil and gas extraction,Volatile Organic Compounds (VOCs),tonnes,3.3495
2021,NTE Energy Canada Ltd,Willesden Green 01-25 Battery,Calgary,AB,T2P 1E5,52.64134,-115.15589,Oil and gas extraction,Volatile Organic Compounds (VOCs),tonnes,3.3547
2021,Tourmaline Oil Corp,Devon Mirage 10-03,Calgary,AB,,55.81986,-119.00207,Oil and gas extraction,Volatile Organic Compounds (VOCs),tonnes,3.3809
2021,PIERIDAE ALBERTA PRODUCTION LTD.,Mclean Creek Dehy 16-09-022-06W5,Calgary,AB,,50.8618,-114.7677,Oil and gas extraction,Volatile Organic Compounds (VOCs),tonnes,3.6228
2021,PIERIDAE ALBERTA PRODUCTION LTD.,Cordel Compressor Station 03-36-042-16W5,Calgary,AB,,52.6539,-116.1814,Oil and gas extraction,Volatile Organic Compounds (VOCs),tonnes,3.6235
2021,Spur Petroleum Ltd.,Grizzly Creek 01-26,Calgary,AB,,53.24904,-111.05808,Oil and gas extraction,Volatile Organic Compounds (VOCs),tonnes,3.7079
2021,XTO Energy Canada ULC,KAYBOB SOUR GAS PROCESSING PLANT 15-07-060-18 W5M,Calgary,AB,T2C 5N1,54.1795,-116.6856,Oil and gas extraction,Volatile Organic Compounds (VOCs),tonnes,3.7108
2021,Journey Energy Inc.,Herronton 01-15-019-25 W4,Calgary,AB,,50.6022,-113.3838,Oil and gas extraction,Volatile Organic Compounds (VOCs),tonnes,3.7259
2021,Spur Petroleum Ltd.,Marten Hills 14-14-073-25W4,Calgary,AB,,55.32823,-113.7401,Oil and gas extraction,Volatile Organic Compounds (VOCs),tonnes,3.8058
2021,Obsidian Energy Ltd.,Ammin Willesden Green Oil Battery 06-21,Calgary,AB,,52.630471,-114.951938,Oil and gas extraction,Volatile Organic Compounds (VOCs),tonnes,3.8188
2021,Lynx Energy ULC,Three Hills Creek Gas Battery 01-36,Calgary,AB,T2G 0P6,52.0429,-113.5791,Oil and gas extraction,Volatile Organic Compounds (VOCs),tonnes,3.8871
2021,Lynx Energy ULC,Three Hills Creek Gas Battery 05-36,Calgary,AB,T2G 0P6,51.9599,-113.5627,Oil and gas extraction,Volatile Organic Compounds (VOCs),tonnes,3.9036
2021,Journey Energy Inc.,Genesee 05-30-049-03 W5,Calgary,AB,,53.2561,-114.4372,Oil and gas extraction,Volatile Organic Compounds (VOCs),tonnes,4.0314
2021,XTO Energy Canada ULC,04-27 Compressor Station,Calgary,AB,T2C 5N1,54.299695,-118.371709,Oil and gas extraction,Volatile Organic Compounds (VOCs),tonnes,4.3462
2021,XTO Energy Canada ULC,Fir 01-32,Calgary,AB,T2C 5N1,54.13815,-117.25256,Oil and gas extraction,Volatile Organic Compounds (VOCs),tonnes,4.3671
2021,Headwater Exploration Incorporated,Martin Hills Core 10-35,Calgary,AB,,55.44906,-113.735086,Oil and gas extraction,Volatile Organic Compounds (VOCs),tonnes,4.5029
2021,Spur Petroleum Ltd.,4-13-27-18W3 Oil Batteries,Calgary,SK,,51.30187,-108.4149,Oil and gas extraction,Volatile Organic Compounds (VOCs),tonnes,4.5882
2021,Spur Petroleum Ltd.,Nipisi 13-36-076-07W5,Calgary,AB,,55.63394,-114.9555,Oil and gas extraction,Volatile Organic Compounds (VOCs),tonnes,4.5898
2021,Tourmaline Oil Corp,Boundary Lake 08-12-088-15W6,Calgary,BC,,56.6207,-120.2465,Oil and gas extraction,Volatile Organic Compounds (VOCs),tonnes,4.5916
2021,Spur Petroleum Ltd.,Nipisi 16-08-076-05W5,Calgary,AB,,55.575752,-114.729522,Oil and gas extraction,Volatile Organic Compounds (VOCs),tonnes,4.6722
2021,Spur Petroleum Ltd.,Ukalta 05-18,Calgary,AB,,53.92531,-112.52638,Oil and gas extraction,Volatile Organic Compounds (VOCs),tonnes,4.985
2021,Journey Energy Inc.,Journey 06-01-046-02 W5,Calgary,AB,,52.9362,-114.1609,Oil and gas extraction,Volatile Organic Compounds (VOCs),tonnes,5.0942
2021,Obsidian Energy Ltd.,Harmon Valley SAGD South Pilot 07-06,Calgary,AB,,56.164712,-116.673082,Oil and gas extraction,Volatile Organic Compounds (VOCs),tonnes,5.1821
2021,Spur Petroleum Ltd.,Marten Hills 15-12-074-25W4,Calgary,AB,,55.40178,-117.7033,Oil and gas extraction,Volatile Organic Compounds (VOCs),tonnes,5.4372
2021,Tourmaline Oil Corp,Aitken Comp Stn a-011-A,Calgary,BC,,57.01042,-122.00312,Oil and gas extraction,Volatile Organic Compounds (VOCs),tonnes,5.5239
2021,Spur Petroleum Ltd.,Marten Hills 01-01-75-25 W4,Calgary,AB,,55.462831,-113.735375,Oil and gas extraction,Volatile Organic Compounds (VOCs),tonnes,5.5822
2021,Journey Energy Inc.,Countess 08-36-020-16 W4,Calgary,AB,,50.7374,-112.0849,Oil and gas extraction,Volatile Organic Compounds (VOCs),tonnes,5.6247
2021,Certus Oil and Gas Inc.,Med River 06-34-39-03-5,Calgary,AB,T2P 3M3,52.39761,-114.35246,Oil and gas extraction,Volatile Organic Compounds (VOCs),tonnes,5.6448
2021,Obsidian Energy Ltd.,Pembina Sweet Gas Plant 09-17,Calgary,AB,,53.254,-114.4379,Oil and gas extraction,Volatile Organic Compounds (VOCs),tonnes,5.9276
2021,PIERIDAE ALBERTA PRODUCTION LTD.,Palliser,Calgary,AB,,54.3245,-119.8158,Oil and gas extraction,Volatile Organic Compounds (VOCs),tonnes,5.9583
2021,Certus Oil and Gas Inc.,Certus 01-19-038-03W5,Calgary,AB,T2P 3M3,52.27716,-114.40937,Oil and gas extraction,Volatile Organic Compounds (VOCs),tonnes,6.05638
2021,Spur Petroleum Ltd.,Marten Hills 16-13-73-25W4 MWB,Calgary,AB,,55.32804,-113.7,Oil and gas extraction,Volatile Organic Compounds (VOCs),tonnes,6.0713
2021,Ridgeback Resources Inc.,HARMATTAN ELKTON 6-29-30-4W5 OIL MWB,Calgary,AB,,51.5974,-114.5333,Oil and gas extraction,Volatile Organic Compounds (VOCs),tonnes,6.2545
2021,Tourmaline Oil Corp,Harlech 16-36-044-15 W5M,Calgary,AB,,52.8415,-116.0355,Oil and gas extraction,Volatile Organic Compounds (VOCs),tonnes,6.3687
2021,Obsidian Energy Ltd.,Pembalta #7 Sour Gas Plant 04-34,Calgary,AB,,53.0904,-115.245,Oil and gas extraction,Volatile Organic Compounds (VOCs),tonnes,6.683
2021,Spur Petroleum Ltd.,Nipisi 11-31-75-05W5,Calgary,AB,,55.543908,-114.769049,Oil and gas extraction,Volatile Organic Compounds (VOCs),tonnes,6.7714
2021,Enercapita Energy Ltd.,Worsley 16-36-086-10 W6M,Calgary,AB,T2P 3A8,56.5061,-119.432,Oil and gas extraction,Volatile Organic Compounds (VOCs),tonnes,7.04328
2021,Obsidian Energy Ltd.,Willesden Green Sweet Gas Plant 13-27,Calgary,AB,,52.6504,-115.0808,Oil and gas extraction,Volatile Organic Compounds (VOCs),tonnes,7.1092
2021,Spur Petroleum Ltd.,Nipisi 11-24-76-06W5,Calgary,AB,,55.601225,-114.794022,Oil and gas extraction,Volatile Organic Compounds (VOCs),tonnes,7.2232
2021,Spur Petroleum Ltd.,Ukalta 15-11-057-18W4,Calgary,AB,,53.917808,-112.563718,Oil and gas extraction,Volatile Organic Compounds (VOCs),tonnes,7.2374
2021,Obsidian Energy Ltd.,Esther Sweet Gas Plant 13-19,Calgary,AB,,51.7626,-110.1397,Oil and gas extraction,Volatile Organic Compounds (VOCs),tonnes,7.2633
2021,Taqa North Ltd.,LPC Compressor Station COM /06-23-030-28W4/ 00,Calgary,AB,T2P 0H7,51.5816,-113.8404,Oil and gas extraction,Volatile Organic Compounds (VOCs),tonnes,7.379
2021,Spur Petroleum Ltd.,Marten Hills 01-24-74-26W4,Calgary,AB,,55.419054,-113.855981,Oil and gas extraction,Volatile Organic Compounds (VOCs),tonnes,7.7715
2021,Spur Petroleum Ltd.,Marten Hills 12-15-74-24W4,Calgary,AB,,55.411859,-113.618513,Oil and gas extraction,Volatile Organic Compounds (VOCs),tonnes,7.9843
2021,City of Calgary,Fish Creek Wastewater Treatment Plant,Calgary,AB,T2J 5Z1,50.9127,-114.0118,"Water, sewage and other systems",Volatile Organic Compounds (VOCs),tonnes,8.08
2021,Journey Energy Inc.,Niton 14-05-055-11W5,Calgary,AB,,53.7284,-115.6025,Oil and gas extraction,Volatile Organic Compounds (VOCs),tonnes,8.5372
2021,Journey Energy Inc.,Calcrude Cherhill 04-24-056-05 W5,Calgary,AB,,53.847,-114.6194,Oil and gas extraction,Volatile Organic Compounds (VOCs),tonnes,8.7034
2021,Tourmaline Oil Corp,Crew Edson 16-10-052-15 W5,Calgary,AB,,53.4779,-116.124,Oil and gas extraction,Volatile Organic Compounds (VOCs),tonnes,8.7785
2021,Spur Petroleum Ltd.,Marten Hills 01-29-074,Calgary,AB,,55.43375,-113.8047,Oil and gas extraction,Volatile Organic Compounds (VOCs),tonnes,9.087
2021,Tourmaline Oil Corp,Wildhay 11-22,Calgary,AB,,53.76832,-117.48534,Oil and gas extraction,Volatile Organic Compounds (VOCs),tonnes,9.4228
2021,Spur Petroleum Ltd.,Marten Hills 05-13-075,Calgary,AB,,55.49555,-113.7545,Oil and gas extraction,Volatile Organic Compounds (VOCs),tonnes,9.4761
2021,Ovintiv Canada ULC,Gleichen Comp Stn 13-26,Calgary,AB,T2P 2S5,50.81964,-113.097,Oil and gas extraction,Volatile Organic Compounds (VOCs),tonnes,9.577
2021,Ember Resources Inc.,Entice Sweet Gas Plant 05-31,Calgary,AB,T2P 2S5,51.3487,-113.6586,Oil and gas extraction,Volatile Organic Compounds (VOCs),tonnes,11.06
2021,Tourmaline Oil Corp,Tourmaline Solomon Gas Plant (15-20-053-27-W5),Calgary,AB,,53.59928,-117.94255,Oil and gas extraction,Volatile Organic Compounds (VOCs),tonnes,11.4348
2021,Tourmaline Oil Corp,Tourmaline Chin/09-29 Ggs,Calgary,AB,,54.65656,-119.91523,Oil and gas extraction,Volatile Organic Compounds (VOCs),tonnes,11.7876
2021,Tourmaline Oil Corp,Jedney Comp Stn C-007-H,Calgary,BC,,57.08958,-122.08437,Oil and gas extraction,Volatile Organic Compounds (VOCs),tonnes,12.2125
2021,Cenovus Energy Inc.,Niton Oil Battery 14-20,Calgary,AB,T2P 0M5,53.771945,-115.751136,Oil and gas extraction,Volatile Organic Compounds (VOCs),tonnes,12.33904
2021,Tourmaline Oil Corp,Harley 08-10-057-27-W5,Calgary,AB,,53.9101,-117.9189,Oil and gas extraction,Volatile Organic Compounds (VOCs),tonnes,12.492
2021,Tourmaline Oil Corp,Oldman 10-24,Calgary,AB,,53.8556,-116.9836,Oil and gas extraction,Volatile Organic Compounds (VOCs),tonnes,13.1231
2021,Tourmaline Oil Corp,Spirit River 13-28-78-8w6 GGS,Calgary,AB,,55.79411,-119.18634,Oil and gas extraction,Volatile Organic Compounds (VOCs),tonnes,13.3661
2021,Transcontinental Inc,Transcontinental Calgary,Calgary,AB,T2H 1L3,51.00425,-114.0509,Printing and related support activities,Volatile Organic Compounds (VOCs),tonnes,13.677
2021,Obsidian Energy Ltd.,Willesden Green Sweet Gas Plant 14-01,Calgary,AB,,52.5941,-114.8793,Oil and gas extraction,Volatile Organic Compounds (VOCs),tonnes,13.7005
2021,Ridgeback Resources Inc.,RBR BALS 04-10-083-11W6 SWB,Calgary,AB,,56.1986,-119.6523,Oil and gas extraction,Volatile Organic Compounds (VOCs),tonnes,14.0876
2021,Tourmaline Oil Corp,Spirit River 06-03-078-07 W6,Calgary,AB,,55.7332,-118.9989,Oil and gas extraction,Volatile Organic Compounds (VOCs),tonnes,14.8335
2021,Certus Oil and Gas Inc.,Gilby Office 02-35-40-02W5,Calgary,AB,T2P 3M3,52.4793,-114.1782,Oil and gas extraction,Volatile Organic Compounds (VOCs),tonnes,14.9464
2021,Tourmaline Oil Corp,Black Conroy Comp Stn b-094-J/094-H-05,Calgary,BC,,57.4936,-121.6733,Oil and gas extraction,Volatile Organic Compounds (VOCs),tonnes,15.4771
2021,Spur Petroleum Ltd.,Nipisi 15-31-076-06W5,Calgary,AB,,55.63393,-114.9169,Oil and gas extraction,Volatile Organic Compounds (VOCs),tonnes,15.4964
2021,Journey Energy Inc.,Countess 10-09-020-16 W4,Calgary,AB,,50.683,-112.16,Oil and gas extraction,Volatile Organic Compounds (VOCs),tonnes,15.6137
2021,Taqa North Ltd.,NRK North Ferrier 5-10-42-9-W5 ABBT0081372,Calgary,AB,T2P 0H7,52.6013,-115.2216,Oil and gas extraction,Volatile Organic Compounds (VOCs),tonnes,15.686244
2021,Headwater Exploration Incorporated,Martin Hills Core 05-35,Calgary,AB,,55.45177,-113.74672,Oil and gas extraction,Volatile Organic Compounds (VOCs),tonnes,15.7279
2021,Tourmaline Oil Corp,Tourmaline Hinton Gas Plant (06-32-51-25 W5M),Calgary,AB,,53.44318,-117.6554,Oil and gas extraction,Volatile Organic Compounds (VOCs),tonnes,16.1083
2021,Ricochet Oil Corp.,Pembalta IV Sour Gas Plant 09-16,Calgary,AB,T2P 3R7,53.2287,-115.1044,Oil and gas extraction,Volatile Organic Compounds (VOCs),tonnes,16.21054
2021,Tourmaline Oil Corp,Tourmaline Anderson Gas Plant (01-09-051-24 W5M),Calgary,AB,,53.38259,-117.4668,Oil and gas extraction,Volatile Organic Compounds (VOCs),tonnes,16.4388
2021,Tourmaline Oil Corp,Conroy D-48-C/94-H-12,Calgary,BC,,57.53822,-121.84416,Oil and gas extraction,Volatile Organic Compounds (VOCs),tonnes,16.9656
2021,Tourmaline Oil Corp,Martin Creek Sour Gas Plant b-002-E/094-H-06,Calgary,BC,,57.3353,-121.3979,Oil and gas extraction,Volatile Organic Compounds (VOCs),tonnes,17.2591
2021,Calgary Energy Centre No. 2 Inc.,Calgary Energy Centre,Calgary,AB,T3N 1C6,51.18045,-113.93728,"Electric power generation, transmission and distribution",Volatile Organic Compounds (VOCs),tonnes,17.647
2021,XTO Energy Canada ULC,Resthaven 02-10,Calgary,AB,T2C 5N1,54.1704,-118.05982,Oil and gas extraction,Volatile Organic Compounds (VOCs),tonnes,20.0337
2021,Tourmaline Oil Corp,Obed 01-21,Calgary,AB,,53.761093,-117.349179,Oil and gas extraction,Volatile Organic Compounds (VOCs),tonnes,20.0723
2021,Certus Oil and Gas Inc.,Gilby Gas Plant 05-05-040-03W5,Calgary,AB,T2P 3M3,52.4129,-114.4076,Oil and gas extraction,Volatile Organic Compounds (VOCs),tonnes,20.2147
2021,Tourmaline Oil Corp,Red Rock Gas Battery 09-07-062-06W6,Calgary,AB,,54.35037,-118.87809,Oil and gas extraction,Volatile Organic Compounds (VOCs),tonnes,21.1125
2021,Strathcona Resources Ltd.,Jayar 09-03-062-03W6,Calgary,AB,,54.27501,-118.41398,Oil and gas extraction,Volatile Organic Compounds (VOCs),tonnes,21.8708
2021,Strathcona Resources Ltd.,Jayar 14-29,Calgary,AB,,54.309734,-118.417199,Oil and gas extraction,Volatile Organic Compounds (VOCs),tonnes,22.6649
2021,NuVista Energy Ltd.,Pipestone North 16-28-71-09W6 GS,Calgary,AB,T2P 1G1,55.18332,-119.31112,Oil and gas extraction,Volatile Organic Compounds (VOCs),tonnes,22.67803
2021,Enerplus Corporation,Wildmere Sweet Gas Plant 05-24,Calgary,AB,T2P 2Z1,53.0648,-110.6089,Oil and gas extraction,Volatile Organic Compounds (VOCs),tonnes,23.21659
2021,i3 Energy Canada Ltd.,Leedale Gas Plant 9-21-43-4W5M,Calgary,AB,,52.9582,-114.6799,Oil and gas extraction,Volatile Organic Compounds (VOCs),tonnes,23.746316
2021,City of Calgary,Pine Creek Wastewater Treatment Plant,Calgary,AB,T2X 1Z3,50.8589,-113.9885,"Water, sewage and other systems",Volatile Organic Compounds (VOCs),tonnes,24.42
2021,Certus Oil and Gas Inc.,Med River 06-33-039-04W5,Calgary,AB,T2P 3M3,52.3956,-114.5213,Oil and gas extraction,Volatile Organic Compounds (VOCs),tonnes,24.6102
2021,Spartan Delta Corp.,Alder Flats Gas Plant 10-09,Calgary,AB,T2P 0H7,52.86764,-115.0983,Oil and gas extraction,Volatile Organic Compounds (VOCs),tonnes,26.4354
2021,Tourmaline Oil Corp,Dawson/Doe 1-32-80-15 W6,Calgary,BC,,55.97255,-120.29903,Oil and gas extraction,Volatile Organic Compounds (VOCs),tonnes,26.6901
2021,Tourmaline Oil Corp,Birley Umbach A-072-F/094-H-03,Calgary,BC,,57.49334,-121.67716,Oil and gas extraction,Volatile Organic Compounds (VOCs),tonnes,27.6661
2021,Tourmaline Oil Corp,Resthaven 3-16 Gas Plant,Calgary,AB,,54.18319,-118.2408,Oil and gas extraction,Volatile Organic Compounds (VOCs),tonnes,28.1667
2021,Taqa North Ltd.,Sunchild 01-04-044-11W5 MWGB ABBT0137474,Calgary,AB,,52.527764,-115.330127,Oil and gas extraction,Volatile Organic Compounds (VOCs),tonnes,28.166831
2021,Tourmaline Oil Corp,Tourmaline 12-06-081-07-W6,Calgary,AB,,55.99437,-119.093254,Oil and gas extraction,Volatile Organic Compounds (VOCs),tonnes,30.4159
2021,Tourmaline Oil Corp,Tourmaline Cecilia Gas Plant (15-04-058-23 W5M),Calgary,AB,,53.990234,-117.355302,Oil and gas extraction,Volatile Organic Compounds (VOCs),tonnes,31.3632
2021,PIERIDAE ALBERTA PRODUCTION LTD.,Chungo Compressor Station 05-26-043-18W5,Calgary,AB,,52.73244,-116.51295,Oil and gas extraction,Volatile Organic Compounds (VOCs),tonnes,32.1307
2021,Ricochet Oil Corp.,Pembalta Gas Plant 09-25,Calgary,AB,T2P 3R7,53.1739,-114.8846,Oil and gas extraction,Volatile Organic Compounds (VOCs),tonnes,32.23183
2021,Tourmaline Oil Corp,Kakwa Gas Plant 07-09-062-08 W6M,Calgary,AB,,54.346751,-119.134195,Oil and gas extraction,Volatile Organic Compounds (VOCs),tonnes,34.7978
2021,Tourmaline Oil Corp,Tourmaline Musreau 02/09-13-062-06-W6,Calgary,AB,,54.362358,-118.75371,Oil and gas extraction,Volatile Organic Compounds (VOCs),tonnes,35.9369
2021,Tourmaline Oil Corp,Kakwa Gas Processing 01-35-060-05W6,Calgary,AB,,54.2268,-118.6281,Oil and gas extraction,Volatile Organic Compounds (VOCs),tonnes,36.609
2021,Tourmaline Oil Corp,Horse 16-17-058-26-W5,Calgary,AB,,54.0193,-117.8199,Oil and gas extraction,Volatile Organic Compounds (VOCs),tonnes,37.258
2021,PetroChina Canada Ltd.,Mackay River Commercial Program,Calgary,AB,T2P 3H9,56.79043,-112.09594,Oil and gas extraction,Volatile Organic Compounds (VOCs),tonnes,37.6684
2021,Strathcona Resources Ltd.,Jayar 06-08-062-03W6 GP,Calgary,AB,,54.3468,-118.41578,Oil and gas extraction,Volatile Organic Compounds (VOCs),tonnes,38.3339
2021,Enmax Generation Portfolio Inc,Shepard Energy Centre,Calgary,AB,T3S 0A2,50.97068,-113.8851,"Electric power generation, transmission and distribution",Volatile Organic Compounds (VOCs),tonnes,38.6
2021,Tourmaline Oil Corp,Tourmaline Edson Gas Plant (04-17-051-18-W5M),Calgary,AB,,52.874467,-116.029179,Oil and gas extraction,Volatile Organic Compounds (VOCs),tonnes,38.9895
2021,Tourmaline Oil Corp,Sunrise 15-34-079-17-W6,Calgary,BC,,55.89665,-120.56939,Oil and gas extraction,Volatile Organic Compounds (VOCs),tonnes,39.0707
2021,Tourmaline Oil Corp,Sundance 15-07,Calgary,AB,,53.6556,-117.0817,Oil and gas extraction,Volatile Organic Compounds (VOCs),tonnes,39.3787
2021,Tourmaline Oil Corp,Tourmaline Med Lodge Gas Plant (14-03-052-23W5),Calgary,SK,,49.51922,-101.41762,Oil and gas extraction,Volatile Organic Compounds (VOCs),tonnes,40.5256
2021,Tourmaline Oil Corp,Tourmaline Doe Gas Plant (02-11-080-16 W6M),Calgary,BC,,55.91377,-120.38232,Oil and gas extraction,Volatile Organic Compounds (VOCs),tonnes,41.4883
2021,Journey Energy Inc.,THUNDER MATZIWIN 13-36,Calgary,AB,,51.00676,-111.83832,Oil and gas extraction,Volatile Organic Compounds (VOCs),tonnes,42.383
2021,Tourmaline Oil Corp,Leland Comp Stn 14-34-058-26-W5,Calgary,AB,,54.0629,-117.7826,Oil and gas extraction,Volatile Organic Compounds (VOCs),tonnes,49.6031
2021,Zargon Oil and Gas Ltd.,TAQA LAPRISE B-40-E/94-H-5,Calgary,BC,T2P 1K3,57.3604,-121.9969,Oil and gas extraction,Volatile Organic Compounds (VOCs),tonnes,50.50649
2021,Tourmaline Oil Corp,Tourmaline Wildhay Gas Plant (11-16-055-24 W5M),Calgary,AB,,53.75512,-117.50988,Oil and gas extraction,Volatile Organic Compounds (VOCs),tonnes,51.403
2021,Tourmaline Oil Corp,Tourmaline Berland Gas Plant (14-15-059-24-W5M),Calgary,AB,,54.106806,-117.516746,Oil and gas extraction,Volatile Organic Compounds (VOCs),tonnes,52.7024
2021,AB Mauri (Canada) Ltd.,Fleischmann's Yeast- Calgary Plant,Calgary,AB,T2G 3M3,51.03471,-114.0256,Other food manufacturing,Volatile Organic Compounds (VOCs),tonnes,54.36
2021,Tourmaline Oil Corp,Tourmaline Wildriver Gas Plant (14-20-056-23 W5M),Calgary,AB,,53.8579,-117.3846,Oil and gas extraction,Volatile Organic Compounds (VOCs),tonnes,54.3633
2021,Tourmaline Oil Corp,Tourmaline Columbia Gas Plant (15-36-044-15 W5M),Calgary,AB,,52.83944,-116.03732,Oil and gas extraction,Volatile Organic Compounds (VOCs),tonnes,55.0927
2021,Journey Energy Inc.,PEMBINA 12-31-048-04 W5,Calgary,AB,,53.18677,-114.58241,Oil and gas extraction,Volatile Organic Compounds (VOCs),tonnes,57.7294
2021,Tourmaline Oil Corp,Kakwa Gas Battery 04-26-061-05W6,Calgary,AB,,54.3025,-118.6442,Oil and gas extraction,Volatile Organic Compounds (VOCs),tonnes,58.166
2021,Tourmaline Oil Corp,Tourmaline Ansell Plant (01-34-51-18 W5M),Calgary,AB,,53.44643,-116.545029,Oil and gas extraction,Volatile Organic Compounds (VOCs),tonnes,58.3482
2021,Husky Oil Operations Limited,WAPITI 10-14-067-08W6,Calgary,AB,T2P 3G7,54.799999,-119.106102,Warehousing and storage,Volatile Organic Compounds (VOCs),tonnes,59.9458
2021,Spur Petroleum Ltd.,Marten Hills 15-29-073-24W4,Calgary,AB,,55.35825,-117.6521,Oil and gas extraction,Volatile Organic Compounds (VOCs),tonnes,60.1532
2021,Tourmaline Oil Corp,Wapiti 4-9-66-8W6M MWB,Calgary,AB,,54.692575,-119.155128,Oil and gas extraction,Volatile Organic Compounds (VOCs),tonnes,61.2045
2021,Amvic Inc.,Amvic Inc.,Calgary,AB,T2G 4N6,51.02068,-114.0315,Plastic product manufacturing,Volatile Organic Compounds (VOCs),tonnes,61.849
2021,Tourmaline Oil Corp,Tourmaline Sunrise Gas Plant (03-18-080-17 W6M),Calgary,BC,,55.9285,-120.6423,Oil and gas extraction,Volatile Organic Compounds (VOCs),tonnes,63.6761
2021,Pembina Pipeline Corporation,Kakwa River Gas Plant 08-13-063-05W6,Calgary,AB,,54.448884,-118.594666,Oil and gas extraction,Volatile Organic Compounds (VOCs),tonnes,64.1869
2021,CANAM B�timents et Structures inc.,Calgary,Calgary,AB,T2H 0N2,51.00529,-114.05857,Architectural and structural metals manufacturing,Volatile Organic Compounds (VOCs),tonnes,67.6
2021,Tourmaline Oil Corp,Laprise Gas Plant,Calgary,BC,,57.3535,-122.0505,Oil and gas extraction,Volatile Organic Compounds (VOCs),tonnes,69.9198
2021,Tourmaline Oil Corp,Gundy A-021-I,Calgary,BC,,56.68376,-122.0075,Oil and gas extraction,Volatile Organic Compounds (VOCs),tonnes,70.5059
2021,APEL Extrusions Ltd.,APEL EXTRUSIONS,Calgary,AB,T2C 1H7,50.983,-113.9884,Alumina and aluminum production and processing,Volatile Organic Compounds (VOCs),tonnes,72.514
2021,Tourmaline Oil Corp,Aitken Creek Sour Gas Plant c-038-C,Calgary,BC,,57.02883,-121.84918,Oil and gas extraction,Volatile Organic Compounds (VOCs),tonnes,77.6984
2021,Tourmaline Oil Corp,Sundown B-067-H/093-P-10,Calgary,BC,,55.63536,-120.58595,Oil and gas extraction,Volatile Organic Compounds (VOCs),tonnes,77.8535
2021,Weston Bakeries,Weston Bakeries Calgary,Calgary,AB,T2H 0N8,51.001,-114.0612,Bakeries and tortilla manufacturing,Volatile Organic Compounds (VOCs),tonnes,77.955
2021,Tourmaline Oil Corp,Tourmaline West Doe Gas Plant (13-25-080-16 W6M),Calgary,BC,,55.97092,-120.368337,Oil and gas extraction,Volatile Organic Compounds (VOCs),tonnes,79.4132
2021,Tourmaline Oil Corp,Kakwa Oil Battery 07-22-061-05W6,Calgary,AB,,54.28785,-118.65663,Oil and gas extraction,Volatile Organic Compounds (VOCs),tonnes,88.8855
2021,Tourmaline Oil Corp,Tourmaline Spirit River Gas Plant (03-10-077-07 W6M),Calgary,AB,,55.6545,-119.00147,Oil and gas extraction,Volatile Organic Compounds (VOCs),tonnes,90.41413
2021,Tourmaline Oil Corp,Aitken Creek Sour Gas Plant c-046-C,Calgary,BC,,57.03949,-121.82333,Oil and gas extraction,Volatile Organic Compounds (VOCs),tonnes,90.5815
2021,Tourmaline Oil Corp,Tourmaline Banshee Plant (15-12-050-21 W5M),Calgary,AB,,53.30683,-116.93588,Oil and gas extraction,Volatile Organic Compounds (VOCs),tonnes,92.4522
2021,Spur Petroleum Ltd.,Simonette OBty 5-7,Calgary,AB,,54.34677,-117.74779,Oil and gas extraction,Volatile Organic Compounds (VOCs),tonnes,98.0194
2021,City of Calgary,Bonnybrook Wastewater Treatment Plant,Calgary,AB,T2G 3M8,51.0128,-114.022,"Water, sewage and other systems",Volatile Organic Compounds (VOCs),tonnes,104.73
2021,CSV Midstream Solutions,Karr Sour Gas Processing Plant,Calgary,AB,T2P 0J1,54.709648,-118.600073,Oil and gas extraction,Volatile Organic Compounds (VOCs),tonnes,139.556152
2021,PIERIDAE ALBERTA PRODUCTION LTD.,Jumping Pound Complex,Calgary,AB,T2P 4V8,51.13696,-114.58262,Oil and gas extraction,Volatile Organic Compounds (VOCs),tonnes,139.65
2021,Obsidian Energy Ltd.,Bigoray Sour Gas Plant 06-28,Calgary,AB,,53.4287,-115.1258,Oil and gas extraction,Volatile Organic Compounds (VOCs),tonnes,145.969
2021,Tourmaline Oil Corp,Tourmaline Gundy Gas Plant (C-060-A / 94-B-16),Calgary,BC,,56.801313,-122.121084,Oil and gas extraction,Volatile Organic Compounds (VOCs),tonnes,150.9371
2021,Crown Metal Packaging Canada LP,CROWN METAL PACKAGING CANADA LP - Plant 235,Calgary,AB,T1X 1E1,50.98701,-113.97051,Other fabricated metal product manufacturing,Volatile Organic Compounds (VOCs),tonnes,185.626
2021,Shell Canada Products ,Calgary Terminal,Calgary,AB,T2C 4K9,50.96227,-113.9789,Petroleum and petroleum products merchant wholesalers,Volatile Organic Compounds (VOCs),tonnes,264.182535
2021,Hood Packaging Corporation,Calgary Plastics Film Division,Calgary,AB,T2G 1V7,51.02419,-114.0353,Plastic product manufacturing,Volatile Organic Compounds (VOCs),tonnes,272.7
2021,Strathcona Resources Ltd.,LINDBERGH SAGD 04-25,Calgary,AB,T2P 4K9,54.03691,-110.62095,Oil and gas extraction,Volatile Organic Compounds (VOCs),tonnes,434.2665
2021,IMPERIAL OIL,Calgary Terminal,Calgary,AB,T2C 4K9,50.9636,-113.97668,Petroleum and petroleum products merchant wholesalers,Volatile Organic Compounds (VOCs),tonnes,567.0583
2021,Alberta Distillers Ltd.,ALBERTA DISTILLERS,Calgary,AB,T2H 1X1,51.02277,-114.02766,Beverage manufacturing,Volatile Organic Compounds (VOCs),tonnes,1646.65
