Year,Company_Name,Facility_Name,City,Province,Postal_Code,Latitude,Longitude,Sector_Name,Substance_Name,Units,Total_Air_Emissions
2020,Abbey Resources,Shackleton Compressor Station 14-36-020-19W3,CALGARY,SK,,50.7442,-108.5154,Oil and gas extraction,Nitrogen oxides (expressed as nitrogen dioxide),tonnes,19.4472
2020,ACCEL Energy Canada Ltd.,Judy Creek Production Complex,CALGARY,AB,T2P 0B4,54.51258,-115.50247,Oil and gas extraction,Nitrogen oxides (expressed as nitrogen dioxide),tonnes,2.718
2020,Alberta  Health Services,Foothills Medical Centre,CALGARY,AB,T2N 2T9,51.06584,-114.13399,General medical and surgical hospitals,Nitrogen oxides (expressed as nitrogen dioxide),tonnes,150
2020,Alberta Distillers Ltd.,ALBERTA DISTILLERS,CALGARY,AB,T2H 1X1,51.02277,-114.02766,Beverage manufacturing,Nitrogen oxides (expressed as nitrogen dioxide),tonnes,53.84
2020,ARC RESOURCES LTD.,Lator #1 01-21-063-02W6,CALGARY,AB,,54.4394,-118.2504,Oil and gas extraction,Nitrogen oxides (expressed as nitrogen dioxide),tonnes,77.16
2020,ARC RESOURCES LTD.,Karr 07-11-064-04W6,CALGARY,AB,,54.5411,-118.1792,Oil and gas extraction,Nitrogen oxides (expressed as nitrogen dioxide),tonnes,1422.1
2020,Axiom Oil and Gas Inc.,HOLDEN - 10-29-045-17W4 - COMP (ABCS0020150),Calgary,AB,,52.9084,-112.4353,Oil and gas extraction,Nitrogen oxides (expressed as nitrogen dioxide),tonnes,0
2020,Axiom Oil and Gas Inc.,Bonnie Glenn 11-06-044-25W4 - COMP (ABCS0009501),Calgary,AB,,52.7798,-113.6299,Oil and gas extraction,Nitrogen oxides (expressed as nitrogen dioxide),tonnes,0
2020,Axiom Oil and Gas Inc.,AltaGas Services 13-31-045-13W4M (ABCS0022912),Calgary,AB,,52.9268,-111.8895,Oil and gas extraction,Nitrogen oxides (expressed as nitrogen dioxide),tonnes,3.951
2020,Axiom Oil and Gas Inc.,Manola Sweet Gas Plant 11-18 (ABGP0001536),Calgary,AB,,54.10458,-114.29022,Oil and gas extraction,Nitrogen oxides (expressed as nitrogen dioxide),tonnes,6.4068
2020,Axiom Oil and Gas Inc.,AltaGas Services 12-04-054-14W4M (ABCS0020149),Calgary,AB,,53.6359,-112.0192,Oil and gas extraction,Nitrogen oxides (expressed as nitrogen dioxide),tonnes,31.8664
2020,Black Swan Energy Ltd.,Jedney Comp Stn C-007-H,Calgary,BC,T2P 3G6,57.08958,-122.08437,Oil and gas extraction,Nitrogen oxides (expressed as nitrogen dioxide),tonnes,56.7285
2020,Black Swan Energy Ltd.,Aitken a-011-A Comp Stn,Calgary,BC,T2P 3G6,57.01042,-122.00312,Oil and gas extraction,Nitrogen oxides (expressed as nitrogen dioxide),tonnes,61.08299
2020,Black Swan Energy Ltd.,Aiken Creek Sour Gas Plant c-046-C,CALGARY,BC,T2P 3G6,57.03949,-121.82333,Oil and gas extraction,Nitrogen oxides (expressed as nitrogen dioxide),tonnes,324.926
2020,Black Swan Energy Ltd.,Aitken Creek Sour Gas Plant c-038-C,CALGARY,BC,T2P 3G6,57.02883,-121.84918,Oil and gas extraction,Nitrogen oxides (expressed as nitrogen dioxide),tonnes,1613.396
2020,BURNCO Rock Products Ltd,Burma Road Aggregate,CALGARY,AB,T3R 1J3,51.185538,-114.221268,Non-metallic mineral mining and quarrying,Nitrogen oxides (expressed as nitrogen dioxide),tonnes,14.034
2020,BURNCO Rock Products Ltd,Springbank Aggregate,CALGARY,AB,T3Z 3N4,51.07474,-114.24676,Non-metallic mineral mining and quarrying,Nitrogen oxides (expressed as nitrogen dioxide),tonnes,35.771
2020,BURNCO Rock Products Ltd,BLV Aggregate,CALGARY,AB,T3R 1J3,51.1648,-114.21755,Non-metallic mineral mining and quarrying,Nitrogen oxides (expressed as nitrogen dioxide),tonnes,35.815
2020,Calgary Energy Centre No. 2 Inc.,Calgary Energy Centre,CALGARY,AB,T3N 1C6,51.18045,-113.93728,"Electric power generation, transmission and distribution",Nitrogen oxides (expressed as nitrogen dioxide),tonnes,398.04
2020,Canada Malting Co Ltd.,Calgary Plant,CALGARY,AB,T2G 4M9,51.0245,-114.025,Other food manufacturing,Nitrogen oxides (expressed as nitrogen dioxide),tonnes,33.4
2020,Canadian Natural Resources Limited,Rattler Compressor Station 16-21-022-09W4,Calgary,AB,,54.153407,-110.933489,Oil and gas extraction,Nitrogen oxides (expressed as nitrogen dioxide),tonnes,16.082
2020,Canadian Natural Resources Limited,South Wapiti Compressor Station 10-30-067-11W6,Calgary,AB,,54.830644,-119.662625,Oil and gas extraction,Nitrogen oxides (expressed as nitrogen dioxide),tonnes,16.545
2020,Canadian Natural Resources Limited,Gold Creek Compressor Station 12-26-067-06W6,Calgary,AB,,54.830623,-118.810719,Oil and gas extraction,Nitrogen oxides (expressed as nitrogen dioxide),tonnes,24.455
2020,Canadian Natural Resources Limited,Cessford Sweet Gas Plant 02-11-027-16W4,Calgary,AB,,51.286899,-112.146885,Oil and gas extraction,Nitrogen oxides (expressed as nitrogen dioxide),tonnes,25.832
2020,Canadian Natural Resources Limited,Wapiti Compressor Station 07-24-068-07W6,Calgary,AB,,54.899664,-118.925462,Oil and gas extraction,Nitrogen oxides (expressed as nitrogen dioxide),tonnes,39.897
2020,Canadian Natural Resources Limited,Frog Lake Compressor Station 07-36-057-04W4,Calgary,AB,,53.96941,-110.454161,Oil and gas extraction,Nitrogen oxides (expressed as nitrogen dioxide),tonnes,62.985
2020,Canadian Natural Resources Limited,Septimus Comp Stn 14-16,Calgary,BC,,56.02707,-120.757269,Oil and gas extraction,Nitrogen oxides (expressed as nitrogen dioxide),tonnes,101.106
2020,Canadian Natural Resources Limited,Tweedie Compressor Station 01-19-068-12W4,Calgary,AB,,54.8944,-111.8139,Oil and gas extraction,Nitrogen oxides (expressed as nitrogen dioxide),tonnes,226.991
2020,"CertainTeed Canada, Inc.",Calgary Wallboard Plant,CALGARY,AB,T2C 2A4,50.9938,-113.99,Lime and gypsum product manufacturing,Nitrogen oxides (expressed as nitrogen dioxide),tonnes,23.237
2020,Certus Oil and Gas Inc.,Med River 06-18-39-03-5,CALGARY,AB,T2P 3M3,52.35503,-114.42308,Oil and gas extraction,Nitrogen oxides (expressed as nitrogen dioxide),tonnes,0.668
2020,Certus Oil and Gas Inc.,Certus 04-16-038-03W5,CALGARY,AB,T2P 3M3,52.26267,-114.3795,Oil and gas extraction,Nitrogen oxides (expressed as nitrogen dioxide),tonnes,2.315
2020,Certus Oil and Gas Inc.,Med River 06-34-39-03-5,CALGARY,AB,T2P 3M3,52.39761,-114.35246,Oil and gas extraction,Nitrogen oxides (expressed as nitrogen dioxide),tonnes,19.042
2020,Certus Oil and Gas Inc.,Certus 06-20-038-04-W5 Battery,CALGARY,AB,T2P 3M3,52.28077,-114.54032,Oil and gas extraction,Nitrogen oxides (expressed as nitrogen dioxide),tonnes,41.89
2020,Certus Oil and Gas Inc.,Med River 06-33-039-04W5,CALGARY,AB,T2P 3M3,52.3956,-114.5213,Oil and gas extraction,Nitrogen oxides (expressed as nitrogen dioxide),tonnes,49.037
2020,Certus Oil and Gas Inc.,Gilby Office 02-35-40-02W5,CALGARY,AB,T2P 3M3,52.4793,-114.1782,Oil and gas extraction,Nitrogen oxides (expressed as nitrogen dioxide),tonnes,54.968
2020,Certus Oil and Gas Inc.,Gilby Gas Plant 05-05-040-03W5,CALGARY,AB,T2P 3M3,52.4129,-114.4076,Oil and gas extraction,Nitrogen oxides (expressed as nitrogen dioxide),tonnes,81.319
2020,City of Calgary,Bonnybrook Wastewater Treatment Plant,CALGARY,AB,T2G 3M8,51.0128,-114.022,"Water, sewage and other systems",Nitrogen oxides (expressed as nitrogen dioxide),tonnes,625.27
2020,CSV Midstream Solutions,Karr Sour Gas Processing Plant,CALGARY,AB,T2P 0J1,54.709648,-118.600073,Oil and gas extraction,Nitrogen oxides (expressed as nitrogen dioxide),tonnes,145.570766
2020,Distinction Energy Corp.,Bigstone Battery 07-11-060-23W5,CALGARY,AB,T2P 2Z1,54.17242,-117.3342,Oil and gas extraction,Nitrogen oxides (expressed as nitrogen dioxide),tonnes,46.3007
2020,Distinction Energy Corp.,Bigstone Sour Gas Processing Plant,CALGARY,AB,T2P 2Z1,54.17216,-117.3349,Oil and gas extraction,Nitrogen oxides (expressed as nitrogen dioxide),tonnes,80.4445
2020,Ember Resources Inc.,09-06-042-20W4 Lamerton,CALGARY,AB,T2P 4H2,52.589,-112.8627,Oil and gas extraction,Nitrogen oxides (expressed as nitrogen dioxide),tonnes,1.04
2020,Ember Resources Inc.,Entice Sweet Gas Plant 05-31,CALGARY,AB,T2P 2S5,51.3487,-113.6586,Oil and gas extraction,Nitrogen oxides (expressed as nitrogen dioxide),tonnes,30.46
2020,Ember Resources Inc.,10-30-037-19W4,CALGARY,AB,,52.212,-112.7015,Oil and gas extraction,Nitrogen oxides (expressed as nitrogen dioxide),tonnes,42.25
2020,Ember Resources Inc.,Wood River 01-28-43-23-W4M,CALGARY,AB,T2P 4H2,52.7278,-113.2701,Oil and gas extraction,Nitrogen oxides (expressed as nitrogen dioxide),tonnes,43.19
2020,Ember Resources Inc.,2-10-043-23W4,CALGARY,AB,T2P 4H2,52.68504,-113.2542,Oil and gas extraction,Nitrogen oxides (expressed as nitrogen dioxide),tonnes,49.1
2020,Ember Resources Inc.,11-16-043-23W4,CALGARY,AB,T2P 4H2,52.70699,-113.2843,Oil and gas extraction,Nitrogen oxides (expressed as nitrogen dioxide),tonnes,49.1
2020,Ember Resources Inc.,1-29-037-19W4,CALGARY,AB,,52.2029,-112.6773,Oil and gas extraction,Nitrogen oxides (expressed as nitrogen dioxide),tonnes,67.14
2020,Enercapita Energy Ltd.,Chauvco 10-10,CALGARY,AB,T2P 3A8,56.270373,-119.803148,Oil and gas extraction,Nitrogen oxides (expressed as nitrogen dioxide),tonnes,7.1079
2020,Enercapita Energy Ltd.,Boundary Lake 10-19-086-11 W6M,CALGARY,AB,T2P 3A8,56.4739,-119.7222,Oil and gas extraction,Nitrogen oxides (expressed as nitrogen dioxide),tonnes,30.1089
2020,Enercapita Energy Ltd.,Worsley 16-36-086-10 W6M,CALGARY,AB,T2P 3A8,56.5061,-119.432,Oil and gas extraction,Nitrogen oxides (expressed as nitrogen dioxide),tonnes,38.7386
2020,Enmax Generation Portfolio Inc,Shepard Energy Centre,CALGARY,AB,T3S 0A2,50.97068,-113.8851,"Electric power generation, transmission and distribution",Nitrogen oxides (expressed as nitrogen dioxide),tonnes,1139.34
2020,General Scrap Partnership,Navajo Metals,CALGARY,AB,T2H 2G7,51.00073,-114.03439,Other miscellaneous manufacturing,Nitrogen oxides (expressed as nitrogen dioxide),tonnes,4.67
2020,Husky Oil Operations Limited,WAPITI 10-14-067-08W6,Calgary,AB,T2P 3G7,54.799999,-119.106102,Warehousing and storage,Nitrogen oxides (expressed as nitrogen dioxide),tonnes,0
2020,Husky Oil Operations Limited,MORGAN SWB 04-11-052-04W4,CALGARY,AB,,53.46963,-110.4953,Oil and gas extraction,Nitrogen oxides (expressed as nitrogen dioxide),tonnes,0.92575
2020,Husky Oil Operations Limited,MARWAYNE GGS GS 16-07-052-01W4,CALGARY,AB,T2P 1N2,53.50517,-110.1074,Oil and gas extraction,Nitrogen oxides (expressed as nitrogen dioxide),tonnes,1.08695
2020,Husky Oil Operations Limited,HUSKY BT 16-23-048-06W4,CALGARY,AB,T2P 1N2,53.16037,-110.7658,Oil and gas extraction,Nitrogen oxides (expressed as nitrogen dioxide),tonnes,1.23081
2020,Husky Oil Operations Limited,WEMBLEY BT 13-26-072-10W6,CALGARY,AB,T2P 1N2,53.146389,-110.739502,Oil and gas extraction,Nitrogen oxides (expressed as nitrogen dioxide),tonnes,1.36632
2020,Husky Oil Operations Limited,HUSKY BT 15-23-048-06W4,CALGARY,AB,T2P 1N2,53.16043,-110.7721,Oil and gas extraction,Nitrogen oxides (expressed as nitrogen dioxide),tonnes,1.65759
2020,Husky Oil Operations Limited,WILDMERE BT 01-24-048-06W4,CALGARY,AB,T2P 1N2,53.147133,-110.739656,Oil and gas extraction,Nitrogen oxides (expressed as nitrogen dioxide),tonnes,1.92206
2020,Husky Oil Operations Limited,HUSKY LLYOD 16-4-49-2,CALGARY,AB,T2P 3G7,53.20279,-110.22805,Oil and gas extraction,Nitrogen oxides (expressed as nitrogen dioxide),tonnes,14.78726
2020,Husky Oil Operations Limited,MARWAYNE MWB 04-08-052-03W4,CALGARY,AB,T2P 1N2,53.46986,-110.4203,Oil and gas extraction,Nitrogen oxides (expressed as nitrogen dioxide),tonnes,15.05136
2020,Husky Oil Operations Limited,MANNVILLE MWB 16-20-052-07W4,CALGARY,AB,T2P 1N2,53.50959,-110.991,Oil and gas extraction,Nitrogen oxides (expressed as nitrogen dioxide),tonnes,16.7565
2020,Husky Oil Operations Limited,KNOPCIK BT 13-31-073-10W6,CALGARY,AB,T2P 1N2,55.37227,-119.53544,Oil and gas extraction,Nitrogen oxides (expressed as nitrogen dioxide),tonnes,49.90079
2020,i3 Energy Canada Ltd.,06-09-61-27 W5M,Calgary,AB,T2P 1K3,54.259533,-117.991448,Oil and gas extraction,Nitrogen oxides (expressed as nitrogen dioxide),tonnes,40.3887
2020,i3 Energy Canada Ltd.,Leedale Gas Plant 9-21-43-4W5M,CALGARY,AB,,52.9582,-114.6799,Oil and gas extraction,Nitrogen oxides (expressed as nitrogen dioxide),tonnes,59.49029
2020,Journey Energy Inc.,Niton 14-05-055-11W5,CALGARY,AB,,53.7284,-115.6025,Oil and gas extraction,Nitrogen oxides (expressed as nitrogen dioxide),tonnes,40.4834
2020,Jupiter Resources Inc.,Kakwa Gas Processing 01-35-060-05W6,CALGARY,AB,T2P 3H7,54.2268,-118.6281,Oil and gas extraction,Nitrogen oxides (expressed as nitrogen dioxide),tonnes,70.3976
2020,Jupiter Resources Inc.,Kakwa Gas Battery 04-26-061-05W6,CALGARY,AB,T2P 3H7,54.3025,-118.6442,Oil and gas extraction,Nitrogen oxides (expressed as nitrogen dioxide),tonnes,104.509
2020,Jupiter Resources Inc.,Resthaven 3-16 Gas Plant,CALGARY,AB,T2P 3H7,54.18319,-118.2408,Oil and gas extraction,Nitrogen oxides (expressed as nitrogen dioxide),tonnes,321.5516
2020,Lafarge Canada Inc. - WEST,"Lafarge Canada Inc., Greater Calgary, STAR Pit",CALGARY,AB,T3R 1J3,51.1655,-114.222,Non-metallic mineral mining and quarrying,Nitrogen oxides (expressed as nitrogen dioxide),tonnes,62.39
2020,Loyal Energy (Canada) Operating Ltd.,Lookout Butte 4-13,CALGARY,AB,T2P 0G5,49.1181,-113.6371,Oil and gas extraction,Nitrogen oxides (expressed as nitrogen dioxide),tonnes,23.1314
2020,Lynx Energy ULC,Three Hills Creek Gas Battery 05-36,CALGARY,AB,T2G 0P6,51.9599,-113.5627,Oil and gas extraction,Nitrogen oxides (expressed as nitrogen dioxide),tonnes,22.6686
2020,Lynx Energy ULC,Three Hills Creek Gas Battery 01-36,CALGARY,AB,T2G 0P6,52.0429,-113.5791,Oil and gas extraction,Nitrogen oxides (expressed as nitrogen dioxide),tonnes,29.1439
2020,NAL Resources Management,Neptune 16-18-3-15 W2M,CALGARY,SK,T2P 1G1,49.21512,-104.00491,Oil and gas extraction,Nitrogen oxides (expressed as nitrogen dioxide),tonnes,0.618
2020,NAL Resources Management,Hoffer 04-05-02-15 W2M,CALGARY,SK,T2P 1G1,49.08933,-103.98464,Oil and gas extraction,Nitrogen oxides (expressed as nitrogen dioxide),tonnes,0.659
2020,NAL Resources Management,NAL Midale 09-33-05-10 W2,CALGARY,SK,T2P 1G1,49.4311,-103.2849,Oil and gas extraction,Nitrogen oxides (expressed as nitrogen dioxide),tonnes,1.022
2020,NAL Resources Management,Midale South Vol Unit # 2 11-25-005-12-W2,CALGARY,SK,T2P 1G1,49.4165,-103.4985,Oil and gas extraction,Nitrogen oxides (expressed as nitrogen dioxide),tonnes,2.796
2020,NAL Resources Management,Elswick 11-2-5-12-W2,CALGARY,SK,T2P 1G1,49.3583,-103.5209,Oil and gas extraction,Nitrogen oxides (expressed as nitrogen dioxide),tonnes,3.614
2020,NAL Resources Management,North Nottingham Battery 05-29-005-32-W1,CALGARY,SK,T2P 1G1,49.4129,-102.2922,Oil and gas extraction,Nitrogen oxides (expressed as nitrogen dioxide),tonnes,4.309
2020,NAL Resources Management,Med River 10-29-39-4,CALGARY,AB,T2P 1G1,52.3848,-114.5393,Oil and gas extraction,Nitrogen oxides (expressed as nitrogen dioxide),tonnes,23.096
2020,NAL Resources Management,Alida West 07-17,CALGARY,SK,T2P 1G1,49.43274,-101.9209,Oil and gas extraction,Nitrogen oxides (expressed as nitrogen dioxide),tonnes,27.965
2020,NAL Resources Management,Harmattan West 07-06-032-05W5,CALGARY,AB,T2P 1G1,51.71322,-114.6955,Oil and gas extraction,Nitrogen oxides (expressed as nitrogen dioxide),tonnes,27.965
2020,NAL Resources Management,Ricinus 05-30-033-07W5,CALGARY,AB,T2P 1G1,51.85875,-114.9905,Oil and gas extraction,Nitrogen oxides (expressed as nitrogen dioxide),tonnes,27.965
2020,NAL Resources Management,Westward Ho 12-05-034-04W5,CALGARY,AB,T2P 1G1,51.89149,-114.5418,Oil and gas extraction,Nitrogen oxides (expressed as nitrogen dioxide),tonnes,27.965
2020,NAL Resources Management,Dodsland 13-11-32-20-3,CALGARY,SK,T2P 1G1,51.73406,-108.74169,Oil and gas extraction,Nitrogen oxides (expressed as nitrogen dioxide),tonnes,40.817
2020,NAL Resources Management,Sylvan Lake Gas Plant 06-08-38-03-5,CALGARY,AB,T2P 1G1,52.2501,-114.3977,Oil and gas extraction,Nitrogen oxides (expressed as nitrogen dioxide),tonnes,52.962
2020,NAL Resources Management,Med River 10-35-39-04-5,CALGARY,AB,T2P 1G1,52.4011,-114.46642,Oil and gas extraction,Nitrogen oxides (expressed as nitrogen dioxide),tonnes,61.763
2020,NAL Resources Management,NAL Sturgeon Lake Gas Plant 13-07-069-24-W5,CALGARY,AB,T2P 1G1,54.9636,-117.6707,Oil and gas extraction,Nitrogen oxides (expressed as nitrogen dioxide),tonnes,76.608
2020,NAL Resources Management,Homeglen West 07-22,CALGARY,AB,T2P 1G1,52.6304,-114.3456,Oil and gas extraction,Nitrogen oxides (expressed as nitrogen dioxide),tonnes,82.538
2020,NAL Resources Management,Lochend 03-20-027-03W5,CALGARY,AB,T2P 1G1,51.31643,-114.39142,Oil and gas extraction,Nitrogen oxides (expressed as nitrogen dioxide),tonnes,90.609
2020,NAL Resources Management,Garrington 03-03-035-04W5,CALGARY,AB,T2P 1G1,51.9716,-114.4925,Oil and gas extraction,Nitrogen oxides (expressed as nitrogen dioxide),tonnes,100.636
2020,NAL Resources Management,Olds 16-33-030-01W5,CALGARY,AB,T2P 1G1,51.6183,-114.075,Oil and gas extraction,Nitrogen oxides (expressed as nitrogen dioxide),tonnes,170.944
2020,NOVA Chemicals Corporation,NOVA Chemicals Technical Centre,CALGARY,AB,T1Y 6G7,51.086252,-113.98773,Scientific research and development services,Nitrogen oxides (expressed as nitrogen dioxide),tonnes,0.92
2020,NOVA Chemicals Corporation,NOVA Research & Technology Center,CALGARY,AB,T2E 7K7,51.07865,-114.01766,Scientific research and development services,Nitrogen oxides (expressed as nitrogen dioxide),tonnes,1.9
2020,Pembina Pipeline Corporation,Kakwa River Gas Plant 08-13-063-05W6,CALGARY,AB,,54.448884,-118.594666,Oil and gas extraction,Nitrogen oxides (expressed as nitrogen dioxide),tonnes,207.5579
2020,PIERIDAE ALBERTA PRODUCTION LTD.,Jumping Pound 5-7 Well site compressor,CALGARY,AB,T2P 4V8,51.1182,-114.5558,Oil and gas extraction,Nitrogen oxides (expressed as nitrogen dioxide),tonnes,34.66554
2020,PIERIDAE ALBERTA PRODUCTION LTD.,Lynx,CALGARY,AB,T2P 3H5,54.1757,-119.5344,Oil and gas extraction,Nitrogen oxides (expressed as nitrogen dioxide),tonnes,43.852
2020,PIERIDAE ALBERTA PRODUCTION LTD.,Findley 8-24,CALGARY,AB,T2P 3H5,53.941358,-118.745552,Oil and gas extraction,Nitrogen oxides (expressed as nitrogen dioxide),tonnes,204.107
2020,PIERIDAE ALBERTA PRODUCTION LTD.,Findley 09-24,CALGARY,AB,T2P 3H5,53.9431,-118.7466,Oil and gas extraction,Nitrogen oxides (expressed as nitrogen dioxide),tonnes,277.943
2020,PIERIDAE ALBERTA PRODUCTION LTD.,Jumping Pound Complex,CALGARY,AB,T2P 4V8,51.13696,-114.58262,Oil and gas extraction,Nitrogen oxides (expressed as nitrogen dioxide),tonnes,455.534816
2020,Pipestone Energy Corp.,12- 14 Elmworth,CALGARY,AB,T2P 5C5,55.0643,-118.9638,Oil and gas extraction,Nitrogen oxides (expressed as nitrogen dioxide),tonnes,24.58
2020,Prairie Storm Energy Corp.,Leafland Gas Plant 13-16-040-05W5,CALGARY,AB,T2P 1K3,52.4465,-114.6716,Oil and gas extraction,Nitrogen oxides (expressed as nitrogen dioxide),tonnes,33.7188
2020,Rife Resources Ltd.,12-14-047-25W3 BRS,CALGARY,SK,T2R 0A8,53.054328,-109.561548,Oil and gas extraction,Nitrogen oxides (expressed as nitrogen dioxide),tonnes,4.377
2020,Shanghai Energy Corporation,Willesden Green 01-25 Battery,CALGARY,AB,T2P 1E5,52.64134,-115.15589,Oil and gas extraction,Nitrogen oxides (expressed as nitrogen dioxide),tonnes,67.7708
2020,Shield Energy Ltd.,Shield 11-11-73-12W6 Proration Bty,CALGARY,AB,T2P 3G2,55.310493,-119.733914,Oil and gas extraction,Nitrogen oxides (expressed as nitrogen dioxide),tonnes,20.240748
2020,Spartan Delta Corp.,Alder Flats Gas Plant 10-09,CALGARY,AB,T2P 3T6,52.86764,-115.0983,Oil and gas extraction,Nitrogen oxides (expressed as nitrogen dioxide),tonnes,146.969
2020,Strathcona Resources Ltd.,LINDBERGH SAGD 04-25,CALGARY,AB,T2P 4K9,54.03691,-110.62095,Oil and gas extraction,Nitrogen oxides (expressed as nitrogen dioxide),tonnes,259.2728
2020,Tallahassee Exploration Inc.,Steen River Gas Plant,CALGARY,AB,T2P 0M5,59.6018,-117.4097,Oil and gas extraction,Nitrogen oxides (expressed as nitrogen dioxide),tonnes,24.51
2020,Taqa North Ltd.,SWALWELL GAS PLANT(10-15),CALGARY,AB,,51.4826,-113.3002,Oil and gas extraction,Nitrogen oxides (expressed as nitrogen dioxide),tonnes,9.789016
2020,The Calgary Airport Authority,THE CALGARY AIRPORT AUTHORITY - CALGARY,CALGARY,AB,T2E 6W5,51.1307,-114.009,Scheduled air transportation,Nitrogen oxides (expressed as nitrogen dioxide),tonnes,24.6419
2020,Tourmaline Oil Corp, Tourmaline Chin/09-29 Ggs ,CALGARY,AB,,54.65656,-119.91523,Oil and gas extraction,Nitrogen oxides (expressed as nitrogen dioxide),tonnes,52.333
2020,Tourmaline Oil Corp,Wildhay 11-22,CALGARY,AB,T2P 3H7,53.76832,-117.48534,Oil and gas extraction,Nitrogen oxides (expressed as nitrogen dioxide),tonnes,64.0928
2020,Tourmaline Oil Corp,Oldman 10-24,CALGARY,AB,T2P 3H7,53.8556,-116.9836,Oil and gas extraction,Nitrogen oxides (expressed as nitrogen dioxide),tonnes,97.4004
2020,Tourmaline Oil Corp,Duvernay Fir Central 09-29-057-21-W5,CALGARY,AB,T2P 3H7,53.9575,-117.0766,Oil and gas extraction,Nitrogen oxides (expressed as nitrogen dioxide),tonnes,190.5464
2020,Tourmaline Oil Corp,Tourmaline Columbia Gas Plant (15-36-044-15 W5M),CALGARY,AB,T2P 3H7,52.83944,-116.03732,Oil and gas extraction,Nitrogen oxides (expressed as nitrogen dioxide),tonnes,348.5061
2020,Tourmaline Oil Corp,Tourmaline Cecilia Gas Plant (15-04-058-23 W5M),CALGARY,AB,T2P 3H7,53.990234,-117.355302,Oil and gas extraction,Nitrogen oxides (expressed as nitrogen dioxide),tonnes,518.0046
2020,Tourmaline Oil Corp,Sundance 15-07,CALGARY,AB,T2P 3H7,53.6556,-117.0817,Oil and gas extraction,Nitrogen oxides (expressed as nitrogen dioxide),tonnes,1002.9107
2020,University of Calgary,Central Heating and Cooling Plant,CALGARY,AB,T2N 1N4,51.0749,-114.1387,Universities,Nitrogen oxides (expressed as nitrogen dioxide),tonnes,60.537
2020,Whitecap Resources Inc.,Xto Kakwa 07-21-062-05W6,CALGARY,AB,,54.37591,-118.6844,Oil and gas extraction,Nitrogen oxides (expressed as nitrogen dioxide),tonnes,20.06514
2020,XTO Energy Canada ULC,KAYBOB SOUR GAS PROCESSING PLANT 15-07-060-18 W5M,CALGARY,AB,T2C 5N1,54.1795,-116.6856,Oil and gas extraction,Nitrogen oxides (expressed as nitrogen dioxide),tonnes,14.3532
2020,XTO Energy Canada ULC,YOHO HZ KAYBOBS 01-16-62-21 W5,CALGARY,AB,T2C 5N1,54.22054,-117.0504,Oil and gas extraction,Nitrogen oxides (expressed as nitrogen dioxide),tonnes,41.7463
2020,XTO Energy Canada ULC,South Kaybob 02-20,CALGARY,AB,T2C 5N1,54.19755,-116.80826,Oil and gas extraction,Nitrogen oxides (expressed as nitrogen dioxide),tonnes,76.9481
2020,XTO Energy Canada ULC,Fir 01-32,CALGARY,AB,T2C 5N1,54.13815,-117.25256,Oil and gas extraction,Nitrogen oxides (expressed as nitrogen dioxide),tonnes,78.0799
2020,XTO Energy Canada ULC,Resthaven 02-10,CALGARY,AB,T2C 5N1,54.1704,-118.05982,Oil and gas extraction,Nitrogen oxides (expressed as nitrogen dioxide),tonnes,417.0102
