Year,Company_Name,Facility_Name,City,Province,Postal_Code,Latitude,Longitude,Sector_Name,Substance_Name,Units,Total_Air_Emissions
2020,AB Mauri (Canada) Ltd.,Fleischmann's Yeast- Calgary Plant,CALGARY,AB,T2G 3M3,51.03471,-114.0256,Other food manufacturing,Volatile Organic Compounds (VOCs),tonnes,45.66
2020,ACCEL Energy Canada Ltd.,Judy Creek Production Complex,CALGARY,AB,T2P 0B4,54.51258,-115.50247,Oil and gas extraction,Volatile Organic Compounds (VOCs),tonnes,5.715
2020,AECO Gas Storage Partnership,Countess Gas Storage Facility,CALGARY,AB,T2P 0A7,50.9669,-112.6649,Oil and gas extraction,Volatile Organic Compounds (VOCs),tonnes,23.195
2020,Alberta Distillers Ltd.,ALBERTA DISTILLERS,CALGARY,AB,T2H 1X1,51.02277,-114.02766,Beverage manufacturing,Volatile Organic Compounds (VOCs),tonnes,1342.38
2020,Amvic Inc.,Amvic Inc.,CALGARY,AB,T2G 4N6,51.02068,-114.0315,Plastic product manufacturing,Volatile Organic Compounds (VOCs),tonnes,39.392
2020,APEL Extrusions Ltd.,APEL EXTRUSIONS,CALGARY,AB,T2C 1H7,50.983,-113.9884,Alumina and aluminum production and processing,Volatile Organic Compounds (VOCs),tonnes,82.768
2020,ARC RESOURCES LTD.,Lator #1 01-21-063-02W6,CALGARY,AB,,54.4394,-118.2504,Oil and gas extraction,Volatile Organic Compounds (VOCs),tonnes,27.11
2020,ARC RESOURCES LTD.,Karr 07-11-064-04W6,CALGARY,AB,,54.5411,-118.1792,Oil and gas extraction,Volatile Organic Compounds (VOCs),tonnes,92.38
2020,Axiom Oil and Gas Inc.,HOLDEN - 10-29-045-17W4 - COMP (ABCS0020150),Calgary,AB,,52.9084,-112.4353,Oil and gas extraction,Volatile Organic Compounds (VOCs),tonnes,0.0078
2020,Axiom Oil and Gas Inc.,Bonnie Glenn 11-06-044-25W4 - COMP (ABCS0009501),Calgary,AB,,52.7798,-113.6299,Oil and gas extraction,Volatile Organic Compounds (VOCs),tonnes,0.0224
2020,Axiom Oil and Gas Inc.,AltaGas Services 13-31-045-13W4M (ABCS0022912),Calgary,AB,,52.9268,-111.8895,Oil and gas extraction,Volatile Organic Compounds (VOCs),tonnes,0.0932
2020,Axiom Oil and Gas Inc.,AltaGas Services 12-04-054-14W4M (ABCS0020149),Calgary,AB,,53.6359,-112.0192,Oil and gas extraction,Volatile Organic Compounds (VOCs),tonnes,0.5061
2020,Axiom Oil and Gas Inc.,Manola Sweet Gas Plant 11-18 (ABGP0001536),Calgary,AB,,54.10458,-114.29022,Oil and gas extraction,Volatile Organic Compounds (VOCs),tonnes,3.0256
2020,Baker Hughes Canada,Baker Petrolite Corporation - Eastfield,CALGARY,AB,T2B 3S1,51.01016,-113.96421,"Support activities for mining, and oil and gas extraction",Volatile Organic Compounds (VOCs),tonnes,14.115
2020,Black Swan Energy Ltd.,Aitken a-011-A Comp Stn,Calgary,BC,T2P 3G6,57.01042,-122.00312,Oil and gas extraction,Volatile Organic Compounds (VOCs),tonnes,6.56614
2020,Black Swan Energy Ltd.,Jedney Comp Stn C-007-H,Calgary,BC,T2P 3G6,57.08958,-122.08437,Oil and gas extraction,Volatile Organic Compounds (VOCs),tonnes,11.89711
2020,Black Swan Energy Ltd.,Aitken Creek Sour Gas Plant c-038-C,CALGARY,BC,T2P 3G6,57.02883,-121.84918,Oil and gas extraction,Volatile Organic Compounds (VOCs),tonnes,45.423
2020,Black Swan Energy Ltd.,Aiken Creek Sour Gas Plant c-046-C,CALGARY,BC,T2P 3G6,57.03949,-121.82333,Oil and gas extraction,Volatile Organic Compounds (VOCs),tonnes,49.228
2020,Calgary Energy Centre No. 2 Inc.,Calgary Energy Centre,CALGARY,AB,T3N 1C6,51.18045,-113.93728,"Electric power generation, transmission and distribution",Volatile Organic Compounds (VOCs),tonnes,14.89
2020,Canada Malting Co Ltd.,Calgary Plant,CALGARY,AB,T2G 4M9,51.0245,-114.025,Other food manufacturing,Volatile Organic Compounds (VOCs),tonnes,1.7
2020,Canadian Natural Resources Limited,Frog Lake Compressor Station 07-36-057-04W4,Calgary,AB,,53.96941,-110.454161,Oil and gas extraction,Volatile Organic Compounds (VOCs),tonnes,1.599
2020,Canadian Natural Resources Limited,Tweedie Compressor Station 01-19-068-12W4,Calgary,AB,,54.8944,-111.8139,Oil and gas extraction,Volatile Organic Compounds (VOCs),tonnes,1.726
2020,Canadian Natural Resources Limited,Septimus Comp Stn 14-16,Calgary,BC,,56.02707,-120.757269,Oil and gas extraction,Volatile Organic Compounds (VOCs),tonnes,1.89
2020,Canadian Natural Resources Limited,Wapiti Compressor Station 07-24-068-07W6,Calgary,AB,,54.899664,-118.925462,Oil and gas extraction,Volatile Organic Compounds (VOCs),tonnes,3.355
2020,Canadian Natural Resources Limited,Gold Creek Compressor Station 12-26-067-06W6,Calgary,AB,,54.830623,-118.810719,Oil and gas extraction,Volatile Organic Compounds (VOCs),tonnes,3.486
2020,Canadian Natural Resources Limited,South Wapiti Compressor Station 10-30-067-11W6,Calgary,AB,,54.830644,-119.662625,Oil and gas extraction,Volatile Organic Compounds (VOCs),tonnes,3.954
2020,Canadian Natural Resources Limited,Cessford Sweet Gas Plant 02-11-027-16W4,Calgary,AB,,51.286899,-112.146885,Oil and gas extraction,Volatile Organic Compounds (VOCs),tonnes,4.592
2020,Canadian Natural Resources Limited,ABBT0131036,Calgary,AB,,54.9675,-119.1316,Oil and gas extraction,Volatile Organic Compounds (VOCs),tonnes,19.541
2020,Canadian Natural Resources Limited,Rattler Compressor Station 16-21-022-09W4,Calgary,AB,,54.153407,-110.933489,Oil and gas extraction,Volatile Organic Compounds (VOCs),tonnes,40.438
2020,CANAM B�timents et Structures inc.,Calgary,CALGARY,AB,T2H 0N2,51.00529,-114.05857,Architectural and structural metals manufacturing,Volatile Organic Compounds (VOCs),tonnes,67.6
2020,Certus Oil and Gas Inc.,Med River 06-18-39-03-5,CALGARY,AB,T2P 3M3,52.35503,-114.42308,Oil and gas extraction,Volatile Organic Compounds (VOCs),tonnes,0.176
2020,Certus Oil and Gas Inc.,Med River 06-34-39-03-5,CALGARY,AB,T2P 3M3,52.39761,-114.35246,Oil and gas extraction,Volatile Organic Compounds (VOCs),tonnes,0.248
2020,Certus Oil and Gas Inc.,Certus 04-16-038-03W5,CALGARY,AB,T2P 3M3,52.26267,-114.3795,Oil and gas extraction,Volatile Organic Compounds (VOCs),tonnes,0.477
2020,Certus Oil and Gas Inc.,Certus 06-20-038-04-W5 Battery,CALGARY,AB,T2P 3M3,52.28077,-114.54032,Oil and gas extraction,Volatile Organic Compounds (VOCs),tonnes,0.58
2020,Certus Oil and Gas Inc.,Med River 06-33-039-04W5,CALGARY,AB,T2P 3M3,52.3956,-114.5213,Oil and gas extraction,Volatile Organic Compounds (VOCs),tonnes,0.639
2020,Certus Oil and Gas Inc.,Gilby Office 02-35-40-02W5,CALGARY,AB,T2P 3M3,52.4793,-114.1782,Oil and gas extraction,Volatile Organic Compounds (VOCs),tonnes,0.717
2020,Certus Oil and Gas Inc.,Gilby Gas Plant 05-05-040-03W5,CALGARY,AB,T2P 3M3,52.4129,-114.4076,Oil and gas extraction,Volatile Organic Compounds (VOCs),tonnes,1.148
2020,City of Calgary,Fish Creek Wastewater Treatment Plant,CALGARY,AB,T2J 5Z1,50.9127,-114.0118,"Water, sewage and other systems",Volatile Organic Compounds (VOCs),tonnes,9.23
2020,City of Calgary,Pine Creek Wastewater Treatment Plant,CALGARY,AB,T2X 1Z3,50.8589,-113.9885,"Water, sewage and other systems",Volatile Organic Compounds (VOCs),tonnes,25.97
2020,City of Calgary,Bonnybrook Wastewater Treatment Plant,CALGARY,AB,T2G 3M8,51.0128,-114.022,"Water, sewage and other systems",Volatile Organic Compounds (VOCs),tonnes,119.45
2020,Crown Metal Packaging Canada LP,CROWN METAL PACKAGING CANADA LP - Plant 235,CALGARY,AB,T1X 1E1,50.98701,-113.97051,Other fabricated metal product manufacturing,Volatile Organic Compounds (VOCs),tonnes,191.69
2020,CSV Midstream Solutions,Karr Sour Gas Processing Plant,CALGARY,AB,T2P 0J1,54.709648,-118.600073,Oil and gas extraction,Volatile Organic Compounds (VOCs),tonnes,65.56163
2020,Distinction Energy Corp.,Bigstone Sour Gas Processing Plant,CALGARY,AB,T2P 2Z1,54.17216,-117.3349,Oil and gas extraction,Volatile Organic Compounds (VOCs),tonnes,10.4458
2020,Distinction Energy Corp.,Bigstone Battery 07-11-060-23W5,CALGARY,AB,T2P 2Z1,54.17242,-117.3342,Oil and gas extraction,Volatile Organic Compounds (VOCs),tonnes,20.1776
2020,Ember Resources Inc.,Entice Sweet Gas Plant 05-31,CALGARY,AB,T2P 2S5,51.3487,-113.6586,Oil and gas extraction,Volatile Organic Compounds (VOCs),tonnes,11.79
2020,Enercapita Energy Ltd.,Chauvco 10-10,CALGARY,AB,T2P 3A8,56.270373,-119.803148,Oil and gas extraction,Volatile Organic Compounds (VOCs),tonnes,0.2638
2020,Enercapita Energy Ltd.,Boundary Lake 10-19-086-11 W6M,CALGARY,AB,T2P 3A8,56.4739,-119.7222,Oil and gas extraction,Volatile Organic Compounds (VOCs),tonnes,2.222299
2020,Enercapita Energy Ltd.,Worsley 16-36-086-10 W6M,CALGARY,AB,T2P 3A8,56.5061,-119.432,Oil and gas extraction,Volatile Organic Compounds (VOCs),tonnes,10.77826
2020,Enerplus Corporation,Med Hat MWB 11-16,CALGARY,AB,T2P 2Z1,50.08624,-110.63326,Oil and gas extraction,Volatile Organic Compounds (VOCs),tonnes,15.341
2020,Enmax Generation Portfolio Inc,Shepard Energy Centre,CALGARY,AB,T3S 0A2,50.97068,-113.8851,"Electric power generation, transmission and distribution",Volatile Organic Compounds (VOCs),tonnes,44.73
2020,Hood Packaging Corporation,Calgary Plastics Film Division,Calgary,AB,T2G 1V7,51.02419,-114.0353,Plastic product manufacturing,Volatile Organic Compounds (VOCs),tonnes,252
2020,Husky Oil Operations Limited,MANNVILLE MWB 16-20-052-07W4,CALGARY,AB,T2P 1N2,53.50959,-110.991,Oil and gas extraction,Volatile Organic Compounds (VOCs),tonnes,0.42449
2020,Husky Oil Operations Limited,MORGAN SWB 04-11-052-04W4,CALGARY,AB,,53.46963,-110.4953,Oil and gas extraction,Volatile Organic Compounds (VOCs),tonnes,0.44433
2020,Husky Oil Operations Limited,HUSKY BT 16-23-048-06W4,CALGARY,AB,T2P 1N2,53.16037,-110.7658,Oil and gas extraction,Volatile Organic Compounds (VOCs),tonnes,0.49874
2020,Husky Oil Operations Limited,HUSKY BT 15-23-048-06W4,CALGARY,AB,T2P 1N2,53.16043,-110.7721,Oil and gas extraction,Volatile Organic Compounds (VOCs),tonnes,0.61892
2020,Husky Oil Operations Limited,WEMBLEY BT 13-26-072-10W6,CALGARY,AB,T2P 1N2,53.146389,-110.739502,Oil and gas extraction,Volatile Organic Compounds (VOCs),tonnes,0.75853
2020,Husky Oil Operations Limited,MARWAYNE MWB 04-08-052-03W4,CALGARY,AB,T2P 1N2,53.46986,-110.4203,Oil and gas extraction,Volatile Organic Compounds (VOCs),tonnes,0.83393
2020,Husky Oil Operations Limited,MARWAYNE GGS GS 16-07-052-01W4,CALGARY,AB,T2P 1N2,53.50517,-110.1074,Oil and gas extraction,Volatile Organic Compounds (VOCs),tonnes,0.84925
2020,Husky Oil Operations Limited,WILDMERE BT 01-24-048-06W4,CALGARY,AB,T2P 1N2,53.147133,-110.739656,Oil and gas extraction,Volatile Organic Compounds (VOCs),tonnes,0.96856
2020,Husky Oil Operations Limited,HUSKY LLYOD 16-4-49-2,CALGARY,AB,T2P 3G7,53.20279,-110.22805,Oil and gas extraction,Volatile Organic Compounds (VOCs),tonnes,1.95552
2020,Husky Oil Operations Limited,KNOPCIK BT 13-31-073-10W6,CALGARY,AB,T2P 1N2,55.37227,-119.53544,Oil and gas extraction,Volatile Organic Compounds (VOCs),tonnes,3.96038
2020,Husky Oil Operations Limited,WAPITI 10-14-067-08W6,Calgary,AB,T2P 3G7,54.799999,-119.106102,Warehousing and storage,Volatile Organic Compounds (VOCs),tonnes,48.81537
2020,i3 Energy Canada Ltd.,06-09-61-27 W5M,Calgary,AB,T2P 1K3,54.259533,-117.991448,Oil and gas extraction,Volatile Organic Compounds (VOCs),tonnes,0.542
2020,i3 Energy Canada Ltd.,Leedale Gas Plant 9-21-43-4W5M,CALGARY,AB,,52.9582,-114.6799,Oil and gas extraction,Volatile Organic Compounds (VOCs),tonnes,22.92586
2020,IMPERIAL OIL,Calgary Terminal,CALGARY,AB,T2C 4K9,50.9636,-113.97668,Petroleum and petroleum products merchant wholesalers,Volatile Organic Compounds (VOCs),tonnes,608.3024
2020,Journey Energy Inc.,Niton 14-05-055-11W5,CALGARY,AB,,53.7284,-115.6025,Oil and gas extraction,Volatile Organic Compounds (VOCs),tonnes,7.1249
2020,Jupiter Resources Inc.,JUPITER 9-6-63-7W6 OIL SWB,CALGARY,AB,T2P 3H7,54.43705,-119.0771,Oil and gas extraction,Volatile Organic Compounds (VOCs),tonnes,0
2020,Jupiter Resources Inc.,TOU RESTHAVEN 15-10 OIL SWB,CALGARY,AB,T2P 3H7,54.16437,-118.3329,Oil and gas extraction,Volatile Organic Compounds (VOCs),tonnes,0
2020,Jupiter Resources Inc.,Kakwa Gas Processing 01-35-060-05W6,CALGARY,AB,T2P 3H7,54.2268,-118.6281,Oil and gas extraction,Volatile Organic Compounds (VOCs),tonnes,18.8311
2020,Jupiter Resources Inc.,Resthaven 3-16 Gas Plant,CALGARY,AB,T2P 3H7,54.18319,-118.2408,Oil and gas extraction,Volatile Organic Compounds (VOCs),tonnes,47.9678
2020,Jupiter Resources Inc.,Kakwa Gas Battery 04-26-061-05W6,CALGARY,AB,T2P 3H7,54.3025,-118.6442,Oil and gas extraction,Volatile Organic Compounds (VOCs),tonnes,80.6332
2020,Kiwetinohk Resources Corp.,ABBT0154255 (Tank),CALGARY,AB,T2P 0C1,52.615995,-114.508423,Oil and gas extraction,Volatile Organic Compounds (VOCs),tonnes,0.5819
2020,Kiwetinohk Resources Corp.,ABBT0153318 (Tank),CALGARY,AB,T2P 0C1,52.64507,-114.376382,Oil and gas extraction,Volatile Organic Compounds (VOCs),tonnes,3.3662
2020,Logic Energy Ltd.,Parflesh 12-12 Oil Battery,Calgary,AB,T2P 3R5,51.11966,-112.95546,Oil and gas extraction,Volatile Organic Compounds (VOCs),tonnes,1.2936
2020,Loyal Energy (Canada) Operating Ltd.,Lookout Butte 4-13,CALGARY,AB,T2P 0G5,49.1181,-113.6371,Oil and gas extraction,Volatile Organic Compounds (VOCs),tonnes,0.519
2020,Lynx Energy ULC,Three Hills Creek Gas Battery 05-36,CALGARY,AB,T2G 0P6,51.9599,-113.5627,Oil and gas extraction,Volatile Organic Compounds (VOCs),tonnes,3.7595
2020,Lynx Energy ULC,Three Hills Creek Gas Battery 01-36,CALGARY,AB,T2G 0P6,52.0429,-113.5791,Oil and gas extraction,Volatile Organic Compounds (VOCs),tonnes,4.6037
2020,Modern Resources Inc.,Wapiti 05-04-068-08W6,CALGARY,AB,T2P 3H7,54.856125,-119.166796,Oil and gas extraction,Volatile Organic Compounds (VOCs),tonnes,0
2020,Modern Resources Inc.,Wapiti 01-22-066-08W6,CALGARY,AB,T2P 3H7,54.721667,-119.111249,Oil and gas extraction,Volatile Organic Compounds (VOCs),tonnes,5.145
2020,NAL Resources Management,Alida West 07-17,CALGARY,SK,T2P 1G1,49.43274,-101.9209,Oil and gas extraction,Volatile Organic Compounds (VOCs),tonnes,0.365
2020,NAL Resources Management,Harmattan West 07-06-032-05W5,CALGARY,AB,T2P 1G1,51.71322,-114.6955,Oil and gas extraction,Volatile Organic Compounds (VOCs),tonnes,0.365
2020,NAL Resources Management,Ricinus 05-30-033-07W5,CALGARY,AB,T2P 1G1,51.85875,-114.9905,Oil and gas extraction,Volatile Organic Compounds (VOCs),tonnes,0.365
2020,NAL Resources Management,Westward Ho 12-05-034-04W5,CALGARY,AB,T2P 1G1,51.89149,-114.5418,Oil and gas extraction,Volatile Organic Compounds (VOCs),tonnes,0.365
2020,NAL Resources Management,Sylvan Lake Gas Plant 06-08-38-03-5,CALGARY,AB,T2P 1G1,52.2501,-114.3977,Oil and gas extraction,Volatile Organic Compounds (VOCs),tonnes,0.691
2020,NAL Resources Management,Med River 10-35-39-04-5,CALGARY,AB,T2P 1G1,52.4011,-114.46642,Oil and gas extraction,Volatile Organic Compounds (VOCs),tonnes,0.805
2020,NAL Resources Management,Olds 16-33-030-01W5,CALGARY,AB,T2P 1G1,51.6183,-114.075,Oil and gas extraction,Volatile Organic Compounds (VOCs),tonnes,3.171
2020,NAL Resources Management,Med River 10-29-39-4,CALGARY,AB,T2P 1G1,52.3848,-114.5393,Oil and gas extraction,Volatile Organic Compounds (VOCs),tonnes,3.218
2020,NAL Resources Management,Dodsland 13-11-32-20-3,CALGARY,SK,T2P 1G1,51.73406,-108.74169,Oil and gas extraction,Volatile Organic Compounds (VOCs),tonnes,5.686
2020,NAL Resources Management,Homeglen West 07-22,CALGARY,AB,T2P 1G1,52.6304,-114.3456,Oil and gas extraction,Volatile Organic Compounds (VOCs),tonnes,6.951
2020,NAL Resources Management,Neptune 16-18-3-15 W2M,CALGARY,SK,T2P 1G1,49.21512,-104.00491,Oil and gas extraction,Volatile Organic Compounds (VOCs),tonnes,7.129
2020,NAL Resources Management,NAL Midale 09-33-05-10 W2,CALGARY,SK,T2P 1G1,49.4311,-103.2849,Oil and gas extraction,Volatile Organic Compounds (VOCs),tonnes,10.463
2020,NAL Resources Management,NAL Sturgeon Lake Gas Plant 13-07-069-24-W5,CALGARY,AB,T2P 1G1,54.9636,-117.6707,Oil and gas extraction,Volatile Organic Compounds (VOCs),tonnes,14.021
2020,NAL Resources Management,Elswick 11-2-5-12-W2,CALGARY,SK,T2P 1G1,49.3583,-103.5209,Oil and gas extraction,Volatile Organic Compounds (VOCs),tonnes,15.306
2020,NAL Resources Management,Midale South Vol Unit # 2 11-25-005-12-W2,CALGARY,SK,T2P 1G1,49.4165,-103.4985,Oil and gas extraction,Volatile Organic Compounds (VOCs),tonnes,19.732
2020,NAL Resources Management,Garrington 03-03-035-04W5,CALGARY,AB,T2P 1G1,51.9716,-114.4925,Oil and gas extraction,Volatile Organic Compounds (VOCs),tonnes,20.2
2020,NAL Resources Management,Lochend 03-20-027-03W5,CALGARY,AB,T2P 1G1,51.31643,-114.39142,Oil and gas extraction,Volatile Organic Compounds (VOCs),tonnes,21.741
2020,NAL Resources Management,Hoffer 04-05-02-15 W2M,CALGARY,SK,T2P 1G1,49.08933,-103.98464,Oil and gas extraction,Volatile Organic Compounds (VOCs),tonnes,26.513
2020,NAL Resources Management,North Nottingham Battery 05-29-005-32-W1,CALGARY,SK,T2P 1G1,49.4129,-102.2922,Oil and gas extraction,Volatile Organic Compounds (VOCs),tonnes,33.317
2020,NOVA Chemicals Corporation,NOVA Chemicals Technical Centre,CALGARY,AB,T1Y 6G7,51.086252,-113.98773,Scientific research and development services,Volatile Organic Compounds (VOCs),tonnes,0.054
2020,NOVA Chemicals Corporation,NOVA Research & Technology Center,CALGARY,AB,T2E 7K7,51.07865,-114.01766,Scientific research and development services,Volatile Organic Compounds (VOCs),tonnes,0.11
2020,Pembina Pipeline Corporation,Kakwa River Gas Plant 08-13-063-05W6,CALGARY,AB,,54.448884,-118.594666,Oil and gas extraction,Volatile Organic Compounds (VOCs),tonnes,55.3544
2020,PIERIDAE ALBERTA PRODUCTION LTD.,Jumping Pound 5-7 Well site compressor,CALGARY,AB,T2P 4V8,51.1182,-114.5558,Oil and gas extraction,Volatile Organic Compounds (VOCs),tonnes,0.002253
2020,PIERIDAE ALBERTA PRODUCTION LTD.,Lynx,CALGARY,AB,T2P 3H5,54.1757,-119.5344,Oil and gas extraction,Volatile Organic Compounds (VOCs),tonnes,4.204
2020,PIERIDAE ALBERTA PRODUCTION LTD.,Findley 09-24,CALGARY,AB,T2P 3H5,53.9431,-118.7466,Oil and gas extraction,Volatile Organic Compounds (VOCs),tonnes,5.648
2020,PIERIDAE ALBERTA PRODUCTION LTD.,Findley 8-24,CALGARY,AB,T2P 3H5,53.941358,-118.745552,Oil and gas extraction,Volatile Organic Compounds (VOCs),tonnes,10.985
2020,PIERIDAE ALBERTA PRODUCTION LTD.,Jumping Pound Complex,CALGARY,AB,T2P 4V8,51.13696,-114.58262,Oil and gas extraction,Volatile Organic Compounds (VOCs),tonnes,228.752052
2020,Pipestone Energy Corp.,12- 14 Elmworth,CALGARY,AB,T2P 5C5,55.0643,-118.9638,Oil and gas extraction,Volatile Organic Compounds (VOCs),tonnes,5.51
2020,Prairie Storm Energy Corp.,Leafland Gas Plant 13-16-040-05W5,CALGARY,AB,T2P 1K3,52.4465,-114.6716,Oil and gas extraction,Volatile Organic Compounds (VOCs),tonnes,4.7144
2020,Rife Resources Ltd.,12-14-047-25W3 BRS,CALGARY,SK,T2R 0A8,53.054328,-109.561548,Oil and gas extraction,Volatile Organic Compounds (VOCs),tonnes,0.347
2020,Rife Resources Ltd.,03-01-52-04W4 (ABBT0149884),CALGARY,AB,T2R 0A8,53.455393,-110.463483,Oil and gas extraction,Volatile Organic Compounds (VOCs),tonnes,4.885
2020,Shanghai Energy Corporation,Willesden Green 01-25 Battery,CALGARY,AB,T2P 1E5,52.64134,-115.15589,Oil and gas extraction,Volatile Organic Compounds (VOCs),tonnes,2.062
2020,Shell Canada Products,Calgary Terminal,CALGARY,AB,T2C 4K9,50.96227,-113.9789,Petroleum and petroleum products merchant wholesalers,Volatile Organic Compounds (VOCs),tonnes,242.25235
2020,Shield Energy Ltd.,SHIELD SINCLAIR 01-12-073-12W6 MWB,CALGARY,AB,T2P 3G2,55.303249,-119.695617,Oil and gas extraction,Volatile Organic Compounds (VOCs),tonnes,0.388283
2020,Shield Energy Ltd.,SINCLAIR 16-25-73-13 MWB,CALGARY,AB,T2P 3G2,55.357349,-111.856013,Oil and gas extraction,Volatile Organic Compounds (VOCs),tonnes,1.559172
2020,Shield Energy Ltd.,Shield 11-11-73-12W6 Proration Bty,CALGARY,AB,T2P 3G2,55.310493,-119.733914,Oil and gas extraction,Volatile Organic Compounds (VOCs),tonnes,8.005015
2020,Spartan Delta Corp.,Alder Flats Gas Plant 10-09,CALGARY,AB,T2P 3T6,52.86764,-115.0983,Oil and gas extraction,Volatile Organic Compounds (VOCs),tonnes,26.477
2020,Strathcona Resources Ltd.,LINDBERGH SAGD 04-25,CALGARY,AB,T2P 4K9,54.03691,-110.62095,Oil and gas extraction,Volatile Organic Compounds (VOCs),tonnes,97.9938
2020,Surge Energy Inc.,Provost MWB 05-11,CALGARY,AB,,52.16294,-110.62117,Oil and gas extraction,Volatile Organic Compounds (VOCs),tonnes,9.1563
2020,Taqa North Ltd.,SWALWELL GAS PLANT(10-15),CALGARY,AB,,51.4826,-113.3002,Oil and gas extraction,Volatile Organic Compounds (VOCs),tonnes,19.550209
2020,Teknion Solutions Woodwork,Teknion Solutions Woodwork,CALGARY,AB,T2C 3J7,50.9974,-113.964,Office furniture (including fixtures) manufacturing,Volatile Organic Compounds (VOCs),tonnes,2.645
2020,The Calgary Airport Authority,THE CALGARY AIRPORT AUTHORITY - CALGARY,CALGARY,AB,T2E 6W5,51.1307,-114.009,Scheduled air transportation,Volatile Organic Compounds (VOCs),tonnes,0.60864
2020,Tourmaline Oil Corp,Duvernay Fir Central 09-29-057-21-W5,CALGARY,AB,T2P 3H7,53.9575,-117.0766,Oil and gas extraction,Volatile Organic Compounds (VOCs),tonnes,6.9106
2020,Tourmaline Oil Corp, Tourmaline Chin/09-29 Ggs ,CALGARY,AB,,54.65656,-119.91523,Oil and gas extraction,Volatile Organic Compounds (VOCs),tonnes,7.652
2020,Tourmaline Oil Corp,Oldman 10-24,CALGARY,AB,T2P 3H7,53.8556,-116.9836,Oil and gas extraction,Volatile Organic Compounds (VOCs),tonnes,13.4353
2020,Tourmaline Oil Corp,Tourmaline Cecilia Gas Plant (15-04-058-23 W5M),CALGARY,AB,T2P 3H7,53.990234,-117.355302,Oil and gas extraction,Volatile Organic Compounds (VOCs),tonnes,19.3907
2020,Tourmaline Oil Corp,Sundance 15-07,CALGARY,AB,T2P 3H7,53.6556,-117.0817,Oil and gas extraction,Volatile Organic Compounds (VOCs),tonnes,41.7016
2020,Tourmaline Oil Corp,Wildhay 11-22,CALGARY,AB,T2P 3H7,53.76832,-117.48534,Oil and gas extraction,Volatile Organic Compounds (VOCs),tonnes,43.3882
2020,Tourmaline Oil Corp,Tourmaline Columbia Gas Plant (15-36-044-15 W5M),CALGARY,AB,T2P 3H7,52.83944,-116.03732,Oil and gas extraction,Volatile Organic Compounds (VOCs),tonnes,55.1837
2020,Transcontinental Inc,Transcontinental Calgary,CALGARY,AB,T2H 1L3,51.00425,-114.0509,Printing and related support activities,Volatile Organic Compounds (VOCs),tonnes,14.1
2020,University of Calgary,Central Heating and Cooling Plant,CALGARY,AB,T2N 1N4,51.0749,-114.1387,Universities,Volatile Organic Compounds (VOCs),tonnes,1.588
2020,Weston Bakeries,Weston Bakeries Calgary,CALGARY,AB,T2H 0N8,51.001,-114.0612,Bakeries and tortilla manufacturing,Volatile Organic Compounds (VOCs),tonnes,83.335
2020,Whitecap Resources Inc.,Xto Kakwa 07-21-062-05W6,CALGARY,AB,,54.37591,-118.6844,Oil and gas extraction,Volatile Organic Compounds (VOCs),tonnes,3.554153
2020,XTO Energy Canada ULC,KAKWA 14-28-64-4W6M OIL PRORATED,CALGARY,AB,T2C 5N1,54.57361,-118.54156,Oil and gas extraction,Volatile Organic Compounds (VOCs),tonnes,0
2020,XTO Energy Canada ULC,YOHO HZ KAYBOBS 01-16-62-21 W5,CALGARY,AB,T2C 5N1,54.22054,-117.0504,Oil and gas extraction,Volatile Organic Compounds (VOCs),tonnes,5.5359
2020,XTO Energy Canada ULC,Fir 01-32,CALGARY,AB,T2C 5N1,54.13815,-117.25256,Oil and gas extraction,Volatile Organic Compounds (VOCs),tonnes,6.2185
2020,XTO Energy Canada ULC,South Kaybob 02-20,CALGARY,AB,T2C 5N1,54.19755,-116.80826,Oil and gas extraction,Volatile Organic Compounds (VOCs),tonnes,11.2126
2020,XTO Energy Canada ULC,Resthaven 02-10,CALGARY,AB,T2C 5N1,54.1704,-118.05982,Oil and gas extraction,Volatile Organic Compounds (VOCs),tonnes,21.9135
2020,XTO Energy Canada ULC,KAYBOB SOUR GAS PROCESSING PLANT 15-07-060-18 W5M,CALGARY,AB,T2C 5N1,54.1795,-116.6856,Oil and gas extraction,Volatile Organic Compounds (VOCs),tonnes,24.3558
