Year,Company_Name,Facility_Name,City,Province,Postal_Code,Latitude,Longitude,Sector_Name,Substance_Name,Units,Total_Air_Emissions
2019,XTO Energy Canada ULC,XTO 15-25-62-22-W5 GAS MULTIWELL BATT,CALGARY,AB,T2C5N1,54.39885,-117.16219,Oil and gas extraction,Nitrogen oxides (expressed as nitrogen dioxide),tonnes,0.17
2019,Kiwetinohk Resources Corp.,ABWI102110904403W502,CALGARY,AB,T2P 0C1,52.76899,-114.36746,Oil and gas extraction,Nitrogen oxides (expressed as nitrogen dioxide),tonnes,0.1906
2019,Kiwetinohk Resources Corp.,ABWI100130204204W502,CALGARY,AB,T2P0C1,52.66694,-114.41886,Oil and gas extraction,Nitrogen oxides (expressed as nitrogen dioxide),tonnes,0.5549
2019,Kiwetinohk Resources Corp.,ABWI102161504203W502,CALGARY,AB,T2P0C1,52.623196,-114.340558,Oil and gas extraction,Nitrogen oxides (expressed as nitrogen dioxide),tonnes,0.7287
2019,Enerplus Corporation,Med Hat MWB 11-16,CALGARY,AB,T2P2Z1,50.08624,-110.63326,Oil and gas extraction,Nitrogen oxides (expressed as nitrogen dioxide),tonnes,0.779
2019,Enerplus Corporation,Wildmere GE Battery #1 05-24,CALGARY,AB,T2P2Z1,53.065041,-110.611513,Oil and gas extraction,Nitrogen oxides (expressed as nitrogen dioxide),tonnes,1.163
2019,Husky Oil Operations Limited,KAKWA BT 12-33-062-06W6,CALGARY,AB,T2P3G7,54.408603,-118.846617,Oil and gas extraction,Nitrogen oxides (expressed as nitrogen dioxide),tonnes,1.196
2019,Kiwetinohk Resources Corp.,ABWI102153104203W502,CALGARY,AB,T2P0C1,52.64503,-114.37687,Oil and gas extraction,Nitrogen oxides (expressed as nitrogen dioxide),tonnes,1.2982
2019,Rife Resources Ltd.,12-14-047-25W3 BRS,CALGARY,SK,T2R0A8,53.054328,-109.561548,Oil and gas extraction,Nitrogen oxides (expressed as nitrogen dioxide),tonnes,2.399
2019,Husky Oil Operations Limited,MANNVILLE SWB 05-10-050-05W4,CALGARY,AB,T2P3G7,53.297852,-110.660257,Oil and gas extraction,Nitrogen oxides (expressed as nitrogen dioxide),tonnes,2.4523
2019,Husky Oil Operations Limited,BLACKFOOT SWB 01-05-049-02W4,CALGARY,AB,T2P3G7,53.19258,-110.252307,Oil and gas extraction,Nitrogen oxides (expressed as nitrogen dioxide),tonnes,2.8056
2019,Husky Oil Operations Limited,HUSKY VERMIL 15-02-050-05W4,CALGARY,AB,T2P3G7,53.290629,-110.623853,Oil and gas extraction,Nitrogen oxides (expressed as nitrogen dioxide),tonnes,2.9596
2019,Husky Oil Operations Limited,BLACKFOOT SWB 08-01-050-04W4,CALGARY,AB,T2P3G7,53.283453,-110.447247,Oil and gas extraction,Nitrogen oxides (expressed as nitrogen dioxide),tonnes,3.7549
2019,General Scrap Partnership,Navajo Metals,CALGARY,AB,T2H2G7,51.00073,-114.03439,Other miscellaneous manufacturing,Nitrogen oxides (expressed as nitrogen dioxide),tonnes,3.78
2019,Husky Oil Operations Limited,HUSKY LLYOD 16-4-49-2,CALGARY,AB,T2P3G7,53.20279,-110.22805,Oil and gas extraction,Nitrogen oxides (expressed as nitrogen dioxide),tonnes,13.4624
2019,Husky Oil Operations Limited,HUSKY MULTI-WELL OIL BATTERY 01-34-048-06W4,CALGARY,AB,T2P3G7,53.177777,-110.788417,Oil and gas extraction,Nitrogen oxides (expressed as nitrogen dioxide),tonnes,14.5562
2019,Husky Oil Operations Limited,HUSKY 102/01-12-052-04W4/00,CALGARY,AB,T2P3G7,53.469851,-110.451329,Oil and gas extraction,Nitrogen oxides (expressed as nitrogen dioxide),tonnes,14.5733
2019,Husky Oil Operations Limited,SWIMMING MWB 08-35-051-07W4,CALGARY,AB,T2P3G7,53.4435,-110.91891,Oil and gas extraction,Nitrogen oxides (expressed as nitrogen dioxide),tonnes,16.1852
2019,Pipestone Energy Corp.,12- 14 Elmworth,CALGARY,AB,T2P5C5,55.0643,-118.9638,Oil and gas extraction,Nitrogen oxides (expressed as nitrogen dioxide),tonnes,16.79
2019,XTO Energy Canada ULC,KAYBOB SOUR GAS PROCESSING PLANT 15-07-060-18 W5M,CALGARY,AB,T2C 5N1,54.1795,-116.6856,Oil and gas extraction,Nitrogen oxides (expressed as nitrogen dioxide),tonnes,18.24
2019,Abbey Resources,Shackleton Compressor Station 14-36-020-19W3,CALGARY,SK,,50.7442,-108.5154,Oil and gas extraction,Nitrogen oxides (expressed as nitrogen dioxide),tonnes,19.4472
2019,Polar Star Canadian Oil and Gas Inc.,Conroy D-80-F/94-H-12,CALGARY,BC,T2P3J4,57.6479,-121.8678,Oil and gas extraction,Nitrogen oxides (expressed as nitrogen dioxide),tonnes,20.157268
2019,Tamarack Acquisition Corp.,04-25-039-23 W3M Unity,CALGARY,SK,,52.3786,-109.19043,Oil and gas extraction,Nitrogen oxides (expressed as nitrogen dioxide),tonnes,20.783
2019,Kanata Energy Group Ltd.,Daiber a-54-C/94-B-16,CALGARY,BC,T2P0H3,56.79375,-122.290625,Oil and gas extraction,Nitrogen oxides (expressed as nitrogen dioxide),tonnes,20.865
2019,"CertainTeed Gypsum Canada, Inc.",Calgary Wallboard Plant,CALGARY,AB,T2C2A4,50.9938,-113.99,Lime and gypsum product manufacturing,Nitrogen oxides (expressed as nitrogen dioxide),tonnes,20.963
2019,ISH Energy Ltd.,Prairiedale 13-21,CALGARY,AB,T2P3G4,51.049922,-114.076449,Oil and gas extraction,Nitrogen oxides (expressed as nitrogen dioxide),tonnes,22.84
2019,Lynx Energy ULC,Three Hills Creek Gas Battery 05-36,CALGARY,AB,T2G 0P6,51.9599,-113.5627,Oil and gas extraction,Nitrogen oxides (expressed as nitrogen dioxide),tonnes,24.1702
2019,Birchcliff Energy Ltd.,Pouce Coupe South 7-25-77-12W6,CALGARY,AB,T2P0J9,55.6986,-119.7151,Oil and gas extraction,Nitrogen oxides (expressed as nitrogen dioxide),tonnes,25.76
2019,Surge Energy Inc.,Silver Lake 13-18,CALGARY,AB,T2P0M5,52.4467,-110.43396,Oil and gas extraction,Nitrogen oxides (expressed as nitrogen dioxide),tonnes,27.007
2019,PIERIDAE ALBERTA PRODUCTION LTD.,Jumping Pound 5-7 Well site compressor,CALGARY,AB,T2P 4V8,51.1182,-114.5558,Oil and gas extraction,Nitrogen oxides (expressed as nitrogen dioxide),tonnes,27.04051
2019,Insignia Energy Ltd.,Valhalla 10-25,CALGARY,AB,T2P0R3,53.1107,-115.2054,Oil and gas extraction,Nitrogen oxides (expressed as nitrogen dioxide),tonnes,27.206
2019,Ovintiv Canada ULC,Gleichen Comp Stn 13-26,CALGARY,AB,T2P 2S5,50.81964,-113.097,Oil and gas extraction,Nitrogen oxides (expressed as nitrogen dioxide),tonnes,29.138
2019,Tourmaline Oil Corp,Pinto 11-15,CALGARY,AB,T2P3H7,53.84123,-117.9313,Oil and gas extraction,Nitrogen oxides (expressed as nitrogen dioxide),tonnes,29.2436
2019,The Calgary Airport Authority,THE CALGARY AIRPORT AUTHORITY - CALGARY,CALGARY,AB,T2E6W5,51.1307,-114.009,Scheduled air transportation,Nitrogen oxides (expressed as nitrogen dioxide),tonnes,31.077
2019,Polar Star Canadian Oil and Gas Inc.,Conroy D-48-C/94-H-12,CALGARY,BC,T2P3J4,57.53822,-121.84416,Oil and gas extraction,Nitrogen oxides (expressed as nitrogen dioxide),tonnes,31.667667
2019,Husky Oil Operations Limited,BIVOUAC 06-05-109-12W6,CALGARY,AB,T2P1H5,58.432595,-119.970354,Oil and gas extraction,Nitrogen oxides (expressed as nitrogen dioxide),tonnes,31.733
2019,Ember Resources Inc.,Entice Sweet Gas Plant 05-31,CALGARY,AB,T2P2S5,51.3487,-113.6586,Oil and gas extraction,Nitrogen oxides (expressed as nitrogen dioxide),tonnes,32.85
2019,Tamarack Acquisition Corp.,Tamarack Wilson Creek 04-14-044-05 W5M,CALGARY,AB,T2P3H7,52.7867,-114.62,Oil and gas extraction,Nitrogen oxides (expressed as nitrogen dioxide),tonnes,33.1097
2019,Canada Malting Co Ltd.,Calgary Plant,CALGARY,AB,T2G4M9,51.0245,-114.025,Other food manufacturing,Nitrogen oxides (expressed as nitrogen dioxide),tonnes,33.43
2019,Battle River Energy Ltd,Battle River North Provost Compressor Station ,CALGARY,AB,T2P 0B4,52.2645,-110.5705,Oil and gas extraction,Nitrogen oxides (expressed as nitrogen dioxide),tonnes,36
2019,BURNCO Rock Products Ltd,BLV Aggregate,CALGARY,AB,T3R1J3,51.1648,-114.21755,Non-metallic mineral mining and quarrying,Nitrogen oxides (expressed as nitrogen dioxide),tonnes,36.17
2019,BURNCO Rock Products Ltd,Burma Road Aggregate,CALGARY,AB,T3R1J3,51.185538,-114.221268,Non-metallic mineral mining and quarrying,Nitrogen oxides (expressed as nitrogen dioxide),tonnes,40.653
2019,BURNCO Rock Products Ltd,Springbank Aggregate,CALGARY,AB,T3Z3N4,51.07474,-114.24676,Non-metallic mineral mining and quarrying,Nitrogen oxides (expressed as nitrogen dioxide),tonnes,42.316
2019,Gain Energy Ltd.,Leedale Gas Plant 9-21-43-4W5M,CALGARY,AB,,52.9582,-114.6799,Oil and gas extraction,Nitrogen oxides (expressed as nitrogen dioxide),tonnes,46.3396
2019,Tourmaline Oil Corp,Leland 01-12,CALGARY,AB,T2P3H7,54.0813,-117.75433,Oil and gas extraction,Nitrogen oxides (expressed as nitrogen dioxide),tonnes,48.6005
2019,Tourmaline Oil Corp,Wild River 15-34,CALGARY,AB,T2P3H7,53.80103,-117.47922,Oil and gas extraction,Nitrogen oxides (expressed as nitrogen dioxide),tonnes,48.6005
2019,Tourmaline Oil Corp,Basing 08-17,CALGARY,AB,T2P3H7,53.1396,-116.88102,Oil and gas extraction,Nitrogen oxides (expressed as nitrogen dioxide),tonnes,48.7956
2019,Alberta Distillers Ltd.,ALBERTA DISTILLERS,CALGARY,AB,T2H1X1,51.02277,-114.02766,Beverage manufacturing,Nitrogen oxides (expressed as nitrogen dioxide),tonnes,58.7
2019,Athabasca Oil Corporation,Saxon 10-19,CALGARY,AB,T2P1K3,54.37946,-117.28577,Oil and gas extraction,Nitrogen oxides (expressed as nitrogen dioxide),tonnes,60.9877
2019,University of Calgary,Central Heating and Cooling Plant,CALGARY,AB,T2N1N4,51.0749,-114.1387,Universities,Nitrogen oxides (expressed as nitrogen dioxide),tonnes,61.37
2019,Husky Oil Operations Limited,HUSKY 06-20-49-18W5 GAS BATTERY,CALGARY,AB,T2P3G7,53.241414,-116.600529,Oil and gas extraction,Nitrogen oxides (expressed as nitrogen dioxide),tonnes,62.9543
2019,Tourmaline Oil Corp,Duvernay Fir Central 09-29-057-21-W5,CALGARY,AB,T2P3H7,53.9575,-117.0766,Oil and gas extraction,Nitrogen oxides (expressed as nitrogen dioxide),tonnes,67.698
2019,Tourmaline Oil Corp,Wildhay 11-22,CALGARY,AB,T2P3H7,53.76832,-117.48534,Oil and gas extraction,Nitrogen oxides (expressed as nitrogen dioxide),tonnes,73.5247
2019,Shanghai Energy Corporation,Willesden Green 01-25 Battery,CALGARY,AB,T2P 1E5,52.64134,-115.15589,Oil and gas extraction,Nitrogen oxides (expressed as nitrogen dioxide),tonnes,76.2265
2019,Tourmaline Oil Corp,Wild River 08-03,CALGARY,AB,T2P3H7,53.80843,-117.4731,Oil and gas extraction,Nitrogen oxides (expressed as nitrogen dioxide),tonnes,78.5711
2019,XTO Energy Canada ULC,YOHO HZ KAYBOBS 01-16-62-21 W5,CALGARY,AB,T2C5N1,54.22054,-117.0504,Oil and gas extraction,Nitrogen oxides (expressed as nitrogen dioxide),tonnes,83.0765
2019,Seven Generations Energy Ltd.,Lator #1 01-21-063-02W6,CALGARY,AB,,54.4394,-118.2504,Oil and gas extraction,Nitrogen oxides (expressed as nitrogen dioxide),tonnes,91.49
2019,Tourmaline Oil Corp,Harley 08-10-057-27-W5,CALGARY,AB,T2P3H7,53.9101,-117.9189,Oil and gas extraction,Nitrogen oxides (expressed as nitrogen dioxide),tonnes,98.2329
2019,XTO Energy Canada ULC,Fir 01-32,CALGARY,AB,T2P3H3,54.13815,-117.25256,Oil and gas extraction,Nitrogen oxides (expressed as nitrogen dioxide),tonnes,106.5731
2019,Tourmaline Oil Corp,Cecilia Gas Plant 15-04-058-23 W5M,CALGARY,AB,T2P 3H7,53.990234,-117.355302,Oil and gas extraction,Nitrogen oxides (expressed as nitrogen dioxide),tonnes,144.2518
2019,Enerplus Corporation,Ante Creek Multi-Well Gas Battery 05-26,CALGARY,AB,T2P2Z1,54.73964,-117.52749,Oil and gas extraction,Nitrogen oxides (expressed as nitrogen dioxide),tonnes,148.431
2019,Connacher Oil and Gas Limited,Algar,CALGARY,AB,,56.11314,-111.71534,Oil and gas extraction,Nitrogen oxides (expressed as nitrogen dioxide),tonnes,148.873
2019,Alberta  Health Services,Foothills Medical Centre,CALGARY,AB,T2N 2T9,51.06584,-114.13399,General medical and surgical hospitals,Nitrogen oxides (expressed as nitrogen dioxide),tonnes,150
2019,NAL Resources Management,Olds 16-33-30-1W5,CALGARY,AB,T2P0B4,51.6183,-114.075,Oil and gas extraction,Nitrogen oxides (expressed as nitrogen dioxide),tonnes,163.197
2019,CSV Midstream Solutions,PARA KARR 06-18 COMPRESSOR,CALGARY,AB,T2P 0J1,54.709648,-118.600073,Oil and gas extraction,Nitrogen oxides (expressed as nitrogen dioxide),tonnes,165.395647
2019,XTO Energy Canada ULC,South Kaybob 02-20,CALGARY,AB,T2P3H3,54.19755,-116.80826,Oil and gas extraction,Nitrogen oxides (expressed as nitrogen dioxide),tonnes,188.48
2019,Tourmaline Oil Corp,Columbia Gas Plant 15-36-044-15 W5M,CALGARY,AB,T2P 3H7,52.83944,-116.03732,Oil and gas extraction,Nitrogen oxides (expressed as nitrogen dioxide),tonnes,204.8341
2019,Bellatrix Exploration Ltd,Alder Flats Gas Plant 10-09,CALGARY,AB,T2P 3T6,52.86764,-115.0983,Oil and gas extraction,Nitrogen oxides (expressed as nitrogen dioxide),tonnes,217.684
2019,Athabasca Oil Corporation,Kaybob West 07-14,CALGARY,AB,T2P3H7,54.44886,-116.90932,Oil and gas extraction,Nitrogen oxides (expressed as nitrogen dioxide),tonnes,227.7348
2019,Tourmaline Oil Corp, Tourmaline Chin/09-29 Ggs ,CALGARY,AB,,54.65656,-119.91523,Oil and gas extraction,Nitrogen oxides (expressed as nitrogen dioxide),tonnes,297.2888
2019,Calgary Energy Centre No. 2 Inc.,Calgary Energy Centre,CALGARY,AB,T3N1C6,51.18045,-113.93728,"Electric power generation, transmission and distribution",Nitrogen oxides (expressed as nitrogen dioxide),tonnes,305.41
2019,Tamarack Acquisition Corp.,Tamarack Sun Creek 06-19-045-06 W5M,CALGARY,AB,T2P3H7,52.89301,-114.86248,Oil and gas extraction,Nitrogen oxides (expressed as nitrogen dioxide),tonnes,340.7789
2019,Cona Resources Ltd.,LINDBERGH SAGD 04-25,CALGARY,AB,T2P 4K9,54.03691,-110.62095,Oil and gas extraction,Nitrogen oxides (expressed as nitrogen dioxide),tonnes,348.4587
2019,PIERIDAE ALBERTA PRODUCTION LTD.,Jumping Pound Complex,CALGARY,AB,T2P 4V8,51.13696,-114.58262,Oil and gas extraction,Nitrogen oxides (expressed as nitrogen dioxide),tonnes,438.495
2019,XTO Energy Canada ULC,Resthaven 02-10,CALGARY,AB,T2C5N1,54.1704,-118.05982,Oil and gas extraction,Nitrogen oxides (expressed as nitrogen dioxide),tonnes,621.4952
2019,Enmax Generation Portfolio Inc,Shepard Energy Centre,CALGARY,AB,T3S0A2,50.97068,-113.8851,"Electric power generation, transmission and distribution",Nitrogen oxides (expressed as nitrogen dioxide),tonnes,792.93
2019,PIERIDAE ALBERTA PRODUCTION LTD.,Moose Mountain Compressor Station,CALGARY,AB,T2P 4V8,50.8894,-114.7618,Oil and gas extraction,Nitrogen oxides (expressed as nitrogen dioxide),tonnes,798.4038
2019,Seven Generations Energy Ltd.,Karr 07-11-064-04W6,CALGARY,AB,,54.5411,-118.1792,Oil and gas extraction,Nitrogen oxides (expressed as nitrogen dioxide),tonnes,1463.47
