Year,Company_Name,Facility_Name,City,Province,Postal_Code,Latitude,Longitude,Sector_Name,Substance_Name,Units,Total_Air_Emissions
2019,Battle River Energy Ltd,Battle River North Provost Compressor Station ,CALGARY,AB,T2P 0B4,52.2645,-110.5705,Oil and gas extraction,Sulphur dioxide,tonnes,0
2019,Ovintiv Canada ULC,Gleichen Comp Stn 13-26,CALGARY,AB,T2P 2S5,50.81964,-113.097,Oil and gas extraction,Sulphur dioxide,tonnes,0
2019,Gain Energy Ltd.,Leedale Gas Plant 9-21-43-4W5M,CALGARY,AB,,52.9582,-114.6799,Oil and gas extraction,Sulphur dioxide,tonnes,0
2019,NAL Resources Management,Olds 16-33-30-1W5,CALGARY,AB,T2P0B4,51.6183,-114.075,Oil and gas extraction,Sulphur dioxide,tonnes,0
2019,Tourmaline Oil Corp, Tourmaline Chin/09-29 Ggs ,CALGARY,AB,,54.65656,-119.91523,Oil and gas extraction,Sulphur dioxide,tonnes,0
2019,Tourmaline Oil Corp,Duvernay Fir Central 09-29-057-21-W5,CALGARY,AB,T2P3H7,53.9575,-117.0766,Oil and gas extraction,Sulphur dioxide,tonnes,0
2019,Insignia Energy Ltd.,Valhalla 10-25,CALGARY,AB,T2P0R3,53.1107,-115.2054,Oil and gas extraction,Sulphur dioxide,tonnes,0
2019,XTO Energy Canada ULC,Resthaven 02-10,CALGARY,AB,T2C5N1,54.1704,-118.05982,Oil and gas extraction,Sulphur dioxide,tonnes,0
2019,Athabasca Oil Corporation,Kaybob West 07-14,CALGARY,AB,T2P3H7,54.44886,-116.90932,Oil and gas extraction,Sulphur dioxide,tonnes,0
2019,Athabasca Oil Corporation,Saxon 10-19,CALGARY,AB,T2P1K3,54.37946,-117.28577,Oil and gas extraction,Sulphur dioxide,tonnes,0
2019,XTO Energy Canada ULC,YOHO HZ KAYBOBS 01-16-62-21 W5,CALGARY,AB,T2C5N1,54.22054,-117.0504,Oil and gas extraction,Sulphur dioxide,tonnes,0
2019,Tourmaline Oil Corp,Harley 08-10-057-27-W5,CALGARY,AB,T2P3H7,53.9101,-117.9189,Oil and gas extraction,Sulphur dioxide,tonnes,0
2019,XTO Energy Canada ULC,XTO 15-25-62-22-W5 GAS MULTIWELL BATT,CALGARY,AB,T2C5N1,54.39885,-117.16219,Oil and gas extraction,Sulphur dioxide,tonnes,0
2019,Tourmaline Oil Corp,Leland 01-12,CALGARY,AB,T2P3H7,54.0813,-117.75433,Oil and gas extraction,Sulphur dioxide,tonnes,0
2019,Tourmaline Oil Corp,Wild River 08-03,CALGARY,AB,T2P3H7,53.80843,-117.4731,Oil and gas extraction,Sulphur dioxide,tonnes,0
2019,Tourmaline Oil Corp,Basing 08-17,CALGARY,AB,T2P3H7,53.1396,-116.88102,Oil and gas extraction,Sulphur dioxide,tonnes,0
2019,Tourmaline Oil Corp,Pinto 11-15,CALGARY,AB,T2P3H7,53.84123,-117.9313,Oil and gas extraction,Sulphur dioxide,tonnes,0
2019,Tourmaline Oil Corp,Wildhay 11-22,CALGARY,AB,T2P3H7,53.76832,-117.48534,Oil and gas extraction,Sulphur dioxide,tonnes,0
2019,Tourmaline Oil Corp,Cecilia Gas Plant 15-04-058-23 W5M,CALGARY,AB,T2P 3H7,53.990234,-117.355302,Oil and gas extraction,Sulphur dioxide,tonnes,0
2019,Tourmaline Oil Corp,Wild River 15-34,CALGARY,AB,T2P3H7,53.80103,-117.47922,Oil and gas extraction,Sulphur dioxide,tonnes,0
2019,Tourmaline Oil Corp,Columbia Gas Plant 15-36-044-15 W5M,CALGARY,AB,T2P 3H7,52.83944,-116.03732,Oil and gas extraction,Sulphur dioxide,tonnes,0
2019,Enerplus Corporation,Ante Creek Multi-Well Gas Battery 05-26,CALGARY,AB,T2P2Z1,54.73964,-117.52749,Oil and gas extraction,Sulphur dioxide,tonnes,0
2019,Enerplus Corporation,Med Hat MWB 11-16,CALGARY,AB,T2P2Z1,50.08624,-110.63326,Oil and gas extraction,Sulphur dioxide,tonnes,0
2019,Rife Resources Ltd.,12-14-047-25W3 BRS,CALGARY,SK,T2R0A8,53.054328,-109.561548,Oil and gas extraction,Sulphur dioxide,tonnes,0
2019,Enerplus Corporation,Wildmere GE Battery #1 05-24,CALGARY,AB,T2P2Z1,53.065041,-110.611513,Oil and gas extraction,Sulphur dioxide,tonnes,0
2019,Kiwetinohk Resources Corp.,ABWI100130204204W502,CALGARY,AB,T2P0C1,52.66694,-114.41886,Oil and gas extraction,Sulphur dioxide,tonnes,0
2019,Kiwetinohk Resources Corp.,ABWI102110904403W502,CALGARY,AB,T2P 0C1,52.76899,-114.36746,Oil and gas extraction,Sulphur dioxide,tonnes,0
2019,Kiwetinohk Resources Corp.,ABWI102153104203W502,CALGARY,AB,T2P0C1,52.64503,-114.37687,Oil and gas extraction,Sulphur dioxide,tonnes,0
2019,Kiwetinohk Resources Corp.,ABWI102161504203W502,CALGARY,AB,T2P0C1,52.623196,-114.340558,Oil and gas extraction,Sulphur dioxide,tonnes,0
2019,Shanghai Energy Corporation,Willesden Green 01-25 Battery,CALGARY,AB,T2P 1E5,52.64134,-115.15589,Oil and gas extraction,Sulphur dioxide,tonnes,0
2019,Husky Oil Operations Limited,HUSKY LLYOD 16-4-49-2,CALGARY,AB,T2P3G7,53.20279,-110.22805,Oil and gas extraction,Sulphur dioxide,tonnes,0
2019,Husky Oil Operations Limited,SWIMMING MWB 08-35-051-07W4,CALGARY,AB,T2P3G7,53.4435,-110.91891,Oil and gas extraction,Sulphur dioxide,tonnes,0
2019,Husky Oil Operations Limited,MANNVILLE SWB 05-10-050-05W4,CALGARY,AB,T2P3G7,53.297852,-110.660257,Oil and gas extraction,Sulphur dioxide,tonnes,0
2019,Husky Oil Operations Limited,KAKWA BT 12-33-062-06W6,CALGARY,AB,T2P3G7,54.408603,-118.846617,Oil and gas extraction,Sulphur dioxide,tonnes,0
2019,Husky Oil Operations Limited,HUSKY VERMIL 15-02-050-05W4,CALGARY,AB,T2P3G7,53.290629,-110.623853,Oil and gas extraction,Sulphur dioxide,tonnes,0
2019,Husky Oil Operations Limited,HUSKY MULTI-WELL OIL BATTERY 01-34-048-06W4,CALGARY,AB,T2P3G7,53.177777,-110.788417,Oil and gas extraction,Sulphur dioxide,tonnes,0
2019,Husky Oil Operations Limited,HUSKY 06-20-49-18W5 GAS BATTERY,CALGARY,AB,T2P3G7,53.241414,-116.600529,Oil and gas extraction,Sulphur dioxide,tonnes,0
2019,Husky Oil Operations Limited,HUSKY 102/01-12-052-04W4/00,CALGARY,AB,T2P3G7,53.469851,-110.451329,Oil and gas extraction,Sulphur dioxide,tonnes,0
2019,Husky Oil Operations Limited,BLACKFOOT SWB 08-01-050-04W4,CALGARY,AB,T2P3G7,53.283453,-110.447247,Oil and gas extraction,Sulphur dioxide,tonnes,0
2019,Husky Oil Operations Limited,BLACKFOOT SWB 01-05-049-02W4,CALGARY,AB,T2P3G7,53.19258,-110.252307,Oil and gas extraction,Sulphur dioxide,tonnes,0
2019,Husky Oil Operations Limited,BIVOUAC 06-05-109-12W6,CALGARY,AB,T2P1H5,58.432595,-119.970354,Oil and gas extraction,Sulphur dioxide,tonnes,0
2019,PIERIDAE ALBERTA PRODUCTION LTD.,Moose Mountain Compressor Station,CALGARY,AB,T2P 4V8,50.8894,-114.7618,Oil and gas extraction,Sulphur dioxide,tonnes,0.000197
2019,Tamarack Acquisition Corp.,04-25-039-23 W3M Unity,CALGARY,SK,,52.3786,-109.19043,Oil and gas extraction,Sulphur dioxide,tonnes,0.001
2019,Polar Star Canadian Oil and Gas Inc.,Conroy D-80-F/94-H-12,CALGARY,BC,T2P3J4,57.6479,-121.8678,Oil and gas extraction,Sulphur dioxide,tonnes,0.002697
2019,Tamarack Acquisition Corp.,Tamarack Sun Creek 06-19-045-06 W5M,CALGARY,AB,T2P3H7,52.89301,-114.86248,Oil and gas extraction,Sulphur dioxide,tonnes,0.0039
2019,XTO Energy Canada ULC,South Kaybob 02-20,CALGARY,AB,T2P3H3,54.19755,-116.80826,Oil and gas extraction,Sulphur dioxide,tonnes,0.0121
2019,Tamarack Acquisition Corp.,Tamarack Wilson Creek 04-14-044-05 W5M,CALGARY,AB,T2P3H7,52.7867,-114.62,Oil and gas extraction,Sulphur dioxide,tonnes,0.015
2019,Kanata Energy Group Ltd.,Daiber a-54-C/94-B-16,CALGARY,BC,T2P0H3,56.79375,-122.290625,Oil and gas extraction,Sulphur dioxide,tonnes,0.038
2019,Canada Malting Co Ltd.,Calgary Plant,CALGARY,AB,T2G4M9,51.0245,-114.025,Other food manufacturing,Sulphur dioxide,tonnes,0.211
2019,Surge Energy Inc.,Silver Lake 13-18,CALGARY,AB,T2P0M5,52.4467,-110.43396,Oil and gas extraction,Sulphur dioxide,tonnes,0.2167
2019,XTO Energy Canada ULC,Fir 01-32,CALGARY,AB,T2P3H3,54.13815,-117.25256,Oil and gas extraction,Sulphur dioxide,tonnes,0.2592
2019,Alberta  Health Services,Foothills Medical Centre,CALGARY,AB,T2N 2T9,51.06584,-114.13399,General medical and surgical hospitals,Sulphur dioxide,tonnes,0.31
2019,The Calgary Airport Authority,THE CALGARY AIRPORT AUTHORITY - CALGARY,CALGARY,AB,T2E6W5,51.1307,-114.009,Scheduled air transportation,Sulphur dioxide,tonnes,0.461
2019,General Scrap Partnership,Navajo Metals,CALGARY,AB,T2H2G7,51.00073,-114.03439,Other miscellaneous manufacturing,Sulphur dioxide,tonnes,1.98
2019,BURNCO Rock Products Ltd,BLV Aggregate,CALGARY,AB,T3R1J3,51.1648,-114.21755,Non-metallic mineral mining and quarrying,Sulphur dioxide,tonnes,2.366
2019,BURNCO Rock Products Ltd,Burma Road Aggregate,CALGARY,AB,T3R1J3,51.185538,-114.221268,Non-metallic mineral mining and quarrying,Sulphur dioxide,tonnes,2.66
2019,BURNCO Rock Products Ltd,Springbank Aggregate,CALGARY,AB,T3Z3N4,51.07474,-114.24676,Non-metallic mineral mining and quarrying,Sulphur dioxide,tonnes,2.781
2019,City of Calgary,Fish Creek Wastewater Treatment Plant,CALGARY,AB,T2P2M5,50.9127,-114.0118,"Water, sewage and other systems",Sulphur dioxide,tonnes,8.562
2019,XTO Energy Canada ULC,KAYBOB SOUR GAS PROCESSING PLANT 15-07-060-18 W5M,CALGARY,AB,T2C 5N1,54.1795,-116.6856,Oil and gas extraction,Sulphur dioxide,tonnes,22.174
2019,City of Calgary,Pine Creek Wastewater Treatment Plant,CALGARY,AB,T2P2M5,50.8589,-113.9885,"Water, sewage and other systems",Sulphur dioxide,tonnes,23.554
2019,Polar Star Canadian Oil and Gas Inc.,Conroy D-48-C/94-H-12,CALGARY,BC,T2P3J4,57.53822,-121.84416,Oil and gas extraction,Sulphur dioxide,tonnes,37.05887
2019,City of Calgary,Bonnybrook Wastewater Treatment Plant,CALGARY,AB,T2G3M8,51.0128,-114.022,"Water, sewage and other systems",Sulphur dioxide,tonnes,61.95
2019,Connacher Oil and Gas Limited,Algar,CALGARY,AB,,56.11314,-111.71534,Oil and gas extraction,Sulphur dioxide,tonnes,274.52
2019,Pipestone Energy Corp.,12- 14 Elmworth,CALGARY,AB,T2P5C5,55.0643,-118.9638,Oil and gas extraction,Sulphur dioxide,tonnes,316.07
2019,Cona Resources Ltd.,LINDBERGH SAGD 04-25,CALGARY,AB,T2P 4K9,54.03691,-110.62095,Oil and gas extraction,Sulphur dioxide,tonnes,563.048
2019,PIERIDAE ALBERTA PRODUCTION LTD.,Jumping Pound Complex,CALGARY,AB,T2P 4V8,51.13696,-114.58262,Oil and gas extraction,Sulphur dioxide,tonnes,4569.02
