Year,Company_Name,Facility_Name,City,Province,Postal_Code,Latitude,Longitude,Sector_Name,Substance_Name,Units,Total_Air_Emissions
2019,City of Calgary,Shepard Lagoons - CALGRO,CALGARY,AB,T2C4T9,50.9456,-113.9519,"Water, sewage and other systems",Volatile Organic Compounds (VOCs),tonnes,0
2019,Vermilion Energy Inc.,Workman Frobisher 3-3,CALGARY,SK,,49.08993,-101.68962,Oil and gas extraction,Volatile Organic Compounds (VOCs),tonnes,0
2019,Vermilion Energy Inc.,ALEXANDER 03-07,CALGARY,AB,,53.818319,-113.860492,Oil and gas extraction,Volatile Organic Compounds (VOCs),tonnes,0
2019,Enerplus Corporation,Wildmere GE Battery #1 05-24,CALGARY,AB,T2P2Z1,53.065041,-110.611513,Oil and gas extraction,Volatile Organic Compounds (VOCs),tonnes,0
2019,Tourmaline Oil Corp,Leland 01-12,CALGARY,AB,T2P3H7,54.0813,-117.75433,Oil and gas extraction,Volatile Organic Compounds (VOCs),tonnes,0.0517
2019,Tourmaline Oil Corp,Wild River 15-34,CALGARY,AB,T2P3H7,53.80103,-117.47922,Oil and gas extraction,Volatile Organic Compounds (VOCs),tonnes,0.0517
2019,PIERIDAE ALBERTA PRODUCTION LTD.,Jumping Pound 5-7 Well site compressor,CALGARY,AB,T2P 4V8,51.1182,-114.5558,Oil and gas extraction,Volatile Organic Compounds (VOCs),tonnes,0.082143
2019,Tamarack Acquisition Corp.,04-25-039-23 W3M Unity,CALGARY,SK,,52.3786,-109.19043,Oil and gas extraction,Volatile Organic Compounds (VOCs),tonnes,0.1189
2019,XTO Energy Canada ULC,XTO 15-25-62-22-W5 GAS MULTIWELL BATT,CALGARY,AB,T2C5N1,54.39885,-117.16219,Oil and gas extraction,Volatile Organic Compounds (VOCs),tonnes,0.1275
2019,Shield Energy Ltd.,Shield 11-11-73-12W6 Proration Bty,CALGARY,AB,T2P3G2,55.310493,-119.733914,Oil and gas extraction,Volatile Organic Compounds (VOCs),tonnes,0.1366
2019,Kiwetinohk Resources Corp.,ABWI102110904403W502,CALGARY,AB,T2P 0C1,52.76899,-114.36746,Oil and gas extraction,Volatile Organic Compounds (VOCs),tonnes,0.1457
2019,Shield Energy Ltd.,SHIELD SINCLAIR 01-12-073-12W6 MWB,CALGARY,AB,T2P3G2,55.303249,-119.695617,Oil and gas extraction,Volatile Organic Compounds (VOCs),tonnes,0.1611
2019,Husky Oil Operations Limited,HUSKY LLYOD 16-4-49-2,CALGARY,AB,T2P3G7,53.20279,-110.22805,Oil and gas extraction,Volatile Organic Compounds (VOCs),tonnes,0.1916
2019,Insignia Energy Ltd.,Valhalla 10-25,CALGARY,AB,T2P0R3,53.1107,-115.2054,Oil and gas extraction,Volatile Organic Compounds (VOCs),tonnes,0.365
2019,Kiwetinohk Resources Corp.,ABWI100130204204W502,CALGARY,AB,T2P0C1,52.66694,-114.41886,Oil and gas extraction,Volatile Organic Compounds (VOCs),tonnes,0.4241
2019,Pipestone Energy Corp.,12- 14 Elmworth,CALGARY,AB,T2P5C5,55.0643,-118.9638,Oil and gas extraction,Volatile Organic Compounds (VOCs),tonnes,0.49
2019,Kiwetinohk Resources Corp.,ABWI102161504203W502,CALGARY,AB,T2P0C1,52.623196,-114.340558,Oil and gas extraction,Volatile Organic Compounds (VOCs),tonnes,0.557
2019,Tourmaline Oil Corp,Wild River 08-03,CALGARY,AB,T2P3H7,53.80843,-117.4731,Oil and gas extraction,Volatile Organic Compounds (VOCs),tonnes,0.698
2019,Tourmaline Oil Corp,Duvernay Fir Central 09-29-057-21-W5,CALGARY,AB,T2P3H7,53.9575,-117.0766,Oil and gas extraction,Volatile Organic Compounds (VOCs),tonnes,0.7705
2019,Husky Oil Operations Limited,SWIMMING MWB 08-35-051-07W4,CALGARY,AB,T2P3G7,53.4435,-110.91891,Oil and gas extraction,Volatile Organic Compounds (VOCs),tonnes,0.805
2019,Rife Resources Ltd.,12-14-047-25W3 BRS,CALGARY,SK,T2R0A8,53.054328,-109.561548,Oil and gas extraction,Volatile Organic Compounds (VOCs),tonnes,0.978
2019,Kiwetinohk Resources Corp.,ABWI102153104203W502,CALGARY,AB,T2P0C1,52.64503,-114.37687,Oil and gas extraction,Volatile Organic Compounds (VOCs),tonnes,0.9922
2019,Husky Oil Operations Limited,HUSKY 102/01-12-052-04W4/00,CALGARY,AB,T2P3G7,53.469851,-110.451329,Oil and gas extraction,Volatile Organic Compounds (VOCs),tonnes,1.0417
2019,Tourmaline Oil Corp,Basing 08-17,CALGARY,AB,T2P3H7,53.1396,-116.88102,Oil and gas extraction,Volatile Organic Compounds (VOCs),tonnes,1.1137
2019,The Calgary Airport Authority,THE CALGARY AIRPORT AUTHORITY - CALGARY,CALGARY,AB,T2E6W5,51.1307,-114.009,Scheduled air transportation,Volatile Organic Compounds (VOCs),tonnes,1.124
2019,Logic Energy Ltd.,Parflesh 12-12 Oil Battery,CALGARY,AB,T2P 3R5,51.11966,-112.95546,Oil and gas extraction,Volatile Organic Compounds (VOCs),tonnes,1.3874
2019,Husky Oil Operations Limited,HUSKY VERMIL 15-02-050-05W4,CALGARY,AB,T2P3G7,53.290629,-110.623853,Oil and gas extraction,Volatile Organic Compounds (VOCs),tonnes,1.3909
2019,Rife Resources Ltd.,Rife Twining 01-25-032-24W4,CALGARY,AB,T2P 3N4,51.767284,-113.267791,Oil and gas extraction,Volatile Organic Compounds (VOCs),tonnes,1.399
2019,Tourmaline Oil Corp,Harley 08-10-057-27-W5,CALGARY,AB,T2P3H7,53.9101,-117.9189,Oil and gas extraction,Volatile Organic Compounds (VOCs),tonnes,1.4966
2019,University of Calgary,Central Heating and Cooling Plant,CALGARY,AB,T2N1N4,51.0749,-114.1387,Universities,Volatile Organic Compounds (VOCs),tonnes,1.69
2019,Canada Malting Co Ltd.,Calgary Plant,CALGARY,AB,T2G4M9,51.0245,-114.025,Other food manufacturing,Volatile Organic Compounds (VOCs),tonnes,1.7
2019,Tourmaline Oil Corp,Pinto 11-15,CALGARY,AB,T2P3H7,53.84123,-117.9313,Oil and gas extraction,Volatile Organic Compounds (VOCs),tonnes,1.8894
2019,Husky Oil Operations Limited,HUSKY MULTI-WELL OIL BATTERY 01-34-048-06W4,CALGARY,AB,T2P3G7,53.177777,-110.788417,Oil and gas extraction,Volatile Organic Compounds (VOCs),tonnes,1.9043
2019,Husky Oil Operations Limited,MANNVILLE SWB 05-10-050-05W4,CALGARY,AB,T2P3G7,53.297852,-110.660257,Oil and gas extraction,Volatile Organic Compounds (VOCs),tonnes,2.0115
2019,Husky Oil Operations Limited,BLACKFOOT SWB 08-01-050-04W4,CALGARY,AB,T2P3G7,53.283453,-110.447247,Oil and gas extraction,Volatile Organic Compounds (VOCs),tonnes,2.0872
2019,Surge Energy Inc.,Provost MWB 05-11,CALGARY,AB,,52.16294,-110.62117,Oil and gas extraction,Volatile Organic Compounds (VOCs),tonnes,2.1072
2019,Kiwetinohk Resources Corp.,ABBT0154255 (Tank),CALGARY,AB,T2P 0C1,52.615995,-114.508423,Oil and gas extraction,Volatile Organic Compounds (VOCs),tonnes,2.1556
2019,Tamarack Acquisition Corp.,Tamarack Sun Creek 06-19-045-06 W5M,CALGARY,AB,T2P3H7,52.89301,-114.86248,Oil and gas extraction,Volatile Organic Compounds (VOCs),tonnes,2.248
2019,Husky Oil Operations Limited,BLACKFOOT SWB 01-05-049-02W4,CALGARY,AB,T2P3G7,53.19258,-110.252307,Oil and gas extraction,Volatile Organic Compounds (VOCs),tonnes,2.3279
2019,NAL Resources Management,Olds 16-33-30-1W5,CALGARY,AB,T2P0B4,51.6183,-114.075,Oil and gas extraction,Volatile Organic Compounds (VOCs),tonnes,2.629
2019,Polar Star Canadian Oil and Gas Inc.,Conroy D-80-F/94-H-12,CALGARY,BC,T2P3J4,57.6479,-121.8678,Oil and gas extraction,Volatile Organic Compounds (VOCs),tonnes,2.644892
2019,PIERIDAE ALBERTA PRODUCTION LTD.,Moose Mountain Compressor Station,CALGARY,AB,T2P 4V8,50.8894,-114.7618,Oil and gas extraction,Volatile Organic Compounds (VOCs),tonnes,2.662
2019,XTO Energy Canada ULC,South Kaybob 02-20,CALGARY,AB,T2P3H3,54.19755,-116.80826,Oil and gas extraction,Volatile Organic Compounds (VOCs),tonnes,2.7669
2019,Shanghai Energy Corporation,Willesden Green 01-25 Battery,CALGARY,AB,T2P 1E5,52.64134,-115.15589,Oil and gas extraction,Volatile Organic Compounds (VOCs),tonnes,2.8725
2019,Shield Energy Ltd.,SINCLAIR 16-25-73-13 MWB,CALGARY,AB,T2P 3G2,55.357349,-111.856013,Oil and gas extraction,Volatile Organic Compounds (VOCs),tonnes,3.2485
2019,Rife Resources Ltd.,03-01-52-04W4 (ABBT0149884),CALGARY,AB,T2R 0A8,53.455393,-110.463483,Oil and gas extraction,Volatile Organic Compounds (VOCs),tonnes,3.629
2019,Tamarack Acquisition Corp.,Tamarack Wilson Creek 04-14-044-05 W5M,CALGARY,AB,T2P3H7,52.7867,-114.62,Oil and gas extraction,Volatile Organic Compounds (VOCs),tonnes,4.018
2019,XTO Energy Canada ULC,Fir 01-32,CALGARY,AB,T2P3H3,54.13815,-117.25256,Oil and gas extraction,Volatile Organic Compounds (VOCs),tonnes,4.5251
2019,Husky Oil Operations Limited,BIVOUAC 06-05-109-12W6,CALGARY,AB,T2P1H5,58.432595,-119.970354,Oil and gas extraction,Volatile Organic Compounds (VOCs),tonnes,5.0453
2019,Kanata Energy Group Ltd.,Daiber a-54-C/94-B-16,CALGARY,BC,T2P0H3,56.79375,-122.290625,Oil and gas extraction,Volatile Organic Compounds (VOCs),tonnes,5.123
2019,Tourmaline Oil Corp, Tourmaline Chin/09-29 Ggs ,CALGARY,AB,,54.65656,-119.91523,Oil and gas extraction,Volatile Organic Compounds (VOCs),tonnes,5.1754
2019,XTO Energy Canada ULC,KAYBOB SOUR GAS PROCESSING PLANT 15-07-060-18 W5M,CALGARY,AB,T2C 5N1,54.1795,-116.6856,Oil and gas extraction,Volatile Organic Compounds (VOCs),tonnes,5.2438
2019,XTO Energy Canada ULC,YOHO HZ KAYBOBS 01-16-62-21 W5,CALGARY,AB,T2C5N1,54.22054,-117.0504,Oil and gas extraction,Volatile Organic Compounds (VOCs),tonnes,5.4202
2019,Kiwetinohk Resources Corp.,ABBT0153318 (Tank),CALGARY,AB,T2P0C1,52.64507,-114.376382,Oil and gas extraction,Volatile Organic Compounds (VOCs),tonnes,5.428
2019,Tourmaline Oil Corp,Cecilia Gas Plant 15-04-058-23 W5M,CALGARY,AB,T2P 3H7,53.990234,-117.355302,Oil and gas extraction,Volatile Organic Compounds (VOCs),tonnes,5.5806
2019,Husky Oil Operations Limited,HUSKY 06-20-49-18W5 GAS BATTERY,CALGARY,AB,T2P3G7,53.241414,-116.600529,Oil and gas extraction,Volatile Organic Compounds (VOCs),tonnes,6.101
2019,Husky Oil Operations Limited,KAKWA BT 12-33-062-06W6,CALGARY,AB,T2P3G7,54.408603,-118.846617,Oil and gas extraction,Volatile Organic Compounds (VOCs),tonnes,6.1933
2019,Tourmaline Oil Corp,Wildhay 11-22,CALGARY,AB,T2P3H7,53.76832,-117.48534,Oil and gas extraction,Volatile Organic Compounds (VOCs),tonnes,6.4115
2019,City of Calgary,Fish Creek Wastewater Treatment Plant,CALGARY,AB,T2P2M5,50.9127,-114.0118,"Water, sewage and other systems",Volatile Organic Compounds (VOCs),tonnes,7.852
2019,Athabasca Oil Corporation,Saxon 10-19,CALGARY,AB,T2P1K3,54.37946,-117.28577,Oil and gas extraction,Volatile Organic Compounds (VOCs),tonnes,9.5621
2019,Teknion Solutions Woodwork,Teknion Solutions Woodwork,CALGARY,AB,T2C3J7,50.9974,-113.964,Office furniture (including fixtures) manufacturing,Volatile Organic Compounds (VOCs),tonnes,10.67
2019,Husky Oil Operations Limited,WAPITI 10-14-067-08W6,CALGARY,AB,T2P 3G7,54.799999,-119.106102,Warehousing and storage,Volatile Organic Compounds (VOCs),tonnes,12.0032
2019,NOV Enerflow ULC,Calgary Enerflow New Shop,CALGARY,AB,T2C 5R4,50.994965,-113.93497,Other fabricated metal product manufacturing,Volatile Organic Compounds (VOCs),tonnes,12.821
2019,Calgary Energy Centre No. 2 Inc.,Calgary Energy Centre,CALGARY,AB,T3N1C6,51.18045,-113.93728,"Electric power generation, transmission and distribution",Volatile Organic Compounds (VOCs),tonnes,13.72
2019,Dreco Energy Services ULC,Calgary Dynawinch,CALGARY,AB,T2C4T6,50.99261,-113.91315,Other fabricated metal product manufacturing,Volatile Organic Compounds (VOCs),tonnes,15.058
2019,NOV Enerflow ULC,"Calgary Hydra Rig - Shops 2, 5 and 6",CALGARY,AB,T2C 2X3,50.9814,-113.9628,Other fabricated metal product manufacturing,Volatile Organic Compounds (VOCs),tonnes,15.597
2019,Apogee Petroleum Inc.,ABBT0126028 (Tank),CALGARY,AB,T2P1H7,51.62146,-112.45138,Oil and gas extraction,Volatile Organic Compounds (VOCs),tonnes,16.7756
2019,Baker Hughes Canada,Baker Petrolite Corporation - Eastfield,CALGARY,AB,T2B 3S1,51.01016,-113.96421,"Support activities for mining, and oil and gas extraction",Volatile Organic Compounds (VOCs),tonnes,16.9643
2019,Gain Energy Ltd.,Leedale Gas Plant 9-21-43-4W5M,CALGARY,AB,,52.9582,-114.6799,Oil and gas extraction,Volatile Organic Compounds (VOCs),tonnes,17.3772
2019,Transcontinental Inc,Transcontinental Calgary,CALGARY,AB,T2H1L3,51.00425,-114.0509,Printing and related support activities,Volatile Organic Compounds (VOCs),tonnes,22.2
2019,Bellatrix Exploration Ltd,Alder Flats Gas Plant 10-09,CALGARY,AB,T2P 3T6,52.86764,-115.0983,Oil and gas extraction,Volatile Organic Compounds (VOCs),tonnes,23.302
2019,Ovintiv Canada ULC,Gleichen Comp Stn 13-26,CALGARY,AB,T2P 2S5,50.81964,-113.097,Oil and gas extraction,Volatile Organic Compounds (VOCs),tonnes,23.36
2019,City of Calgary,Pine Creek Wastewater Treatment Plant,CALGARY,AB,T2P2M5,50.8589,-113.9885,"Water, sewage and other systems",Volatile Organic Compounds (VOCs),tonnes,26.619
2019,XTO Energy Canada ULC,Resthaven 02-10,CALGARY,AB,T2C5N1,54.1704,-118.05982,Oil and gas extraction,Volatile Organic Compounds (VOCs),tonnes,30.5407
2019,Athabasca Oil Corporation,Kaybob West 07-14,CALGARY,AB,T2P3H7,54.44886,-116.90932,Oil and gas extraction,Volatile Organic Compounds (VOCs),tonnes,33.1957
2019,Amvic Inc.,Amvic Inc.,CALGARY,AB,T2G 4N6,51.02068,-114.0315,Plastic product manufacturing,Volatile Organic Compounds (VOCs),tonnes,36.459
2019,AB Mauri (Canada) Ltd.,Fleischmann's Yeast- Calgary Plant,CALGARY,AB,T2G3M3,51.03471,-114.0256,Other food manufacturing,Volatile Organic Compounds (VOCs),tonnes,40.57
2019,Enerplus Corporation,Med Hat MWB 11-16,CALGARY,AB,T2P2Z1,50.08624,-110.63326,Oil and gas extraction,Volatile Organic Compounds (VOCs),tonnes,41.177
2019,Seven Generations Energy Ltd.,Lator #1 01-21-063-02W6,CALGARY,AB,,54.4394,-118.2504,Oil and gas extraction,Volatile Organic Compounds (VOCs),tonnes,44.25
2019,Enmax Generation Portfolio Inc,Shepard Energy Centre,CALGARY,AB,T3S0A2,50.97068,-113.8851,"Electric power generation, transmission and distribution",Volatile Organic Compounds (VOCs),tonnes,44.36
2019,Enerplus Corporation,Ante Creek Multi-Well Gas Battery 05-26,CALGARY,AB,T2P2Z1,54.73964,-117.52749,Oil and gas extraction,Volatile Organic Compounds (VOCs),tonnes,50.022
2019,Connacher Oil and Gas Limited,Algar,CALGARY,AB,,56.11314,-111.71534,Oil and gas extraction,Volatile Organic Compounds (VOCs),tonnes,51.885
2019,Tourmaline Oil Corp,Columbia Gas Plant 15-36-044-15 W5M,CALGARY,AB,T2P 3H7,52.83944,-116.03732,Oil and gas extraction,Volatile Organic Compounds (VOCs),tonnes,53.1775
2019,Polar Star Canadian Oil and Gas Inc.,Conroy D-48-C/94-H-12,CALGARY,BC,T2P3J4,57.53822,-121.84416,Oil and gas extraction,Volatile Organic Compounds (VOCs),tonnes,65.28925
2019,Groupe Canam inc.,Calgary,CALGARY,AB,T2H0N2,51.00529,-114.05857,Architectural and structural metals manufacturing,Volatile Organic Compounds (VOCs),tonnes,74.9
2019,CSV Midstream Solutions,PARA KARR 06-18 COMPRESSOR,CALGARY,AB,T2P 0J1,54.709648,-118.600073,Oil and gas extraction,Volatile Organic Compounds (VOCs),tonnes,76.838623
2019,APEL Extrusions Ltd.,APEL EXTRUSIONS,CALGARY,AB,T2C 1H7,50.983,-113.9884,Alumina and aluminum production and processing,Volatile Organic Compounds (VOCs),tonnes,85.8536
2019,PIERIDAE ALBERTA PRODUCTION LTD.,Jumping Pound Complex,CALGARY,AB,T2P 4V8,51.13696,-114.58262,Oil and gas extraction,Volatile Organic Compounds (VOCs),tonnes,96.725
2019,Weston Bakeries,Weston Bakeries Calgary,CALGARY,AB,T2H 0N8,51.001,-114.0612,Bakeries and tortilla manufacturing,Volatile Organic Compounds (VOCs),tonnes,98.02
2019,City of Calgary,Bonnybrook Wastewater Treatment Plant,CALGARY,AB,T2G3M8,51.0128,-114.022,"Water, sewage and other systems",Volatile Organic Compounds (VOCs),tonnes,100.1
2019,Cona Resources Ltd.,LINDBERGH SAGD 04-25,CALGARY,AB,T2P 4K9,54.03691,-110.62095,Oil and gas extraction,Volatile Organic Compounds (VOCs),tonnes,109.0705
2019,Seven Generations Energy Ltd.,Karr 07-11-064-04W6,CALGARY,AB,,54.5411,-118.1792,Oil and gas extraction,Volatile Organic Compounds (VOCs),tonnes,140.76
2019,Crown Metal Packaging Canada LP,CROWN METAL PACKAGING CANADA LP - Plant 235,CALGARY,AB,T1X1E1,50.98701,-113.97051,Other fabricated metal product manufacturing,Volatile Organic Compounds (VOCs),tonnes,194.012
2019,Hood Packaging Corporation,Calgary Plastics Film Division,CALGARY,AB,T2G 1V7,51.02419,-114.0353,Plastic product manufacturing,Volatile Organic Compounds (VOCs),tonnes,268.8
2019,Shell Canada Products,Calgary Terminal,CALGARY,AB,T2C4K9,50.96227,-113.9789,Petroleum and petroleum products merchant wholesalers,Volatile Organic Compounds (VOCs),tonnes,287.2754
2019,Surge Energy Inc.,Silver Lake 13-18,CALGARY,AB,T2P0M5,52.4467,-110.43396,Oil and gas extraction,Volatile Organic Compounds (VOCs),tonnes,298.099734
2019,IMPERIAL OIL,Calgary Terminal,CALGARY,AB,T2C 4K9,50.9636,-113.97668,Petroleum and petroleum products merchant wholesalers,Volatile Organic Compounds (VOCs),tonnes,776.8463
2019,Alberta Distillers Ltd.,ALBERTA DISTILLERS,CALGARY,AB,T2H1X1,51.02277,-114.02766,Beverage manufacturing,Volatile Organic Compounds (VOCs),tonnes,1379
