<PAMDataset>
  <PAMRasterBand band="1">
    <Histograms>
      <HistItem>
        <HistMin>0</HistMin>
        <HistMax>283.678955078125</HistMax>
        <BucketCount>256</BucketCount>
        <IncludeOutOfRange>1</IncludeOutOfRange>
        <Approximate>0</Approximate>
        <HistCounts>28309|392|382|583|1285|1034|1426|1569|1762|1183|1011|912|828|712|615|498|435|429|442|435|469|486|451|405|383|402|352|361|374|381|421|781|285|288|314|302|342|317|350|358|375|392|402|420|404|430|420|431|435|457|491|449|471|472|515|513|497|498|490|512|549|573|641|754|1159|1090|875|768|754|760|842|995|1168|1076|714|671|794|545|543|639|651|590|230|186|166|134|119|105|94|98|85|82|59|63|44|54|36|44|34|35|28|32|31|23|25|17|22|21|19|14|15|14|16|14|4|17|12|7|7|11|14|4|8|5|7|7|8|5|3|7|4|7|3|7|4|3|2|3|1|6|8|2|5|1|0|0|3|3|3|1|3|4|1|4|1|1|1|3|1|0|1|2|2|1|0|3|0|1|1|4|2|0|0|0|1|0|2|0|0|2|0|1|1|1|0|0|0|0|1|1|1|1|0|1|1|0|0|0|0|0|1|1|1|0|0|0|0|0|0|0|0|1|0|0|0|0|0|1|0|0|1|1|0|0|1|0|0|0|0|0|0|0|0|0|0|0|0|0|0|0|0|0|0|0|1|0|0|0|0|0|0|0|0|0|0|1</HistCounts>
      </HistItem>
    </Histograms>
    <Metadata>
      <MDI key="STATISTICS_MINIMUM">0</MDI>
      <MDI key="STATISTICS_MAXIMUM">283.67895507812</MDI>
      <MDI key="STATISTICS_MEAN">31.301386082159</MDI>
      <MDI key="STATISTICS_STDDEV">34.186772486359</MDI>
      <MDI key="STATISTICS_MEDIAN">13.349598</MDI>
      <MDI key="STATISTICS_COUNT">80500.000000</MDI>
      <MDI key="STATISTICS_SKIPFACTORX">1</MDI>
      <MDI key="STATISTICS_SKIPFACTORY">1</MDI>
      <MDI key="STATISTICS_EXCLUDEDVALUES"></MDI>
      <MDI key="STATISTICS_COVARIANCES">1168.735413034063</MDI>
    </Metadata>
  </PAMRasterBand>
</PAMDataset>
