<PAMDataset>
  <PAMRasterBand band="1">
    <Histograms>
      <HistItem>
        <HistMin>0</HistMin>
        <HistMax>21.98105049133301</HistMax>
        <BucketCount>256</BucketCount>
        <IncludeOutOfRange>1</IncludeOutOfRange>
        <Approximate>0</Approximate>
        <HistCounts>28392|3|64|230|396|530|528|495|554|591|870|1837|1912|2116|2378|2406|1595|1445|1416|1258|1172|964|904|744|701|763|713|668|690|673|687|612|601|571|560|551|567|534|545|515|540|573|587|595|651|665|777|843|997|1035|1101|1277|1335|1422|1158|846|455|339|265|205|180|114|105|97|90|74|76|59|69|61|52|57|53|47|55|44|42|44|36|34|42|34|25|40|23|21|30|30|22|21|22|25|15|15|17|17|12|16|18|11|14|12|8|13|9|8|15|8|8|8|7|5|12|5|8|6|3|3|5|2|4|4|1|3|4|3|1|0|2|4|3|2|0|2|1|2|0|2|4|2|2|1|2|2|1|1|1|0|1|0|3|2|0|0|0|2|0|0|1|1|0|0|0|2|1|0|1|0|0|0|2|0|0|0|0|0|0|0|0|0|1|0|0|1|2|0|0|1|0|0|0|0|0|0|0|0|0|0|0|0|0|0|0|1|0|0|0|0|0|0|0|0|0|0|0|0|0|1|0|0|0|0|0|0|0|0|1|0|0|0|0|0|0|0|0|0|0|0|0|0|0|0|0|0|0|0|0|0|0|0|0|0|0|0|0|1</HistCounts>
      </HistItem>
    </Histograms>
    <Metadata>
      <MDI key="STATISTICS_MINIMUM">0</MDI>
      <MDI key="STATISTICS_MAXIMUM">21.981050491333</MDI>
      <MDI key="STATISTICS_MEAN">1.7354460443064</MDI>
      <MDI key="STATISTICS_STDDEV">1.8297035204828</MDI>
      <MDI key="STATISTICS_MEDIAN">1.206803</MDI>
      <MDI key="STATISTICS_COUNT">80500.000000</MDI>
      <MDI key="STATISTICS_SKIPFACTORX">1</MDI>
      <MDI key="STATISTICS_SKIPFACTORY">1</MDI>
      <MDI key="STATISTICS_EXCLUDEDVALUES"></MDI>
      <MDI key="STATISTICS_COVARIANCES">3.347814972867013</MDI>
    </Metadata>
  </PAMRasterBand>
</PAMDataset>
