<PAMDataset>
  <PAMRasterBand band="1">
    <Histograms>
      <HistItem>
        <HistMin>0</HistMin>
        <HistMax>547.7008666992188</HistMax>
        <BucketCount>256</BucketCount>
        <IncludeOutOfRange>1</IncludeOutOfRange>
        <Approximate>0</Approximate>
        <HistCounts>28530|820|3721|4033|4442|1961|2777|825|704|598|482|424|377|379|375|362|401|391|429|447|502|549|623|671|688|705|695|594|497|472|456|377|329|316|330|332|341|391|465|522|613|534|455|445|464|424|445|518|587|562|531|556|538|511|539|526|648|701|559|488|463|428|359|308|304|273|266|254|259|266|253|242|274|382|517|365|350|359|260|154|139|140|86|65|60|48|51|40|39|39|29|25|31|28|16|15|22|8|14|15|13|13|11|11|10|11|9|5|8|10|6|11|6|5|7|7|5|3|10|1|4|5|8|1|4|4|5|3|3|3|3|3|3|1|2|4|3|3|1|3|1|2|2|4|1|1|2|4|1|1|0|3|0|1|0|1|1|1|3|1|2|0|0|2|0|0|0|0|3|0|0|0|0|0|1|0|0|1|0|0|1|1|1|0|0|0|0|0|1|0|0|0|0|1|1|0|0|0|0|0|0|0|0|0|0|0|0|0|0|0|0|0|0|0|1|0|0|0|0|0|0|1|0|0|0|0|0|0|0|0|1|0|0|0|0|0|0|0|0|0|0|0|0|0|0|0|0|0|0|0|0|0|0|0|0|1</HistCounts>
      </HistItem>
    </Histograms>
    <Metadata>
      <MDI key="STATISTICS_MINIMUM">0</MDI>
      <MDI key="STATISTICS_MAXIMUM">547.70086669922</MDI>
      <MDI key="STATISTICS_MEAN">40.739276380521</MDI>
      <MDI key="STATISTICS_STDDEV">53.750441759721</MDI>
      <MDI key="STATISTICS_MEDIAN">8.591386</MDI>
      <MDI key="STATISTICS_COUNT">80500.000000</MDI>
      <MDI key="STATISTICS_SKIPFACTORX">1</MDI>
      <MDI key="STATISTICS_SKIPFACTORY">1</MDI>
      <MDI key="STATISTICS_EXCLUDEDVALUES"></MDI>
      <MDI key="STATISTICS_COVARIANCES">2889.109989365191</MDI>
    </Metadata>
  </PAMRasterBand>
</PAMDataset>
