<PAMDataset>
  <PAMRasterBand band="1">
    <Histograms>
      <HistItem>
        <HistMin>0</HistMin>
        <HistMax>23.3915958404541</HistMax>
        <BucketCount>256</BucketCount>
        <IncludeOutOfRange>1</IncludeOutOfRange>
        <Approximate>0</Approximate>
        <HistCounts>28393|119|685|605|467|451|492|554|1127|2132|1850|2101|2145|2686|1781|1354|1218|1034|1237|1312|989|969|918|847|846|850|917|944|865|802|763|753|746|752|687|628|602|602|628|627|692|783|827|749|691|681|682|773|1058|848|610|701|439|351|313|274|243|201|113|78|98|73|90|69|78|69|70|70|67|66|54|54|45|50|37|44|46|36|39|40|42|33|32|31|38|22|34|22|25|29|23|18|26|16|16|18|19|20|13|16|15|11|15|3|16|11|10|5|4|5|7|7|6|4|4|6|5|7|4|6|4|2|0|3|2|6|1|3|3|4|1|1|1|0|4|3|2|4|1|2|1|1|0|0|1|1|2|1|0|0|1|2|0|1|0|2|1|0|0|0|1|0|0|1|0|0|0|0|0|1|0|1|0|0|1|0|0|1|0|0|0|1|0|0|0|0|0|0|0|0|0|2|0|2|0|0|0|0|0|0|0|0|0|0|0|0|0|0|0|0|0|0|0|0|1|0|0|0|0|0|0|0|0|0|0|0|1|0|0|0|0|0|0|1|0|0|0|0|0|0|0|0|0|0|0|0|0|0|0|0|0|0|0|0|0|1</HistCounts>
      </HistItem>
    </Histograms>
    <Metadata>
      <MDI key="STATISTICS_MINIMUM">0</MDI>
      <MDI key="STATISTICS_MAXIMUM">23.391595840454</MDI>
      <MDI key="STATISTICS_MEAN">1.6251150929015</MDI>
      <MDI key="STATISTICS_STDDEV">1.7984189175156</MDI>
      <MDI key="STATISTICS_MEDIAN">1.100781</MDI>
      <MDI key="STATISTICS_COUNT">80500.000000</MDI>
      <MDI key="STATISTICS_SKIPFACTORX">1</MDI>
      <MDI key="STATISTICS_SKIPFACTORY">1</MDI>
      <MDI key="STATISTICS_EXCLUDEDVALUES"></MDI>
      <MDI key="STATISTICS_COVARIANCES">3.234310602878158</MDI>
    </Metadata>
  </PAMRasterBand>
</PAMDataset>
