Year,Company_Name,Facility_Name,City,Province,Postal_Code,Latitude,Longitude,Sector_Name,Substance_Name,Units,Total_Air_Emissions
2023,PIERIDAE ALBERTA PRODUCTION LTD.,Jumping Pound 5-7 Well site compressor,Calgary,AB,T2P 4V8,51.1182,-114.5558,Oil and gas extraction,PM2.5 - Particulate Matter <= 2.5 Micrometers,tonnes,0.000659
2023,Questerre Energy Corporation,SKBTS4L6146 PETROBAKKEN RYERSON 1-2-9-31,Calgary,SK,T2P 3W2,49.71172,-101.57986,Oil and gas extraction,PM2.5 - Particulate Matter <= 2.5 Micrometers,tonnes,0.001
2023,Questerre Energy Corporation,ABBT0124424 01-27-004-05W4,Calgary,SK,T2P 3W2,49.71172,-101.57986,Oil and gas extraction,PM2.5 - Particulate Matter <= 2.5 Micrometers,tonnes,0.004
2023,Westbrick Energy Ltd (1),Anderson Wolf South 14-03 GGS,Calgary,AB,T2P 0R3,53.29242,-115.96724,Oil and gas extraction,PM2.5 - Particulate Matter <= 2.5 Micrometers,tonnes,0.0048
2023,Lynx Energy ULC,Three Hills Creek Gas Battery 05-36,Calgary,AB,T2G 0P6,51.9599,-113.5627,Oil and gas extraction,PM2.5 - Particulate Matter <= 2.5 Micrometers,tonnes,0.005
2023,Lynx Energy ULC,Three Hills Creek Gas Battery 01-36,Calgary,AB,T2G 0P6,52.0429,-113.5791,Oil and gas extraction,PM2.5 - Particulate Matter <= 2.5 Micrometers,tonnes,0.0052
2023,Westbrick Energy Ltd (1),Velvet 09-04-056-17W5,Calgray,AB,T2P 0R3,53.81207,-116.45727,Oil and gas extraction,PM2.5 - Particulate Matter <= 2.5 Micrometers,tonnes,0.0066
2023,Westbrick Energy Ltd (1),Velvet 16-23-054-17W5,Calgary,AB,T2P 0R3,53.68324,-116.3903,Oil and gas extraction,PM2.5 - Particulate Matter <= 2.5 Micrometers,tonnes,0.0066
2023,Westbrick Energy Ltd (1),Deanne 03-06-039-11W5,Calgary,AB,T2P 0R3,52.3192,-115.58,Oil and gas extraction,PM2.5 - Particulate Matter <= 2.5 Micrometers,tonnes,0.0067
2023,Questerre Energy Corporation,SKBTB4L3993 HIGHROCK RYERSON HZ,Calgary,SK,T2P 3W2,49.73379,-101.62558,Oil and gas extraction,PM2.5 - Particulate Matter <= 2.5 Micrometers,tonnes,0.009
2023,Questerre Energy Corporation,SKBTS4L8998 HIGHROCK FRYS E 16-09-09-31W1,Calgary,AB,T2P 3W2,57.191,-111.5539,Oil and gas extraction,PM2.5 - Particulate Matter <= 2.5 Micrometers,tonnes,0.012
2023,Saturn Oil & Gas Inc.,WORDSWORTH 1-06-007-04W2,Calgary,SK,T2P 1G1,49.52469,-102.52918,Oil and gas extraction,PM2.5 - Particulate Matter <= 2.5 Micrometers,tonnes,0.0213
2023,Saturn Oil & Gas Inc.,ALAMEDA 11-28-003-02W2,Calgary,SK,T2P 1G1,49.2408,-102.22363,Oil and gas extraction,PM2.5 - Particulate Matter <= 2.5 Micrometers,tonnes,0.0265
2023,BURNCO Rock Products Ltd,Springbank Ready Mix,Calgary,AB,T3Z 3N4,51.07709,-114.25103,Cement and concrete product manufacturing,PM2.5 - Particulate Matter <= 2.5 Micrometers,tonnes,0.031
2023,Questerre Energy Corporation,SKBTB4L3867 QUESTERRE RYERSON 13-1,Calgary,SK,T2P 3W2,49.722319,-101.57346,Oil and gas extraction,PM2.5 - Particulate Matter <= 2.5 Micrometers,tonnes,0.036
2023,Saturn Oil & Gas Inc.,CRESCENT POINT INGOLDSBY 4-10,Calgary,SK,T2P 1G1,49.2782,-102.1123,Oil and gas extraction,PM2.5 - Particulate Matter <= 2.5 Micrometers,tonnes,0.0381
2023,Pine Cliff Energy Ltd.,Michichi Compressor Station 13-20-031-18W4,Calgary,AB,,51.676129,-112.529611,Oil and gas extraction,PM2.5 - Particulate Matter <= 2.5 Micrometers,tonnes,0.03879
2023,Pine Cliff Energy Ltd.,Rowley North Gathering System 16-24-032-20W4,Calgary,AB,,51.76348,-112.701,Oil and gas extraction,PM2.5 - Particulate Matter <= 2.5 Micrometers,tonnes,0.0407
2023,Pine Cliff Energy Ltd.,Greater Edson 06-04,Calgary,AB,T2R 1J4,53.808542,-116.172594,Oil and gas extraction,PM2.5 - Particulate Matter <= 2.5 Micrometers,tonnes,0.04168
2023,BURNCO Rock Products Ltd,Shepard Ready Mix,Calgary,AB,T2C 4P1,50.968458,-113.991591,Cement and concrete product manufacturing,PM2.5 - Particulate Matter <= 2.5 Micrometers,tonnes,0.043
2023,Pine Cliff Energy Ltd.,Three Hills GP 10-6,Calgary,AB,T2R 1J4,51.71628,-113.25,Oil and gas extraction,PM2.5 - Particulate Matter <= 2.5 Micrometers,tonnes,0.04551
2023,Canlin Energy Corporation,Petro-Canada CS 06-08,Calgary,AB,,51.37797,-114.8121,Oil and gas extraction,PM2.5 - Particulate Matter <= 2.5 Micrometers,tonnes,0.0496
2023,BTG Energy Inc,Czar Med River 13-08-039-02W5,Calgary,AB,,52.346606,-114.262391,Oil and gas extraction,PM2.5 - Particulate Matter <= 2.5 Micrometers,tonnes,0.0497
2023,PIERIDAE ALBERTA PRODUCTION LTD.,Cordel Compressor Station 03-36-042-16W5,Calgary,AB,,52.6539,-116.1814,Oil and gas extraction,PM2.5 - Particulate Matter <= 2.5 Micrometers,tonnes,0.0529
2023,Sun Century Petroleum Corporation,SCPC Fenn West Gas Plant 14-18,Calgary,AB,,52.163002,-113.335056,Oil and gas extraction,PM2.5 - Particulate Matter <= 2.5 Micrometers,tonnes,0.0589
2023,Journey Energy Inc.,Countess 10-09-020-16 W4,Calgary,AB,,50.683,-112.16,Oil and gas extraction,PM2.5 - Particulate Matter <= 2.5 Micrometers,tonnes,0.059
2023,PIERIDAE ALBERTA PRODUCTION LTD.,Moose Mountain Compressor Station,Calgary,AB,T2P 4V8,50.8894,-114.7618,Oil and gas extraction,PM2.5 - Particulate Matter <= 2.5 Micrometers,tonnes,0.06149
2023,Baccalieu Energy Inc.,Baccalieu Ferrier 1-6-38-7 W5,Calgary,AB,,52.23361,-114.9805,Oil and gas extraction,PM2.5 - Particulate Matter <= 2.5 Micrometers,tonnes,0.0615
2023,Petrus Resources Ltd.,PINNACLE COOKING LAKE 4-16,Calgary,AB,,53.48504,-112.8989,Oil and gas extraction,PM2.5 - Particulate Matter <= 2.5 Micrometers,tonnes,0.0682
2023,Journey Energy Inc.,Herronton 01-15-019-25 W4,Calgary,AB,,50.6022,-113.3838,Oil and gas extraction,PM2.5 - Particulate Matter <= 2.5 Micrometers,tonnes,0.0745
2023,Tourmaline Oil Corp,Crew Edson 16-10-052-15 W5,Calgary,AB,,53.4779,-116.124,Oil and gas extraction,PM2.5 - Particulate Matter <= 2.5 Micrometers,tonnes,0.0766
2023,Obsidian Energy Ltd.,Battery 14-26,Calgary,AB,,53.437677,-115.22074,Oil and gas extraction,PM2.5 - Particulate Matter <= 2.5 Micrometers,tonnes,0.0806
2023,BURNCO Rock Products Ltd,Springbank Asphalt,Calgary,AB,T3Z 3N4,51.076214,-114.248335,Petroleum and coal product manufacturing,PM2.5 - Particulate Matter <= 2.5 Micrometers,tonnes,0.083
2023,Axiom Oil and Gas Inc.,Randall Gas BT (ABBT0162561),Calgary,AB,T2P 0H7,56.01253,-115.02183,Oil and gas extraction,PM2.5 - Particulate Matter <= 2.5 Micrometers,tonnes,0.09804
2023,"Barnwell of Canada, Limited",Twining Sweet Gas Plant 04-02,Calgary,AB,,51.7954,-113.456,Oil and gas extraction,PM2.5 - Particulate Matter <= 2.5 Micrometers,tonnes,0.0991
2023,Axiom Oil and Gas Inc.,MOBIL HARME BATTERY NO 1 (ABBT4480044),Calgary,AB,T2P 0H7,51.75788,-114.30674,Oil and gas extraction,PM2.5 - Particulate Matter <= 2.5 Micrometers,tonnes,0.10506
2023,Baccalieu Energy Inc.,Baccalieu WillGr 4-17-43-7 W5,Calgary,AB,,52.70035,-114.9892,Oil and gas extraction,PM2.5 - Particulate Matter <= 2.5 Micrometers,tonnes,0.1056
2023,Baccalieu Energy Inc.,Baccalieu Brazeau 02-10-48-12 W5,Calgary,AB,,53.12141,-115.6682,Oil and gas extraction,PM2.5 - Particulate Matter <= 2.5 Micrometers,tonnes,0.1091
2023,Obsidian Energy Ltd.,Battery SEAL 06-04,Calgary,AB,,56.16486,-116.6306,Oil and gas extraction,PM2.5 - Particulate Matter <= 2.5 Micrometers,tonnes,0.1123
2023,Westbrick Energy Ltd (1),Vero Edson 08-06-053-14W5,Calgary,AB,T2P 0R3,53.5466,-116.04391,Oil and gas extraction,PM2.5 - Particulate Matter <= 2.5 Micrometers,tonnes,0.1142
2023,Tourmaline Oil Corp,Wapiti 11-25-66-8W6M Comp Stn,Calgary,AB,,54.743518,-119.073283,Oil and gas extraction,PM2.5 - Particulate Matter <= 2.5 Micrometers,tonnes,0.1148
2023,i3 Energy Canada Ltd.,Gilby West Sour Comp Stn 11-20-041-04,Calgary,AB,T2P 1K3,52.5478,-114.54609,Oil and gas extraction,PM2.5 - Particulate Matter <= 2.5 Micrometers,tonnes,0.1179
2023,Tourmaline Oil Corp,Red Rock Gas Battery 09-07-062-06W6,Calgary,AB,,54.35037,-118.87809,Oil and gas extraction,PM2.5 - Particulate Matter <= 2.5 Micrometers,tonnes,0.1247
2023,Pine Cliff Energy Ltd.,Drumheller Compressor Station 16-24-029-19W4,Calgary,AB,,51.50148,-112.5395,Oil and gas extraction,PM2.5 - Particulate Matter <= 2.5 Micrometers,tonnes,0.1262
2023,Kiwetinohk Energy Corp.,Bigstone 01-18 Pad,Calgary,AB,T2T 5N3,54.0953,-117.42641,Oil and gas extraction,PM2.5 - Particulate Matter <= 2.5 Micrometers,tonnes,0.1431
2023,Pine Cliff Energy Ltd.,Ghost Pine Compressor Station 04-09-031-20W4,Calgary,AB,,51.63618,-112.7893,Oil and gas extraction,PM2.5 - Particulate Matter <= 2.5 Micrometers,tonnes,0.14456
2023,Tourmaline Oil Corp,Wild River 11-22-055-24W5 Compressor,Calgary,AB,,53.76832,-117.48534,Oil and gas extraction,PM2.5 - Particulate Matter <= 2.5 Micrometers,tonnes,0.1473
2023,Taqa North Ltd.,SWALWELL GAS PLANT(10-15),Calgary,AB,,51.4826,-113.3002,Oil and gas extraction,PM2.5 - Particulate Matter <= 2.5 Micrometers,tonnes,0.1513
2023,Kelt Exploration,Chicken Gas Battery 10-08-062-07W6,Calgary,AB,T2P 4M9,54.35038,-119.0092,Oil and gas extraction,PM2.5 - Particulate Matter <= 2.5 Micrometers,tonnes,0.15619
2023,i3 Energy Canada Ltd.,06-09-61-27 W5M,Calgary,AB,T2P 1K3,54.259533,-117.991448,Oil and gas extraction,PM2.5 - Particulate Matter <= 2.5 Micrometers,tonnes,0.1716
2023,Axiom Oil and Gas Inc.,Bonnie Glenn 11-06-044-25W4 - COMP (ABCS0009501),Calgary,AB,,52.7798,-113.6299,Oil and gas extraction,PM2.5 - Particulate Matter <= 2.5 Micrometers,tonnes,0.17698
2023,PIERIDAE ALBERTA PRODUCTION LTD.,Shell Canada Limited 04-10,Calgary,AB,,49.365,-114.201,Oil and gas extraction,PM2.5 - Particulate Matter <= 2.5 Micrometers,tonnes,0.1771
2023,BURNCO Rock Products Ltd,Springbank Aggregate,Calgary,AB,T3Z 3N4,51.07474,-114.24676,Non-metallic mineral mining and quarrying,PM2.5 - Particulate Matter <= 2.5 Micrometers,tonnes,0.191
2023,BURNCO Rock Products Ltd,Shepard Asphalt,Calgary,AB,T2C 4P1,50.967904,-113.988729,Petroleum and coal product manufacturing,PM2.5 - Particulate Matter <= 2.5 Micrometers,tonnes,0.194
2023,Journey Energy Inc.,Countess 10-04-021-16W4,Calgary,AB,,53.034063,-114.376496,Oil and gas extraction,PM2.5 - Particulate Matter <= 2.5 Micrometers,tonnes,0.1974
2023,Tourmaline Oil Corp,Sunrise 15-34-079-17-W6,Calgary,BC,,55.89665,-120.56939,Oil and gas extraction,PM2.5 - Particulate Matter <= 2.5 Micrometers,tonnes,0.2045
2023,Chemtrade Logistics Inc.,Chemtrade - Calgary,Calgary,AB,T2C 2V1,50.9953,-113.9738,Basic chemical manufacturing,PM2.5 - Particulate Matter <= 2.5 Micrometers,tonnes,0.206
2023,Tourmaline Oil Corp,MIRAGE 04-20-79-07W6,Calgary,AB,,55.856171,-119.067173,Oil and gas extraction,PM2.5 - Particulate Matter <= 2.5 Micrometers,tonnes,0.2154
2023,Tourmaline Oil Corp,Devon Mirage 10-03,Calgary,AB,,55.81986,-119.00207,Oil and gas extraction,PM2.5 - Particulate Matter <= 2.5 Micrometers,tonnes,0.2161
2023,NTE Energy Canada Ltd,Willesden Green 01-25 Battery,Calgary,AB,T2P 1E5,52.64134,-115.15589,Oil and gas extraction,PM2.5 - Particulate Matter <= 2.5 Micrometers,tonnes,0.2191
2023,Journey Energy Inc.,Countess 08-36-020-16 W4,Calgary,AB,,50.7374,-112.0849,Oil and gas extraction,PM2.5 - Particulate Matter <= 2.5 Micrometers,tonnes,0.2469
2023,Advantage Energy Ltd.,Wembley Comp Stn 03-01,Calgary,AB,T2P 5E9,55.28877,-119.0989,Oil and gas extraction,PM2.5 - Particulate Matter <= 2.5 Micrometers,tonnes,0.25376
2023,Kelt Exploration,KELT WEMBLEY 11-31 MWGEB,Calgary,AB,T2P 3H2,55.368673,-119.221196,Oil and gas extraction,PM2.5 - Particulate Matter <= 2.5 Micrometers,tonnes,0.25644
2023,Archer Exploration Corp.,ARCHER 09-25-074-08W6 MWOB & GS,Calgary,AB,,55.441492,-119.080359,Oil and gas extraction,PM2.5 - Particulate Matter <= 2.5 Micrometers,tonnes,0.2656
2023,EVRAZ Inc NA Canada,EVRAZ Calgary Tubulars,Calgary,AB,T2C 2A4,50.985432,-113.992392,Steel product manufacturing from purchased steel,PM2.5 - Particulate Matter <= 2.5 Micrometers,tonnes,0.2718
2023,BURNCO Rock Products Ltd,Burma Road Aggregate,Calgary,AB,T3R 1J3,51.185538,-114.221268,Non-metallic mineral mining and quarrying,PM2.5 - Particulate Matter <= 2.5 Micrometers,tonnes,0.275
2023,PIERIDAE ALBERTA PRODUCTION LTD.,ekwan,Calgary,BC,,58.8311,-121.3859,Oil and gas extraction,PM2.5 - Particulate Matter <= 2.5 Micrometers,tonnes,0.2756
2023,BURNCO Rock Products Ltd,BLV Aggregate,Calgary,AB,T3R 1J3,51.1648,-114.21755,Non-metallic mineral mining and quarrying,PM2.5 - Particulate Matter <= 2.5 Micrometers,tonnes,0.283
2023,Tourmaline Oil Corp,Black Conroy Comp Stn b-094-J/094-H-05,Calgary,BC,,57.4936,-121.6733,Oil and gas extraction,PM2.5 - Particulate Matter <= 2.5 Micrometers,tonnes,0.3005
2023,PIERIDAE ALBERTA PRODUCTION LTD.,Chungo Compressor Station 05-26-043-18W5,Calgary,AB,,52.73244,-116.51295,Oil and gas extraction,PM2.5 - Particulate Matter <= 2.5 Micrometers,tonnes,0.3034
2023,Spartan Delta Corp.,ABBT0139751,Calgary,AB,T2R 0Y6,52.8562,-115.28,Oil and gas extraction,PM2.5 - Particulate Matter <= 2.5 Micrometers,tonnes,0.30836
2023,City of Calgary,Shepard Landfill,Calgary,AB,T2Z 5E7,50.9505,-113.958,Waste treatment and disposal,PM2.5 - Particulate Matter <= 2.5 Micrometers,tonnes,0.31
2023,City of Calgary,Spyhill Landfill,Calgary,AB,T3R 1J3,51.1543,-114.18442,Waste treatment and disposal,PM2.5 - Particulate Matter <= 2.5 Micrometers,tonnes,0.32
2023,Journey Energy Inc.,PEMBINA 12-31-048-04 W5,Calgary,AB,,53.18677,-114.58241,Oil and gas extraction,PM2.5 - Particulate Matter <= 2.5 Micrometers,tonnes,0.3225
2023,Spur Petroleum Ltd.,MARTEN HILLS 10-07-076-05W5,Calgary,AB,,55.572136,-114.800406,Oil and gas extraction,PM2.5 - Particulate Matter <= 2.5 Micrometers,tonnes,0.3249
2023,PIERIDAE ALBERTA PRODUCTION LTD.,Hanlan Compressor Station 09-09-045-16W5,Calgary,AB,,52.867,-116.2531,Oil and gas extraction,PM2.5 - Particulate Matter <= 2.5 Micrometers,tonnes,0.325
2023,Kiwetinohk Energy Corp.,Negus 02-20 Pad,Calgary,AB,T2T 5N3,54.1118,-117.55822,Oil and gas extraction,PM2.5 - Particulate Matter <= 2.5 Micrometers,tonnes,0.3304
2023,PIERIDAE ALBERTA PRODUCTION LTD.,Benjamin Compressor Station 16-28-028-08W5,Calgary,AB,,51.42938,-115.05918,Oil and gas extraction,PM2.5 - Particulate Matter <= 2.5 Micrometers,tonnes,0.3359
2023,Taqa North Ltd.,TAQA 03/04-02-040-09W5 (4-14 SWB),Calgary,AB,T2P 0H7,51.93134,-114.85515,Oil and gas extraction,PM2.5 - Particulate Matter <= 2.5 Micrometers,tonnes,0.3361
2023,Kiwetinohk Energy Corp.,Bigstone 16-32 Pad,Calgary,AB,T2P 0C1,54.06441,-117.3718,Oil and gas extraction,PM2.5 - Particulate Matter <= 2.5 Micrometers,tonnes,0.3395
2023,Tourmaline Oil Corp,Leland Comp Stn 14-34-058-26-W5,Calgary,AB,,54.0629,-117.7826,Oil and gas extraction,PM2.5 - Particulate Matter <= 2.5 Micrometers,tonnes,0.3415
2023,The Calgary Airport Authority,THE CALGARY AIRPORT AUTHORITY - CALGARY,Calgary,AB,T2E 6W5,51.1307,-114.009,Scheduled air transportation,PM2.5 - Particulate Matter <= 2.5 Micrometers,tonnes,0.34449
2023,Tourmaline Oil Corp,Smoky 01-12-058-02-W6,Calgary,AB,,53.99404,-118.151921,Oil and gas extraction,PM2.5 - Particulate Matter <= 2.5 Micrometers,tonnes,0.3466
2023,Spartan Delta Corp.,ABBT0167602,Calgary,AB,T2R 0Y6,52.84151,-115.32238,Oil and gas extraction,PM2.5 - Particulate Matter <= 2.5 Micrometers,tonnes,0.35085
2023,Tourmaline Oil Corp,Duvernay Fir Central 09-29-057-21-W5,Calgary,AB,,53.9575,-117.0766,Oil and gas extraction,PM2.5 - Particulate Matter <= 2.5 Micrometers,tonnes,0.3544
2023,Spartan Delta Corp.,ABBT0166281,Calgary,AB,T2R 0Y6,52.64505,-115.4019,Oil and gas extraction,PM2.5 - Particulate Matter <= 2.5 Micrometers,tonnes,0.35743
2023,BTG Energy Inc,BTG Energy 04-16-038-03W5,Calgary,AB,,52.26267,-114.3795,Oil and gas extraction,PM2.5 - Particulate Matter <= 2.5 Micrometers,tonnes,0.3595
2023,Journey Energy Inc.,Crystal 09-06-046-03 W5,Calgary,AB,,52.9416,-114.4182,Oil and gas extraction,PM2.5 - Particulate Matter <= 2.5 Micrometers,tonnes,0.3597
2023,Tourmaline Oil Corp,Kakwa Gas Plant 07-09-062-08 W6M,Calgary,AB,,54.346751,-119.134195,Oil and gas extraction,PM2.5 - Particulate Matter <= 2.5 Micrometers,tonnes,0.3652
2023,Spartan Delta Corp.,Brazeau Oil MWB 05-05-046-12W5,Calgary,AB,T2R 0Y6,52.93589,-115.712811,Oil and gas extraction,PM2.5 - Particulate Matter <= 2.5 Micrometers,tonnes,0.36799
2023,Obsidian Energy Ltd.,Battery 06-31-082-17W5,Calgary,AB,,56.150718,-116.653559,Oil and gas extraction,PM2.5 - Particulate Matter <= 2.5 Micrometers,tonnes,0.3729
2023,Journey Energy Inc.,Niton 14-05-055-11W5,Calgary,AB,,53.7284,-115.6025,Oil and gas extraction,PM2.5 - Particulate Matter <= 2.5 Micrometers,tonnes,0.3755
2023,Tourmaline Oil Corp,Tourmaline Berland Gas Plant (14-15-059-24-W5M),Calgary,AB,,54.106806,-117.516746,Oil and gas extraction,PM2.5 - Particulate Matter <= 2.5 Micrometers,tonnes,0.3756
2023,Tourmaline Oil Corp,Cabin Creek Compressor Station,Calgary,AB,,53.7342,-118.3956,Oil and gas extraction,PM2.5 - Particulate Matter <= 2.5 Micrometers,tonnes,0.3764
2023,Groupe Canam inc,Calgary,Calgary,AB,T2H 0N2,51.00529,-114.05857,Architectural and structural metals manufacturing,PM2.5 - Particulate Matter <= 2.5 Micrometers,tonnes,0.381
2023,Tourmaline Oil Corp,Tourmaline Solomon Gas Plant (15-20-053-27-W5),Calgary,AB,,53.59928,-117.94255,Oil and gas extraction,PM2.5 - Particulate Matter <= 2.5 Micrometers,tonnes,0.3819
2023,BTG Energy Inc,Gilby Gas Plant 05-05-040-03W5,Calgary,AB,,52.4129,-114.4076,Oil and gas extraction,PM2.5 - Particulate Matter <= 2.5 Micrometers,tonnes,0.3839
2023,Spur Petroleum Ltd.,NIPISI 12-31-076-04W5,Calgary,AB,,55.648534,-114.619367,Oil and gas extraction,PM2.5 - Particulate Matter <= 2.5 Micrometers,tonnes,0.3909
2023,Obsidian Energy Ltd.,Pembina Oil Battery 14-02,Calgary,AB,,53.292495,-115.357613,Oil and gas extraction,PM2.5 - Particulate Matter <= 2.5 Micrometers,tonnes,0.3931
2023,Journey Energy Inc.,11-20-019-12 W4M,Calgary,AB,,50.62593,-111.63618,Oil and gas extraction,PM2.5 - Particulate Matter <= 2.5 Micrometers,tonnes,0.3948
2023,Ember Resources Inc.,04-10-32-26-W4M Lone Pine,Calgary,AB,T2P 4H2,51.7236,-113.6162,"Support activities for mining, and oil and gas extraction",PM2.5 - Particulate Matter <= 2.5 Micrometers,tonnes,0.4
2023,Enercapita Energy Ltd.,Worsley 16-36-086-10 W6M,Calgary,AB,T2P 3A8,56.5061,-119.432,Oil and gas extraction,PM2.5 - Particulate Matter <= 2.5 Micrometers,tonnes,0.403
2023,Ember Resources Inc.,Keivers Lake 13-32-31-25-W4M,Calgary,AB,T2P 4H2,51.70655,-113.5237,Oil and gas extraction,PM2.5 - Particulate Matter <= 2.5 Micrometers,tonnes,0.42
2023,i3 Energy Canada Ltd.,Leedale Gas Plant 9-21-43-4W5M,Calgary,AB,,52.9582,-114.6799,Oil and gas extraction,PM2.5 - Particulate Matter <= 2.5 Micrometers,tonnes,0.4271
2023,Spartan Delta Corp.,ABBT0164727,Calgary,AB,T2R 0Y6,52.905485,-115.22847,Oil and gas extraction,PM2.5 - Particulate Matter <= 2.5 Micrometers,tonnes,0.44328
2023,Spartan Delta Corp.,Willesden Green Comp Stn 05-03,Calgary,AB,T2P 0H7,52.76338,-114.94543,Oil and gas extraction,PM2.5 - Particulate Matter <= 2.5 Micrometers,tonnes,0.44458
2023,Federated Co-operatives Limited,Calgary Feed Plant,Calgary,AB,T2P 2P4,51.06074,-113.99509,Animal food manufacturing,PM2.5 - Particulate Matter <= 2.5 Micrometers,tonnes,0.4479
2023,Ember Resources Inc.,8-22-026-26W4,Calgary,AB,T2P 4H2,51.72318,-113.6176,Oil and gas extraction,PM2.5 - Particulate Matter <= 2.5 Micrometers,tonnes,0.45
2023,Tourmaline Oil Corp,Tourmaline Chin/09-29 Ggs,Calgary,AB,,54.65656,-119.91523,Oil and gas extraction,PM2.5 - Particulate Matter <= 2.5 Micrometers,tonnes,0.455
2023,PIERIDAE ALBERTA PRODUCTION LTD.,Lynx,Calgary,AB,,54.1757,-119.5344,Oil and gas extraction,PM2.5 - Particulate Matter <= 2.5 Micrometers,tonnes,0.4553
2023,Spur Petroleum Ltd.,NIPISI 16-34-075-06W5,Calgary,AB,,55.546668,-114.832973,Oil and gas extraction,PM2.5 - Particulate Matter <= 2.5 Micrometers,tonnes,0.4844
2023,Obsidian Energy Ltd.,CDNOXY PEMBINA H BATTERY 6-22,Calgary,AB,,53.32886,-115.235742,Oil and gas extraction,PM2.5 - Particulate Matter <= 2.5 Micrometers,tonnes,0.487
2023,Ember Resources Inc.,4-23-34-23W4,Calgary,AB,,51.92753,-113.1671,Oil and gas extraction,PM2.5 - Particulate Matter <= 2.5 Micrometers,tonnes,0.49
2023,Journey Energy Inc.,HUSKY DENY KISKIU SMOKY RIVER 14-09,Calgary,AB,,54.00417,-118.24109,Oil and gas extraction,PM2.5 - Particulate Matter <= 2.5 Micrometers,tonnes,0.4951
2023,Journey Energy Inc.,Journey HZ Wind 10-10-60-14,Calgary,AB,,54.18691,-116.017,Oil and gas extraction,PM2.5 - Particulate Matter <= 2.5 Micrometers,tonnes,0.4968
2023,Tourmaline Oil Corp,Lynx 01-24-060-08 W6M,Calgary,AB,,54.1989,-119.0529,Oil and gas extraction,PM2.5 - Particulate Matter <= 2.5 Micrometers,tonnes,0.4979
2023,Ember Resources Inc.,Lamerton 06-15-42-20-W4M,Calgary,AB,T2P 4H2,52.61415,-112.8029,Oil and gas extraction,PM2.5 - Particulate Matter <= 2.5 Micrometers,tonnes,0.5
2023,Westbrick Energy Ltd (1),Westbrick GS 9-4-41-11W5,Calgary,AB,T2P 0R3,52.50317,-115.51572,Oil and gas extraction,PM2.5 - Particulate Matter <= 2.5 Micrometers,tonnes,0.5002
2023,Tourmaline Oil Corp,Obed 01-21,Calgary,AB,,53.761093,-117.349179,Oil and gas extraction,PM2.5 - Particulate Matter <= 2.5 Micrometers,tonnes,0.5171
2023,PIERIDAE ALBERTA PRODUCTION LTD.,Jumping Pound 14-32-025-06W5 CS,Calgary,AB,,51.1815,-114.806,Oil and gas extraction,PM2.5 - Particulate Matter <= 2.5 Micrometers,tonnes,0.5195
2023,City of Calgary,East Calgary Landfill,Calgary,AB,T2B 4R8,51.0265,-113.9419,Waste treatment and disposal,PM2.5 - Particulate Matter <= 2.5 Micrometers,tonnes,0.52
2023,Cenovus Energy Inc.,WAPITI 10-14-067-08W6,Calgary,AB,T2P 3G7,54.799999,-119.106102,Warehousing and storage,PM2.5 - Particulate Matter <= 2.5 Micrometers,tonnes,0.52396
2023,Journey Energy Inc.,Journey 06-01-046-02 W5,Calgary,AB,,52.9362,-114.1609,Oil and gas extraction,PM2.5 - Particulate Matter <= 2.5 Micrometers,tonnes,0.5258
2023,Ember Resources Inc.,Wood River 01-28-43-23-W4M,Calgary,AB,T2P 4H2,52.7278,-113.2701,Oil and gas extraction,PM2.5 - Particulate Matter <= 2.5 Micrometers,tonnes,0.53
2023,Tourmaline Oil Corp,Boundary Lake 08-12-088-15W6,Calgary,BC,,56.6207,-120.2465,Oil and gas extraction,PM2.5 - Particulate Matter <= 2.5 Micrometers,tonnes,0.5301
2023,PIERIDAE ALBERTA PRODUCTION LTD.,Findley 8-24,Calgary,AB,,53.941358,-118.745552,Oil and gas extraction,PM2.5 - Particulate Matter <= 2.5 Micrometers,tonnes,0.5309
2023,Tourmaline Oil Corp,Oldman 10-24,Calgary,AB,,53.8556,-116.9836,Oil and gas extraction,PM2.5 - Particulate Matter <= 2.5 Micrometers,tonnes,0.5324
2023,Tourmaline Oil Corp,Jedney Comp Stn C-007-H,Calgary,BC,,57.08958,-122.08437,Oil and gas extraction,PM2.5 - Particulate Matter <= 2.5 Micrometers,tonnes,0.5465
2023,PIERIDAE ALBERTA PRODUCTION LTD.,Findley 09-24,Calgary,AB,,53.9431,-118.7466,Oil and gas extraction,PM2.5 - Particulate Matter <= 2.5 Micrometers,tonnes,0.5555
2023,Tourmaline Oil Corp,Spirit River 13-28-78-8w6 GGS,Calgary,AB,,55.79411,-119.18634,Oil and gas extraction,PM2.5 - Particulate Matter <= 2.5 Micrometers,tonnes,0.5632
2023,Taqa North Ltd.,PCR FERRIER 7-16 COMP.,Calgary,AB,T2P 0H7,52.70332,-115.39141,Oil and gas extraction,PM2.5 - Particulate Matter <= 2.5 Micrometers,tonnes,0.5745
2023,Journey Energy Inc.,Genesee 05-30-049-03 W5,Calgary,AB,,53.2561,-114.4372,Oil and gas extraction,PM2.5 - Particulate Matter <= 2.5 Micrometers,tonnes,0.611
2023,Obsidian Energy Ltd.,Seal Bitumen Battery 13-08,Calgary,AB,,56.0993,-116.3208,Oil and gas extraction,PM2.5 - Particulate Matter <= 2.5 Micrometers,tonnes,0.6216
2023,Ember Resources Inc.,08-28-26-27-W4M Keoma Direct,Calgary,AB,T2P 4H2,51.245899,-113.703003,"Support activities for mining, and oil and gas extraction",PM2.5 - Particulate Matter <= 2.5 Micrometers,tonnes,0.65
2023,Sun Century Petroleum Corporation,Delburne Sweet Gas Plant 10-08,Calgary,AB,,52.1665,-113.2563,Oil and gas extraction,PM2.5 - Particulate Matter <= 2.5 Micrometers,tonnes,0.6625
2023,Obsidian Energy Ltd.,Battery 02-05-84,Calgary,AB,,56.24836,-116.96471,Oil and gas extraction,PM2.5 - Particulate Matter <= 2.5 Micrometers,tonnes,0.6849
2023,Canlin Energy Corporation,Blackstone Dehy 09-23-044-16W5,Calgary,AB,,52.97252,-116.3559,Oil and gas extraction,PM2.5 - Particulate Matter <= 2.5 Micrometers,tonnes,0.7192
2023,Spur Petroleum Ltd.,WEST MARTEN HILLS 15-01-76-03 W5,Calgary,AB,,55.561246,-114.322081,Oil and gas extraction,PM2.5 - Particulate Matter <= 2.5 Micrometers,tonnes,0.7289
2023,Journey Energy Inc.,02-26 Gas Plant,Calgary,AB,,53.5123,-115.6119,Oil and gas extraction,PM2.5 - Particulate Matter <= 2.5 Micrometers,tonnes,0.7333
2023,Lycos Energy Inc.,Swimming 16-11-052-07W4 Pad,Calgary,AB,T2P 1M9,53.480651,-110.918764,Oil and gas extraction,PM2.5 - Particulate Matter <= 2.5 Micrometers,tonnes,0.7395
2023,Spartan Delta Corp.,Willesden Green Comp Stn 08-04,Calgary,AB,T2P 0H7,52.7649,-114.9575,Oil and gas extraction,PM2.5 - Particulate Matter <= 2.5 Micrometers,tonnes,0.75736
2023,Obsidian Energy Ltd.,Battery SEAL 04-32,Calgary,AB,,56.15006,-116.62703,Oil and gas extraction,PM2.5 - Particulate Matter <= 2.5 Micrometers,tonnes,0.7754
2023,Ember Resources Inc.,Goose Quill 01-32-35-22W4,Calgary,AB,T2P 4H2,52.0429,-113.103151,Oil and gas extraction,PM2.5 - Particulate Matter <= 2.5 Micrometers,tonnes,0.78
2023,Loyal Energy (Canada) Operating Ltd.,Lookout Butte 4-13,Calgary,AB,T2P 0G5,49.1181,-113.6371,Oil and gas extraction,PM2.5 - Particulate Matter <= 2.5 Micrometers,tonnes,0.8025
2023,Ember Resources Inc.,Equity 09-33-32-22-W4M,Calgary,AB,T2P 4H2,51.78771,-113.0538,Oil and gas extraction,PM2.5 - Particulate Matter <= 2.5 Micrometers,tonnes,0.82
2023,i3 Energy Canada Ltd.,Lodgepole 13-35-47-10w5,Calgary,AB,T2P 1K3,53.1032,-115.3634,Oil and gas extraction,PM2.5 - Particulate Matter <= 2.5 Micrometers,tonnes,0.8243
2023,Journey Energy Inc.,Calcrude Cherhill 04-24-056-05 W5,Calgary,AB,,53.847,-114.6194,Oil and gas extraction,PM2.5 - Particulate Matter <= 2.5 Micrometers,tonnes,0.8271
2023,Tourmaline Oil Corp,Wapiti 13-15-067-08W6M MWB,Calgary,AB,,54.80565,-119.14339,Oil and gas extraction,PM2.5 - Particulate Matter <= 2.5 Micrometers,tonnes,0.8292
2023,Spur Petroleum Ltd.,DOUCETTE 01-31-077-02W5,Calgary,AB,,55.710319,-114.289836,Oil and gas extraction,PM2.5 - Particulate Matter <= 2.5 Micrometers,tonnes,0.8356
2023,Target Products Ltd.,Calgary Bag Plant,Calgary,AB,T2C 2J2,50.97294,-113.959812,Cement and concrete product manufacturing,PM2.5 - Particulate Matter <= 2.5 Micrometers,tonnes,0.8671
2023,Tourmaline Oil Corp,Tourmaline Spirit River Gas Plant (03-10-077-07 W6M),Calgary,AB,,55.6545,-119.00147,Oil and gas extraction,PM2.5 - Particulate Matter <= 2.5 Micrometers,tonnes,0.878
2023,Tourmaline Oil Corp,Tourmaline Columbia Gas Plant (15-36-044-15 W5M),Calgary,AB,,52.83944,-116.03732,Oil and gas extraction,PM2.5 - Particulate Matter <= 2.5 Micrometers,tonnes,0.8876
2023,Tourmaline Oil Corp,Tourmaline Edson Gas Plant (04-17-051-18-W5M),Calgary,AB,,52.874467,-116.029179,Oil and gas extraction,PM2.5 - Particulate Matter <= 2.5 Micrometers,tonnes,0.9166
2023,Spur Petroleum Ltd.,MARTEN HILLS 13-19-75-25 W4,Calgary,AB,,55.517216,-113.883939,Oil and gas extraction,PM2.5 - Particulate Matter <= 2.5 Micrometers,tonnes,0.9192
2023,Obsidian Energy Ltd.,Willesden Green Sweet Gas Plant 14-01,Calgary,AB,,52.5941,-114.8793,Oil and gas extraction,PM2.5 - Particulate Matter <= 2.5 Micrometers,tonnes,0.9217
2023,PIERIDAE ALBERTA PRODUCTION LTD.,Shell Canada Limited 03-13,Calgary,AB,,51.126,-114.714,Oil and gas extraction,PM2.5 - Particulate Matter <= 2.5 Micrometers,tonnes,0.9348
2023,Cintas Canada Limited,Cintas Calgary (23rd Ave),Calgary,AB,T2G 5S5,51.032,-114.035,Dry cleaning and laundry services,PM2.5 - Particulate Matter <= 2.5 Micrometers,tonnes,0.945
2023,Obsidian Energy Ltd.,Willesden Green Sweet Gas Plant 13-27,Calgary,AB,,52.6504,-115.0808,Oil and gas extraction,PM2.5 - Particulate Matter <= 2.5 Micrometers,tonnes,0.9499
2023,Spur Petroleum Ltd.,NIPISI 13-10-076-06W5,Calgary,AB,,55.575757,-114.819884,Oil and gas extraction,PM2.5 - Particulate Matter <= 2.5 Micrometers,tonnes,0.9778
2023,Tourmaline Oil Corp,Birley Umbach A-072-F/094-H-03,Calgary,BC,,57.49334,-121.67716,Oil and gas extraction,PM2.5 - Particulate Matter <= 2.5 Micrometers,tonnes,0.9986
2023,Spur Petroleum Ltd.,MARTEN HILLS 09-18-76-03 W5,Calgary,AB,,55.586749,-114.44502,Oil and gas extraction,PM2.5 - Particulate Matter <= 2.5 Micrometers,tonnes,1.0224
2023,Spur Petroleum Ltd.,CADOTTE 08-23-88-15 W5,Calgary,AB,,56.64463,-116.26515,Oil and gas extraction,PM2.5 - Particulate Matter <= 2.5 Micrometers,tonnes,1.0574
2023,Tourmaline Oil Corp,Tourmaline Ansell Plant (01-34-51-18 W5M),Calgary,AB,,53.44643,-116.545029,Oil and gas extraction,PM2.5 - Particulate Matter <= 2.5 Micrometers,tonnes,1.0728
2023,Tourmaline Oil Corp,TOURMALINE LAPRISE D-27-I TT,Calgary,BC,,56.94118,-122.07909,Oil and gas extraction,PM2.5 - Particulate Matter <= 2.5 Micrometers,tonnes,1.1008
2023,University of Calgary,Central Heating and Cooling Plant,Calgary,AB,T2N 1N4,51.0749,-114.1387,Universities,PM2.5 - Particulate Matter <= 2.5 Micrometers,tonnes,1.12
2023,Ember Resources Inc.,Wimborne 11-21-33-27-W4M,Calgary,AB,T2P 4H2,51.84622,-113.7738,Oil and gas extraction,PM2.5 - Particulate Matter <= 2.5 Micrometers,tonnes,1.15
2023,Tourmaline Oil Corp,Harley 08-10-057-27-W5,Calgary,AB,,53.9101,-117.9189,Oil and gas extraction,PM2.5 - Particulate Matter <= 2.5 Micrometers,tonnes,1.1584
2023,PIERIDAE ALBERTA PRODUCTION LTD.,Mclean Creek Dehy 16-09-022-06W5,Calgary,AB,,50.8618,-114.7677,Oil and gas extraction,PM2.5 - Particulate Matter <= 2.5 Micrometers,tonnes,1.1663
2023,Tourmaline Oil Corp,Nig Creek A-94-B/94-H-4,Calgary,BC,,57.0771,-121.6675,Oil and gas extraction,PM2.5 - Particulate Matter <= 2.5 Micrometers,tonnes,1.1672
2023,Journey Energy Inc.,THUNDER MATZIWIN 13-36,Calgary,AB,,51.00676,-111.83832,Oil and gas extraction,PM2.5 - Particulate Matter <= 2.5 Micrometers,tonnes,1.1797
2023,Tourmaline Oil Corp,Aitken Comp Stn a-011-A,Calgary,BC,,57.01042,-122.00312,Oil and gas extraction,PM2.5 - Particulate Matter <= 2.5 Micrometers,tonnes,1.1813
2023,Tourmaline Oil Corp,Tourmaline Med Lodge Gas Plant (14-03-052-23W5),Calgary,SK,,49.51922,-101.41762,Oil and gas extraction,PM2.5 - Particulate Matter <= 2.5 Micrometers,tonnes,1.2226
2023,THE CITY OF CALGARY,Spyhill Gravel Pit,Calgary,AB,T2P 2M5,51.1542,-114.1877,Non-metallic mineral mining and quarrying,PM2.5 - Particulate Matter <= 2.5 Micrometers,tonnes,1.223
2023,Veren Inc.,Virginia Hills Oil MWB 04-12,Calgary,AB,T0G 2C0,54.692363,-115.837832,Oil and gas extraction,PM2.5 - Particulate Matter <= 2.5 Micrometers,tonnes,1.28954
2023,NuVista Energy Ltd.,Pipestone North 16-28-71-09W6 GS,Calgary,AB,T2P 1G1,55.18332,-119.31112,Oil and gas extraction,PM2.5 - Particulate Matter <= 2.5 Micrometers,tonnes,1.34968
2023,City of Calgary,Fish Creek Wastewater Treatment Plant,Calgary,AB,T2J 5Z1,50.9127,-114.0118,"Water, sewage and other systems",PM2.5 - Particulate Matter <= 2.5 Micrometers,tonnes,1.36
2023,Tourmaline Oil Corp,Tourmaline Cecilia Gas Plant (15-04-058-23 W5M),Calgary,AB,,53.990234,-117.355302,Oil and gas extraction,PM2.5 - Particulate Matter <= 2.5 Micrometers,tonnes,1.3836
2023,Tourmaline Oil Corp,Tourmaline Anderson Gas Plant (01-09-051-24 W5M),Calgary,AB,,53.38259,-117.4668,Oil and gas extraction,PM2.5 - Particulate Matter <= 2.5 Micrometers,tonnes,1.3854
2023,Tourmaline Oil Corp,Tourmaline Hinton Gas Plant (06-32-51-25 W5M),Calgary,AB,,53.44318,-117.6554,Oil and gas extraction,PM2.5 - Particulate Matter <= 2.5 Micrometers,tonnes,1.418
2023,Journey Energy Inc.,Ante Creek Multi-Well Gas Battery 05-26,Calgary,AB,,54.73964,-117.52749,Oil and gas extraction,PM2.5 - Particulate Matter <= 2.5 Micrometers,tonnes,1.4558
2023,Alberta Distillers Ltd.,ALBERTA DISTILLERS,Calgary,AB,T2H 1X1,51.02277,-114.02766,Beverage manufacturing,PM2.5 - Particulate Matter <= 2.5 Micrometers,tonnes,1.49
2023,PIERIDAE ALBERTA PRODUCTION LTD.,Shell Canada Limited 08-16,Calgary,AB,,51.829653,-115.350985,Oil and gas extraction,PM2.5 - Particulate Matter <= 2.5 Micrometers,tonnes,1.5301
2023,Tourmaline Oil Corp,Mulligan Fourth Creek 15-13-082-09-W6,Calgary,AB,,56.1157,-119.2621,Oil and gas extraction,PM2.5 - Particulate Matter <= 2.5 Micrometers,tonnes,1.542
2023,Tourmaline Oil Corp,Tourmaline 12-06-081-07-W6,Calgary,AB,,55.99437,-119.093254,Oil and gas extraction,PM2.5 - Particulate Matter <= 2.5 Micrometers,tonnes,1.5658
2023,Alberta  Health Services,Foothills Medical Centre Power Plant,Calgary,AB,T2N 2T9,51.06584,-114.13399,"Electric power generation, transmission and distribution",PM2.5 - Particulate Matter <= 2.5 Micrometers,tonnes,1.59
2023,Tourmaline Oil Corp,Conroy D-48-C/94-H-12,Calgary,BC,,57.53822,-121.84416,Oil and gas extraction,PM2.5 - Particulate Matter <= 2.5 Micrometers,tonnes,1.6519
2023,BTG Energy Inc,Certus 06-20-038-04-W5 Battery,Calgary,AB,,52.28077,-114.54032,Oil and gas extraction,PM2.5 - Particulate Matter <= 2.5 Micrometers,tonnes,1.6584
2023,Canadian Linen & Uniform Service,Canadian Linen & Uniform Service - D11,Calgary,AB,T2G 4B6,51.01298,-114.05185,Dry cleaning and laundry services,PM2.5 - Particulate Matter <= 2.5 Micrometers,tonnes,1.67
2023,Lafarge Canada Inc. - WEST,"Lafarge Canada, Inc., Greater Calgary, Spy Hill Asphalt Plan",Calgary,AB,T3R 1J3,51.17006,-114.207393,Petroleum and coal product manufacturing,PM2.5 - Particulate Matter <= 2.5 Micrometers,tonnes,1.7
2023,Ember Resources Inc.,Entice Sweet Gas Plant 05-31,Calgary,AB,T2P 2S5,51.3487,-113.6586,Oil and gas extraction,PM2.5 - Particulate Matter <= 2.5 Micrometers,tonnes,1.7
2023,PIERIDAE ALBERTA PRODUCTION LTD.,Palliser,Calgary,AB,,54.3245,-119.8158,Oil and gas extraction,PM2.5 - Particulate Matter <= 2.5 Micrometers,tonnes,1.7527
2023,THE CITY OF CALGARY,Manchester Asphalt Plant,Calgary,AB,T2P 2M5,51.0288,-114.0448,Petroleum and coal product manufacturing,PM2.5 - Particulate Matter <= 2.5 Micrometers,tonnes,1.868
2023,Tourmaline Oil Corp,Spirit River 06-09-077-07-W6 Tank Farm,Calgary,AB,,55.655906,-119.024903,Oil and gas extraction,PM2.5 - Particulate Matter <= 2.5 Micrometers,tonnes,1.9002
2023,Tourmaline Oil Corp,Kakwa Gas Battery 04-26-061-05W6,Calgary,AB,,54.3025,-118.6442,Oil and gas extraction,PM2.5 - Particulate Matter <= 2.5 Micrometers,tonnes,1.9578
2023,City of Calgary,Pine Creek Wastewater Treatment Plant,Calgary,AB,T2X 1Z3,50.8589,-113.9885,"Water, sewage and other systems",PM2.5 - Particulate Matter <= 2.5 Micrometers,tonnes,1.99
2023,ACCEL Energy Canada Ltd.,Judy Creek Production Complex,Calgary,AB,T2P 0B4,54.51258,-115.50247,Oil and gas extraction,PM2.5 - Particulate Matter <= 2.5 Micrometers,tonnes,2.03233
2023,Obsidian Energy Ltd.,Slave Lake Sour Gas Plant 09-15,Calgary,AB,,56.2848,-116.1117,Oil and gas extraction,PM2.5 - Particulate Matter <= 2.5 Micrometers,tonnes,2.0372
2023,Tourmaline Oil Corp,Martin Creek Sour Gas Plant b-002-E/094-H-06,Calgary,BC,,57.3353,-121.3979,Oil and gas extraction,PM2.5 - Particulate Matter <= 2.5 Micrometers,tonnes,2.0382
2023,Spartan Delta Corp.,Alder Flats Gas Plant 10-09,Calgary,AB,T2P 0H7,52.86764,-115.0983,Oil and gas extraction,PM2.5 - Particulate Matter <= 2.5 Micrometers,tonnes,2.05997
2023,Obsidian Energy Ltd.,Harmon Valley SAGD South Pilot 07-06,Calgary,AB,,56.164712,-116.673082,Oil and gas extraction,PM2.5 - Particulate Matter <= 2.5 Micrometers,tonnes,2.0627
2023,Tourmaline Oil Corp,Tourmaline Wildhay Gas Plant (11-16-055-24 W5M),Calgary,AB,,53.75512,-117.50988,Oil and gas extraction,PM2.5 - Particulate Matter <= 2.5 Micrometers,tonnes,2.1036
2023,Tourmaline Oil Corp,Tourmaline Banshee Plant (15-12-050-21 W5M),Calgary,AB,,53.30683,-116.93588,Oil and gas extraction,PM2.5 - Particulate Matter <= 2.5 Micrometers,tonnes,2.1782
2023,Spartan Delta Corp.,Brazeau Comp Stn 02-10,Calgary,AB,T2P 0H7,52.8576,-115.5139,Natural gas distribution,PM2.5 - Particulate Matter <= 2.5 Micrometers,tonnes,2.2842
2023,Tourmaline Oil Corp,Tourmaline Mulligan Terminal (03-08-079-09 W6M),Calgary,AB,,55.82708,-119.37367,Oil and gas extraction,PM2.5 - Particulate Matter <= 2.5 Micrometers,tonnes,2.3243
2023,Tourmaline Oil Corp,Wroe 8-12,Calgary,AB,,53.9144,-117.5737,Oil and gas extraction,PM2.5 - Particulate Matter <= 2.5 Micrometers,tonnes,2.4487
2023,Pathfinder Energy Ltd.,Rocky Mountain House Gas-fired Power Plant,Calgary,AB,T3L 3A1,52.65242,-115.0806,"Electric power generation, transmission and distribution",PM2.5 - Particulate Matter <= 2.5 Micrometers,tonnes,2.464
2023,Tourmaline Oil Corp,Sundance 15-07,Calgary,AB,,53.6556,-117.0817,Oil and gas extraction,PM2.5 - Particulate Matter <= 2.5 Micrometers,tonnes,2.4825
2023,Lafarge Canada Inc. - WEST,"Lafarge Canada, Inc., Greater Calgary, Spy Hill Aggregates",Calgary,AB,T3R 1J3,51.1765,-114.1949,Non-metallic mineral mining and quarrying,PM2.5 - Particulate Matter <= 2.5 Micrometers,tonnes,2.54
2023,Tourmaline Oil Corp,Tourmaline Musreau Gas Plant (08-13-062-06 W6M),Calgary,AB,,54.3597,-118.7563,Oil and gas extraction,PM2.5 - Particulate Matter <= 2.5 Micrometers,tonnes,2.6187
2023,Lafarge Canada Inc. - WEST,"Lafarge Canada Inc., Greater Calgary, STAR Pit",Calgary,AB,T3R 1J3,51.1655,-114.222,Non-metallic mineral mining and quarrying,PM2.5 - Particulate Matter <= 2.5 Micrometers,tonnes,2.66
2023,Tourmaline Oil Corp,Dawson/Doe 1-32-80-15 W6,Calgary,BC,,55.97255,-120.29903,Oil and gas extraction,PM2.5 - Particulate Matter <= 2.5 Micrometers,tonnes,2.6677
2023,DEL Canada GP Ltd.,Paleo 15-22-039-26W4 MWB,Calgary,AB,,52.373884,-113.660388,Oil and gas extraction,PM2.5 - Particulate Matter <= 2.5 Micrometers,tonnes,2.6731
2023,Tourmaline Oil Corp,Tourmaline West Wolf Lake Gas Plant (10-03-052-17 W5M),Calgary,AB,,53.462965,-116.418505,Oil and gas extraction,PM2.5 - Particulate Matter <= 2.5 Micrometers,tonnes,2.7546
2023,BTG Energy Inc,Sylvan Lake Gas Plant,Calgary,AB,,52.2284,-114.3977,Oil and gas extraction,PM2.5 - Particulate Matter <= 2.5 Micrometers,tonnes,2.8048
2023,Tourmaline Oil Corp,Tourmaline West Doe Gas Plant (13-25-080-16 W6M),Calgary,BC,,55.97092,-120.368337,Oil and gas extraction,PM2.5 - Particulate Matter <= 2.5 Micrometers,tonnes,3.5661
2023,Spartan Delta Corp.,Ferrier Compressor Station 13-05,Calgary,AB,T2R 0Y6,52.85616,-115.27982,Oil and gas extraction,PM2.5 - Particulate Matter <= 2.5 Micrometers,tonnes,3.57536
2023,Spartan Delta Corp.,Baptiste Comp Stn 06-21,Calgary,AB,T2P 0H7,52.717884,-115.249629,Oil and gas extraction,PM2.5 - Particulate Matter <= 2.5 Micrometers,tonnes,3.58377
2023,Calgary Energy Centre No. 2 Inc.,Calgary Energy Centre,Calgary,AB,T3N 1C6,51.18045,-113.93728,"Electric power generation, transmission and distribution",PM2.5 - Particulate Matter <= 2.5 Micrometers,tonnes,3.9
2023,Spur Petroleum Ltd.,NIPISI 08-06-76-05 W5,Calgary,AB,,55.554064,-114.755385,Oil and gas extraction,PM2.5 - Particulate Matter <= 2.5 Micrometers,tonnes,4.0842
2023,Tourmaline Oil Corp,Resthaven 3-16 Gas Plant,Calgary,AB,,54.18319,-118.2408,Oil and gas extraction,PM2.5 - Particulate Matter <= 2.5 Micrometers,tonnes,4.21
2023,Tourmaline Oil Corp,Horse 16-17-058-26-W5,Calgary,AB,,54.0193,-117.8199,Oil and gas extraction,PM2.5 - Particulate Matter <= 2.5 Micrometers,tonnes,4.3742
2023,PetroChina Canada Ltd.,Mackay River Commercial Program,Calgary,AB,T2P 3H9,56.79043,-112.09594,Oil and gas extraction,PM2.5 - Particulate Matter <= 2.5 Micrometers,tonnes,4.4612
2023,Obsidian Energy Ltd.,Penn West Cadotte Multi Well Battery 13-27,Calgary,AB,,56.230153,-116.765117,Oil and gas extraction,PM2.5 - Particulate Matter <= 2.5 Micrometers,tonnes,4.5047
2023,Spur Petroleum Ltd.,DOUCETTE 13-04-080-02 W5,Calgary,AB,,55.910779,-114.258764,Oil and gas extraction,PM2.5 - Particulate Matter <= 2.5 Micrometers,tonnes,4.5842
2023,Tourmaline Oil Corp,Tourmaline Sunrise Gas Plant (03-18-080-17 W6M),Calgary,BC,,55.9285,-120.6423,Oil and gas extraction,PM2.5 - Particulate Matter <= 2.5 Micrometers,tonnes,4.8556
2023,Tourmaline Oil Corp,Tourmaline Wildriver Gas Plant (14-20-056-23 W5M),Calgary,AB,,53.8579,-117.3846,Oil and gas extraction,PM2.5 - Particulate Matter <= 2.5 Micrometers,tonnes,5.1417
2023,Tourmaline Oil Corp,Laprise Gas Plant,Calgary,BC,,57.3535,-122.0505,Oil and gas extraction,PM2.5 - Particulate Matter <= 2.5 Micrometers,tonnes,5.1984
2023,Old Dutch Foods Canada,OLD DUTCH FOODS - CALGARY,Calgary,AB,T2C 0A9,51.00421,-113.9894,Other food manufacturing,PM2.5 - Particulate Matter <= 2.5 Micrometers,tonnes,5.352
2023,Tourmaline Oil Corp,Tourmaline Doe Gas Plant (02-11-080-16 W6M),Calgary,BC,,55.91377,-120.38232,Oil and gas extraction,PM2.5 - Particulate Matter <= 2.5 Micrometers,tonnes,5.4752
2023,Tourmaline Oil Corp,Gundy A-021-I,Calgary,BC,,56.68376,-122.0075,Oil and gas extraction,PM2.5 - Particulate Matter <= 2.5 Micrometers,tonnes,5.5012
2023,Tourmaline Oil Corp,Spirit River 06-03-078-07 W6,Calgary,AB,,55.7332,-118.9989,Oil and gas extraction,PM2.5 - Particulate Matter <= 2.5 Micrometers,tonnes,5.6529
2023,Tourmaline Oil Corp,Sundown B-067-H/093-P-10,Calgary,BC,,55.63536,-120.58595,Oil and gas extraction,PM2.5 - Particulate Matter <= 2.5 Micrometers,tonnes,5.7917
2023,Tourmaline Oil Corp,Kakwa Gas Processing 01-35-060-05W6,Calgary,AB,,54.2268,-118.6281,Oil and gas extraction,PM2.5 - Particulate Matter <= 2.5 Micrometers,tonnes,6.4582
2023,Spartan Delta Corp.,Ferrier Comp Stn 09-03,Calgary,AB,T2P 0H7,52.7671,-115.36156,Natural gas distribution,PM2.5 - Particulate Matter <= 2.5 Micrometers,tonnes,7.73348
2023,"CertainTeed Canada, Inc.",Calgary Wallboard Plant,Calgary,AB,T2C 2A4,50.9938,-113.99,Lime and gypsum product manufacturing,PM2.5 - Particulate Matter <= 2.5 Micrometers,tonnes,7.844
2023,Saturn Oil & Gas Inc.,PETROBAKKEN INNES 12-22-7-11W2,Calgary,SK,T2P 1G1,49.5746,-103.428,Oil and gas extraction,PM2.5 - Particulate Matter <= 2.5 Micrometers,tonnes,8.2411
2023,CSV Midstream Solutions,Karr Sour Gas Processing Plant,Calgary,AB,T2P 0L4,54.709648,-118.600073,Oil and gas extraction,PM2.5 - Particulate Matter <= 2.5 Micrometers,tonnes,8.4701
2023,City of Calgary,Bonnybrook Wastewater Treatment Plant,Calgary,AB,T2G 3M8,51.0128,-114.022,"Water, sewage and other systems",PM2.5 - Particulate Matter <= 2.5 Micrometers,tonnes,8.5
2023,Tourmaline Oil Corp,Aitken Creek Sour Gas Plant c-038-C,Calgary,BC,,57.02883,-121.84918,Oil and gas extraction,PM2.5 - Particulate Matter <= 2.5 Micrometers,tonnes,9.1565
2023,Spur Petroleum Ltd.,NIPISI 09-17-78-09 W5,Calgary,AB,,55.76125,-115.35005,Oil and gas extraction,PM2.5 - Particulate Matter <= 2.5 Micrometers,tonnes,9.4395
2023,Canada Malting Co Ltd.,Calgary Plant,Calgary,AB,T2G 4M9,51.0245,-114.025,Other food manufacturing,PM2.5 - Particulate Matter <= 2.5 Micrometers,tonnes,10.1079
2023,Enmax Generation Portfolio Inc,Shepard Energy Centre,Calgary,AB,T3S 0A2,50.97068,-113.8851,"Electric power generation, transmission and distribution",PM2.5 - Particulate Matter <= 2.5 Micrometers,tonnes,10.15
2023,Tourmaline Oil Corp,Aitken Creek Sour Gas Plant c-046-C,Calgary,BC,,57.03949,-121.82333,Oil and gas extraction,PM2.5 - Particulate Matter <= 2.5 Micrometers,tonnes,10.3826
2023,Tourmaline Oil Corp,Tourmaline Gundy Gas Plant (C-060-A / 94-B-16),Calgary,BC,,56.801313,-122.121084,Oil and gas extraction,PM2.5 - Particulate Matter <= 2.5 Micrometers,tonnes,10.7001
2023,Pembina Pipeline Corporation,Kakwa River Gas Plant 08-13-063-05W6,Calgary,AB,,54.448884,-118.594666,Oil and gas extraction,PM2.5 - Particulate Matter <= 2.5 Micrometers,tonnes,12.5026
2023,Spur Petroleum Ltd.,NIPISI 05-29-75-05 W5,Calgary,AB,,55.524974,-114.748679,Oil and gas extraction,PM2.5 - Particulate Matter <= 2.5 Micrometers,tonnes,14.1621
2023,PIERIDAE ALBERTA PRODUCTION LTD.,Jumping Pound Complex,Calgary,AB,T2P 4V8,51.13696,-114.58262,Oil and gas extraction,PM2.5 - Particulate Matter <= 2.5 Micrometers,tonnes,14.48
2023,ARC RESOURCES LTD.,Karr 07-11-064-04W6,Calgary,AB,,54.5411,-118.1792,Oil and gas extraction,PM2.5 - Particulate Matter <= 2.5 Micrometers,tonnes,15.76286
2023,ADM Agri-Industries Company,ADM AGRI-INDUSTRIES - ADM Milling Co. - Calgary,Calgary,AB,T2G 4M9,51.02021,-114.019246,Grain and oilseed milling,PM2.5 - Particulate Matter <= 2.5 Micrometers,tonnes,16.966589
2023,Strathcona Resources Ltd.,LINDBERGH SAGD 04-25,Calgary,AB,T2P 4K9,54.03691,-110.62095,Oil and gas extraction,PM2.5 - Particulate Matter <= 2.5 Micrometers,tonnes,17.29579
2023,IKO Industries Ltd.,IKO Calgary,Calgary,AB,T2P 2L2,51.01502,-114.02648,Petroleum and coal product manufacturing,PM2.5 - Particulate Matter <= 2.5 Micrometers,tonnes,24.311
