Year,Company_Name,Facility_Name,City,Province,Postal_Code,Latitude,Longitude,Sector_Name,Substance_Name,Units,Total_Air_Emissions
2023,Loyal Energy (Canada) Operating Ltd.,Lookout Butte 4-13,Calgary,AB,T2P 0G5,49.1181,-113.6371,Oil and gas extraction,Sulphur dioxide,tonnes,0
2023,Spartan Delta Corp.,Brazeau Comp Stn 02-10,Calgary,AB,T2P 0H7,52.8576,-115.5139,Natural gas distribution,Sulphur dioxide,tonnes,0
2023,Spartan Delta Corp.,Willesden Green Comp Stn 08-04,Calgary,AB,T2P 0H7,52.7649,-114.9575,Oil and gas extraction,Sulphur dioxide,tonnes,0
2023,Saturn Oil & Gas Inc.,PETROBAKKEN INNES 12-22-7-11W2,Calgary,SK,T2P 1G1,49.5746,-103.428,Oil and gas extraction,Sulphur dioxide,tonnes,0
2023,Spartan Delta Corp.,Ferrier Comp Stn 09-03,Calgary,AB,T2P 0H7,52.7671,-115.36156,Natural gas distribution,Sulphur dioxide,tonnes,0
2023,Spartan Delta Corp.,Baptiste Comp Stn 06-21,Calgary,AB,T2P 0H7,52.717884,-115.249629,Oil and gas extraction,Sulphur dioxide,tonnes,0
2023,Spartan Delta Corp.,Alder Flats Gas Plant 10-09,Calgary,AB,T2P 0H7,52.86764,-115.0983,Oil and gas extraction,Sulphur dioxide,tonnes,0
2023,Veren Inc.,Virginia Hills Oil MWB 04-12,Calgary,AB,T0G 2C0,54.692363,-115.837832,Oil and gas extraction,Sulphur dioxide,tonnes,0
2023,Spartan Delta Corp.,Willesden Green Comp Stn 05-03,Calgary,AB,T2P 0H7,52.76338,-114.94543,Oil and gas extraction,Sulphur dioxide,tonnes,0
2023,Kelt Exploration,KELT WEMBLEY 11-31 MWGEB,Calgary,AB,T2P 3H2,55.368673,-119.221196,Oil and gas extraction,Sulphur dioxide,tonnes,0
2023,Kelt Exploration,Chicken Gas Battery 10-08-062-07W6,Calgary,AB,T2P 4M9,54.35038,-119.0092,Oil and gas extraction,Sulphur dioxide,tonnes,0
2023,NuVista Energy Ltd.,Pipestone North 16-28-71-09W6 GS,Calgary,AB,T2P 1G1,55.18332,-119.31112,Oil and gas extraction,Sulphur dioxide,tonnes,0
2023,Tourmaline Oil Corp,Tourmaline Wildriver Gas Plant (14-20-056-23 W5M),Calgary,AB,,53.8579,-117.3846,Oil and gas extraction,Sulphur dioxide,tonnes,0.0001
2023,Tourmaline Oil Corp,Horse 16-17-058-26-W5,Calgary,AB,,54.0193,-117.8199,Oil and gas extraction,Sulphur dioxide,tonnes,0.0001
2023,Tourmaline Oil Corp,Tourmaline Banshee Plant (15-12-050-21 W5M),Calgary,AB,,53.30683,-116.93588,Oil and gas extraction,Sulphur dioxide,tonnes,0.0001
2023,Tourmaline Oil Corp,Tourmaline Cecilia Gas Plant (15-04-058-23 W5M),Calgary,AB,,53.990234,-117.355302,Oil and gas extraction,Sulphur dioxide,tonnes,0.0001
2023,Tourmaline Oil Corp,Resthaven 3-16 Gas Plant,Calgary,AB,,54.18319,-118.2408,Oil and gas extraction,Sulphur dioxide,tonnes,0.0001
2023,Tourmaline Oil Corp,Tourmaline Berland Gas Plant (14-15-059-24-W5M),Calgary,AB,,54.106806,-117.516746,Oil and gas extraction,Sulphur dioxide,tonnes,0.0002
2023,Tourmaline Oil Corp,Red Rock Gas Battery 09-07-062-06W6,Calgary,AB,,54.35037,-118.87809,Oil and gas extraction,Sulphur dioxide,tonnes,0.0002
2023,Tourmaline Oil Corp,Tourmaline Mulligan Terminal (03-08-079-09 W6M),Calgary,AB,,55.82708,-119.37367,Oil and gas extraction,Sulphur dioxide,tonnes,0.0003
2023,Tourmaline Oil Corp,Tourmaline Gundy Gas Plant (C-060-A / 94-B-16),Calgary,BC,,56.801313,-122.121084,Oil and gas extraction,Sulphur dioxide,tonnes,0.0003
2023,PIERIDAE ALBERTA PRODUCTION LTD.,Moose Mountain Compressor Station,Calgary,AB,T2P 4V8,50.8894,-114.7618,Oil and gas extraction,Sulphur dioxide,tonnes,0.00033
2023,Tourmaline Oil Corp,Wapiti 13-15-067-08W6M MWB,Calgary,AB,,54.80565,-119.14339,Oil and gas extraction,Sulphur dioxide,tonnes,0.0004
2023,Tourmaline Oil Corp,Tourmaline Musreau Gas Plant (08-13-062-06 W6M),Calgary,AB,,54.3597,-118.7563,Oil and gas extraction,Sulphur dioxide,tonnes,0.0005
2023,Tourmaline Oil Corp,Kakwa Gas Plant 07-09-062-08 W6M,Calgary,AB,,54.346751,-119.134195,Oil and gas extraction,Sulphur dioxide,tonnes,0.0005
2023,Taqa North Ltd.,TAQA 03/04-02-040-09W5 (4-14 SWB),Calgary,AB,T2P 0H7,51.93134,-114.85515,Oil and gas extraction,Sulphur dioxide,tonnes,0.0014
2023,Tourmaline Oil Corp,TOURMALINE LAPRISE D-27-I TT,Calgary,BC,,56.94118,-122.07909,Oil and gas extraction,Sulphur dioxide,tonnes,0.0016
2023,Westbrick Energy Ltd (1),Anderson Wolf South 14-03 GGS,Calgary,AB,T2P 0R3,53.29242,-115.96724,Oil and gas extraction,Sulphur dioxide,tonnes,0.0043
2023,Taqa North Ltd.,SWALWELL GAS PLANT(10-15),Calgary,AB,,51.4826,-113.3002,Oil and gas extraction,Sulphur dioxide,tonnes,0.0093
2023,Tourmaline Oil Corp,Oldman 10-24,Calgary,AB,,53.8556,-116.9836,Oil and gas extraction,Sulphur dioxide,tonnes,0.0098
2023,Westbrick Energy Ltd (1),Vero Edson 08-06-053-14W5,Calgary,AB,T2P 0R3,53.5466,-116.04391,Oil and gas extraction,Sulphur dioxide,tonnes,0.0106
2023,Westbrick Energy Ltd (1),Velvet 16-23-054-17W5,Calgary,AB,T2P 0R3,53.68324,-116.3903,Oil and gas extraction,Sulphur dioxide,tonnes,0.0107
2023,Westbrick Energy Ltd (1),Velvet 09-04-056-17W5,Calgray,AB,T2P 0R3,53.81207,-116.45727,Oil and gas extraction,Sulphur dioxide,tonnes,0.0112
2023,Westbrick Energy Ltd (1),Deanne 03-06-039-11W5,Calgary,AB,T2P 0R3,52.3192,-115.58,Oil and gas extraction,Sulphur dioxide,tonnes,0.0157
2023,Obsidian Energy Ltd.,Seal Bitumen Battery 13-08,Calgary,AB,,56.0993,-116.3208,Oil and gas extraction,Sulphur dioxide,tonnes,0.0162
2023,Obsidian Energy Ltd.,Penn West Cadotte Multi Well Battery 13-27,Calgary,AB,,56.230153,-116.765117,Oil and gas extraction,Sulphur dioxide,tonnes,0.0204
2023,Westbrick Energy Ltd (1),Westbrick GS 9-4-41-11W5,Calgary,AB,T2P 0R3,52.50317,-115.51572,Oil and gas extraction,Sulphur dioxide,tonnes,0.0235
2023,Archer Exploration Corp.,ARCHER 09-25-074-08W6 MWOB & GS,Calgary,AB,,55.441492,-119.080359,Oil and gas extraction,Sulphur dioxide,tonnes,0.0316
2023,Obsidian Energy Ltd.,Harmon Valley SAGD South Pilot 07-06,Calgary,AB,,56.164712,-116.673082,Oil and gas extraction,Sulphur dioxide,tonnes,0.0352
2023,Taqa North Ltd.,PCR FERRIER 7-16 COMP.,Calgary,AB,T2P 0H7,52.70332,-115.39141,Oil and gas extraction,Sulphur dioxide,tonnes,0.0968
2023,Obsidian Energy Ltd.,Battery 14-26,Calgary,AB,,53.437677,-115.22074,Oil and gas extraction,Sulphur dioxide,tonnes,0.1034
2023,"Barnwell of Canada, Limited",Twining Sweet Gas Plant 04-02,Calgary,AB,,51.7954,-113.456,Oil and gas extraction,Sulphur dioxide,tonnes,0.2133
2023,The Calgary Airport Authority,THE CALGARY AIRPORT AUTHORITY - CALGARY,Calgary,AB,T2E 6W5,51.1307,-114.009,Scheduled air transportation,Sulphur dioxide,tonnes,0.36186
2023,Journey Energy Inc.,Journey 06-01-046-02 W5,Calgary,AB,,52.9362,-114.1609,Oil and gas extraction,Sulphur dioxide,tonnes,0.5496
2023,Alberta  Health Services,Foothills Medical Centre Power Plant,Calgary,AB,T2N 2T9,51.06584,-114.13399,"Electric power generation, transmission and distribution",Sulphur dioxide,tonnes,0.81
2023,BURNCO Rock Products Ltd,Burma Road Aggregate,Calgary,AB,T3R 1J3,51.185538,-114.221268,Non-metallic mineral mining and quarrying,Sulphur dioxide,tonnes,0.989
2023,Journey Energy Inc.,11-20-019-12 W4M,Calgary,AB,,50.62593,-111.63618,Oil and gas extraction,Sulphur dioxide,tonnes,0.9933
2023,Obsidian Energy Ltd.,Willesden Green Sweet Gas Plant 13-27,Calgary,AB,,52.6504,-115.0808,Oil and gas extraction,Sulphur dioxide,tonnes,1.0576
2023,Obsidian Energy Ltd.,Willesden Green Sweet Gas Plant 14-01,Calgary,AB,,52.5941,-114.8793,Oil and gas extraction,Sulphur dioxide,tonnes,1.2282
2023,Journey Energy Inc.,Genesee 05-30-049-03 W5,Calgary,AB,,53.2561,-114.4372,Oil and gas extraction,Sulphur dioxide,tonnes,1.954
2023,Tourmaline Oil Corp,Black Conroy Comp Stn b-094-J/094-H-05,Calgary,BC,,57.4936,-121.6733,Oil and gas extraction,Sulphur dioxide,tonnes,2.1481
2023,Tourmaline Oil Corp,Jedney Comp Stn C-007-H,Calgary,BC,,57.08958,-122.08437,Oil and gas extraction,Sulphur dioxide,tonnes,2.1988
2023,BURNCO Rock Products Ltd,Springbank Aggregate,Calgary,AB,T3Z 3N4,51.07474,-114.24676,Non-metallic mineral mining and quarrying,Sulphur dioxide,tonnes,3.187
2023,Tourmaline Oil Corp,Boundary Lake 08-12-088-15W6,Calgary,BC,,56.6207,-120.2465,Oil and gas extraction,Sulphur dioxide,tonnes,3.2236
2023,PIERIDAE ALBERTA PRODUCTION LTD.,ekwan,Calgary,BC,,58.8311,-121.3859,Oil and gas extraction,Sulphur dioxide,tonnes,3.7937
2023,Obsidian Energy Ltd.,Slave Lake Sour Gas Plant 09-15,Calgary,AB,,56.2848,-116.1117,Oil and gas extraction,Sulphur dioxide,tonnes,4.3104
2023,BURNCO Rock Products Ltd,BLV Aggregate,Calgary,AB,T3R 1J3,51.1648,-114.21755,Non-metallic mineral mining and quarrying,Sulphur dioxide,tonnes,4.718
2023,Tourmaline Oil Corp,Birley Umbach A-072-F/094-H-03,Calgary,BC,,57.49334,-121.67716,Oil and gas extraction,Sulphur dioxide,tonnes,4.9522
2023,Evraz Recycling,Navajo Metals,Calgary,AB,T2H 2G7,51.00073,-114.03439,Remediation and other waste management services,Sulphur dioxide,tonnes,6.1637
2023,Journey Energy Inc.,Calcrude Cherhill 04-24-056-05 W5,Calgary,AB,,53.847,-114.6194,Oil and gas extraction,Sulphur dioxide,tonnes,6.2907
2023,Tourmaline Oil Corp,Aitken Comp Stn a-011-A,Calgary,BC,,57.01042,-122.00312,Oil and gas extraction,Sulphur dioxide,tonnes,7.2675
2023,City of Calgary,Fish Creek Wastewater Treatment Plant,Calgary,AB,T2J 5Z1,50.9127,-114.0118,"Water, sewage and other systems",Sulphur dioxide,tonnes,9.04
2023,City of Calgary,Pine Creek Wastewater Treatment Plant,Calgary,AB,T2X 1Z3,50.8589,-113.9885,"Water, sewage and other systems",Sulphur dioxide,tonnes,18.69
2023,Saturn Oil & Gas Inc.,WORDSWORTH 1-06-007-04W2,Calgary,SK,T2P 1G1,49.52469,-102.52918,Oil and gas extraction,Sulphur dioxide,tonnes,21.5372
2023,Saturn Oil & Gas Inc.,ALAMEDA 11-28-003-02W2,Calgary,SK,T2P 1G1,49.2408,-102.22363,Oil and gas extraction,Sulphur dioxide,tonnes,28.8504
2023,Tourmaline Oil Corp,Martin Creek Sour Gas Plant b-002-E/094-H-06,Calgary,BC,,57.3353,-121.3979,Oil and gas extraction,Sulphur dioxide,tonnes,37.192
2023,Saturn Oil & Gas Inc.,CRESCENT POINT INGOLDSBY 4-10,Calgary,SK,T2P 1G1,49.2782,-102.1123,Oil and gas extraction,Sulphur dioxide,tonnes,38.5593
2023,City of Calgary,Bonnybrook Wastewater Treatment Plant,Calgary,AB,T2G 3M8,51.0128,-114.022,"Water, sewage and other systems",Sulphur dioxide,tonnes,47.59
2023,BTG Energy Inc,Sylvan Lake Gas Plant,Calgary,AB,,52.2284,-114.3977,Oil and gas extraction,Sulphur dioxide,tonnes,51.8251
2023,Tourmaline Oil Corp,Tourmaline Spirit River Gas Plant (03-10-077-07 W6M),Calgary,AB,,55.6545,-119.00147,Oil and gas extraction,Sulphur dioxide,tonnes,105.7402
2023,Tourmaline Oil Corp,Conroy D-48-C/94-H-12,Calgary,BC,,57.53822,-121.84416,Oil and gas extraction,Sulphur dioxide,tonnes,125.9905
2023,Tourmaline Oil Corp,Sundown B-067-H/093-P-10,Calgary,BC,,55.63536,-120.58595,Oil and gas extraction,Sulphur dioxide,tonnes,137.7814
2023,Tourmaline Oil Corp,Laprise Gas Plant,Calgary,BC,,57.3535,-122.0505,Oil and gas extraction,Sulphur dioxide,tonnes,195.4101
2023,CSV Midstream Solutions,Karr Sour Gas Processing Plant,Calgary,AB,T2P 0L4,54.709648,-118.600073,Oil and gas extraction,Sulphur dioxide,tonnes,219.8962
2023,Tourmaline Oil Corp,Aitken Creek Sour Gas Plant c-038-C,Calgary,BC,,57.02883,-121.84918,Oil and gas extraction,Sulphur dioxide,tonnes,245.5303
2023,DEL Canada GP Ltd.,Paleo 15-22-039-26W4 MWB,Calgary,AB,,52.373884,-113.660388,Oil and gas extraction,Sulphur dioxide,tonnes,294.3839
2023,Pembina Pipeline Corporation,Kakwa River Gas Plant 08-13-063-05W6,Calgary,AB,,54.448884,-118.594666,Oil and gas extraction,Sulphur dioxide,tonnes,344.4889
2023,Canlin Energy Corporation,Blackstone Dehy 09-23-044-16W5,Calgary,AB,,52.97252,-116.3559,Oil and gas extraction,Sulphur dioxide,tonnes,447.0334
2023,PetroChina Canada Ltd.,Mackay River Commercial Program,Calgary,AB,T2P 3H9,56.79043,-112.09594,Oil and gas extraction,Sulphur dioxide,tonnes,461.6
2023,Strathcona Resources Ltd.,LINDBERGH SAGD 04-25,Calgary,AB,T2P 4K9,54.03691,-110.62095,Oil and gas extraction,Sulphur dioxide,tonnes,542.84215
2023,Tourmaline Oil Corp,Tourmaline Doe Gas Plant (02-11-080-16 W6M),Calgary,BC,,55.91377,-120.38232,Oil and gas extraction,Sulphur dioxide,tonnes,569.0401
2023,Tourmaline Oil Corp,Aitken Creek Sour Gas Plant c-046-C,Calgary,BC,,57.03949,-121.82333,Oil and gas extraction,Sulphur dioxide,tonnes,1025.51
2023,PIERIDAE ALBERTA PRODUCTION LTD.,Jumping Pound Complex,Calgary,AB,T2P 4V8,51.13696,-114.58262,Oil and gas extraction,Sulphur dioxide,tonnes,3340.84
