Year,Company_Name,Facility_Name,City,Province,Postal_Code,Latitude,Longitude,Sector_Name,Substance_Name,Units,Total_Air_Emissions
2023,Saturn Oil & Gas Inc.,CRESCENT POINT ROSEBANK UNIT 1 (10-33),Calgary,SK,T2P 1G1,49.3437,-102.2585,Oil and gas extraction,Volatile Organic Compounds (Total),tonnes,0
2023,Saturn Oil & Gas Inc.,TAQA QUEENSDALE 5-35,Calgary,SK,T2P 1G1,49.5147,-102.0426,Oil and gas extraction,Volatile Organic Compounds (Total),tonnes,0
2023,Saturn Oil & Gas Inc.,CRESCENT POINT QUEENSDALE N 4-33,Calgary,SK,T2P 1G1,49.5096,-102.0928,Oil and gas extraction,Volatile Organic Compounds (Total),tonnes,0
2023,Saturn Oil & Gas Inc.,PENNWEST BROWNING 11-9,Calgary,SK,T2P 1G1,49.4574,-102.6246,Oil and gas extraction,Volatile Organic Compounds (Total),tonnes,0
2023,Saturn Oil & Gas Inc.,CRESCENT POINT INGOLDSBY 16-13,Calgary,SK,T2P 1G1,49.3084,-101.6675,Oil and gas extraction,Volatile Organic Compounds (Total),tonnes,0
2023,Saturn Oil & Gas Inc.,TRISTAR TILSTON 16-10,Calgary,SK,T2P 1G1,49.4711,-101.4407,Oil and gas extraction,Volatile Organic Compounds (Total),tonnes,0
2023,Saturn Oil & Gas Inc.,CRESCENT POINT REDVERS 2-20,Calgary,SK,T2P 1G1,49.489922,-101.76309,Oil and gas extraction,Volatile Organic Compounds (Total),tonnes,0
2023,Baccalieu Energy Inc.,West Pembina 14-15-051-12 W5,Calgary,AB,,53.40691,-115.68958,Oil and gas extraction,Volatile Organic Compounds (Total),tonnes,0
2023,Saturn Oil & Gas Inc.,LTS Morrisview MWOB 16-8-7-7-W2,Calgary,SK,T2P 1G1,49.549853,-102.912574,Oil and gas extraction,Volatile Organic Compounds (Total),tonnes,0
2023,Saturn Oil & Gas Inc.,Lightning 14-8 Multi Well Oil Batt.,Calgary,SK,T2P 1G1,49.648476,-101.795555,Oil and gas extraction,Volatile Organic Compounds (Total),tonnes,0
2023,Saturn Oil & Gas Inc.,CRESCENT POINT ARLINGTON CR. (08-12),Calgary,SK,T2P 1G1,49.455594,-102.009286,Oil and gas extraction,Volatile Organic Compounds (Total),tonnes,0
2023,Journey Energy Inc.,Matziwin 01-30-023-13 W4,Calgary,AB,,50.98148,-111.79877,Oil and gas extraction,Volatile Organic Compounds (Total),tonnes,0
2023,Saturn Oil & Gas Inc.,Plato Muti-W Battery 2-14-26-19w3,Calgary,SK,T2P 1G1,51.214563,-108.547624,Oil and gas extraction,Volatile Organic Compounds (Total),tonnes,0
2023,Enercapita Energy Ltd.,Chauvco 10-10,Calgary,AB,T2P 3A8,56.270373,-119.803148,Oil and gas extraction,Volatile Organic Compounds (Total),tonnes,0
2023,Journey Energy Inc.,Journey 13-17-046-01 W5,Calgary,AB,,53.728379,-115.602469,Oil and gas extraction,Volatile Organic Compounds (Total),tonnes,0
2023,Archer Exploration Corp.,RBR BEAV 06-28-071-09W6 MWOB,Calgary,AB,,55.176068,-119.32373,Oil and gas extraction,Volatile Organic Compounds (Total),tonnes,0
2023,Obsidian Energy Ltd.,AMOCO PEMBINA F-2,Calgary,AB,,53.08146,-115.1016,Oil and gas extraction,Volatile Organic Compounds (Total),tonnes,0
2023,Tourmaline Oil Corp,TOU RESTHAVEN 15-10 OIL SWB,Calgary,AB,,54.16437,-118.3329,Oil and gas extraction,Volatile Organic Compounds (Total),tonnes,0
2023,Tourmaline Oil Corp,RSRL GORDONDALE 08-01-079-10-W6M BTY,Calgary,AB,,55.816978,-119.413821,Oil and gas extraction,Volatile Organic Compounds (Total),tonnes,0
2023,Tourmaline Oil Corp,RSRL MIRAGE BTY 01-05-080-08-W6M,Calgary,AB,,55.899876,-119.204379,Oil and gas extraction,Volatile Organic Compounds (Total),tonnes,0
2023,Tourmaline Oil Corp,RSRL GORDONDALE BTY 14-22-079-09-W6M,Calgary,AB,,55.866132,-119.322366,Oil and gas extraction,Volatile Organic Compounds (Total),tonnes,0
2023,Baccalieu Energy Inc.,Baccalieu Pembina 04-29-047-11W5,Calgary,AB,,53.077836,-115.582816,Oil and gas extraction,Volatile Organic Compounds (Total),tonnes,0
2023,Tourmaline Oil Corp,Progress 04-22 Oil Battery,Calgary,AB,,55.856157,-119.171521,Oil and gas extraction,Volatile Organic Compounds (Total),tonnes,0
2023,Journey Energy Inc.,CRYSTAL OIL (10-18) 03-13-045-04W5,Calgary,AB,,52.881885,-114.421525,Oil and gas extraction,Volatile Organic Compounds (Total),tonnes,0
2023,Obsidian Energy Ltd.,Battery 02-05-052-08W5,Calgary,AB,,53.456096,-115.140712,Oil and gas extraction,Volatile Organic Compounds (Total),tonnes,0
2023,Obsidian Energy Ltd.,Battery 03-35-051-09W5,Calgary,AB,,53.440412,-115.221173,Oil and gas extraction,Volatile Organic Compounds (Total),tonnes,0
2023,Obsidian Energy Ltd.,Battery 04-22-032-03W4,Calgary,AB,,51.752613,-110.356524,Oil and gas extraction,Volatile Organic Compounds (Total),tonnes,0
2023,Obsidian Energy Ltd.,Battery 11-11-049,Calgary,AB,,53.216002,-115.650175,Oil and gas extraction,Volatile Organic Compounds (Total),tonnes,0
2023,Obsidian Energy Ltd.,Battery ESTHER 13-16,Calgary,AB,,51.748987,-110.380148,Oil and gas extraction,Volatile Organic Compounds (Total),tonnes,0
2023,Obsidian Energy Ltd.,Battery OBE CRIMLAKE 06-12,Calgary,AB,,52.689395,-115.031518,Oil and gas extraction,Volatile Organic Compounds (Total),tonnes,0
2023,Journey Energy Inc.,Carrot creek 02-18,Calgary,AB,,53.484878,-115.607656,Oil and gas extraction,Volatile Organic Compounds (Total),tonnes,0
2023,Journey Energy Inc.,Battery 04-02,Calgary,AB,,53.717546,-115.682941,Oil and gas extraction,Volatile Organic Compounds (Total),tonnes,0
2023,Petrus Resources Ltd.,Arriva  2-25-38-9 W5M,Calgary,AB,,52.291711,-115.1533,Oil and gas extraction,Volatile Organic Compounds (Total),tonnes,0
2023,Tourmaline Oil Corp,Tourmaline KAKWA 05-09-062-04W6,Calgary,AB,,54.34645,-118.54407,Oil and gas extraction,Volatile Organic Compounds (Total),tonnes,0
2023,Saturn Oil & Gas Inc.,Palto 101012102516W300 (03-20),Calgary,SK,T2P 1G1,51.09749,-108.14009,Oil and gas extraction,Volatile Organic Compounds (Total),tonnes,0
2023,Saturn Oil & Gas Inc.,PBEN WAPELLA 1-4-15-1W2,Calgary,SK,T2P 1G1,50.22507,-102.08167,Oil and gas extraction,Volatile Organic Compounds (Total),tonnes,0
2023,Saturn Oil & Gas Inc.,POCO ET AL WAUCHOPE 4-5,Calgary,SK,T2P 1G1,49.53404,-101.93397,Oil and gas extraction,Volatile Organic Compounds (Total),tonnes,0
2023,Saturn Oil & Gas Inc.,SATURN TOTNES 01/02-14-027-18W3,Calgary,SK,T2P 1G1,51.31595,-108.42685,Oil and gas extraction,Volatile Organic Compounds (Total),tonnes,0
2023,Questerre Energy Corporation,SKBTS4L6146 PETROBAKKEN RYERSON 1-2-9-31,Calgary,SK,T2P 3W2,49.71172,-101.57986,Oil and gas extraction,Volatile Organic Compounds (Total),tonnes,0.003
2023,BTG Energy Inc,Suncor Medicine River 9-29 BTY,Calgary,AB,,52.299063,-114.526827,Oil and gas extraction,Volatile Organic Compounds (Total),tonnes,0.0035
2023,Questerre Energy Corporation,ABBT0124424 01-27-004-05W4,Calgary,SK,T2P 3W2,49.71172,-101.57986,Oil and gas extraction,Volatile Organic Compounds (Total),tonnes,0.013
2023,Questerre Energy Corporation,SKBTB4L3993 HIGHROCK RYERSON HZ,Calgary,SK,T2P 3W2,49.73379,-101.62558,Oil and gas extraction,Volatile Organic Compounds (Total),tonnes,0.031
2023,Questerre Energy Corporation,SKBTS4L8998 HIGHROCK FRYS E 16-09-09-31W1,Calgary,AB,T2P 3W2,57.191,-111.5539,Oil and gas extraction,Volatile Organic Compounds (Total),tonnes,0.039
2023,PIERIDAE ALBERTA PRODUCTION LTD.,Jumping Pound 5-7 Well site compressor,Calgary,AB,T2P 4V8,51.1182,-114.5558,Oil and gas extraction,Volatile Organic Compounds (Total),tonnes,0.0915
2023,Rife Resources Ltd.,03-01-52-04W4 (ABBT0149884),Calgary,AB,T2R 0A8,53.455393,-110.463483,Oil and gas extraction,Volatile Organic Compounds (Total),tonnes,0.112
2023,Pine Cliff Energy Ltd.,Greater Edson 06-04,Calgary,AB,T2R 1J4,53.808542,-116.172594,Oil and gas extraction,Volatile Organic Compounds (Total),tonnes,0.1169
2023,Questerre Energy Corporation,SKBTB4L3867 QUESTERRE RYERSON 13-1,Calgary,SK,T2P 3W2,49.722319,-101.57346,Oil and gas extraction,Volatile Organic Compounds (Total),tonnes,0.118
2023,Pine Cliff Energy Ltd.,Michichi Compressor Station 13-20-031-18W4,Calgary,AB,,51.676129,-112.529611,Oil and gas extraction,Volatile Organic Compounds (Total),tonnes,0.1209
2023,Spartan Delta Corp.,ABBT0139751,Calgary,AB,T2R 0Y6,52.8562,-115.28,Oil and gas extraction,Volatile Organic Compounds (Total),tonnes,0.12663
2023,Pine Cliff Energy Ltd.,Rowley North Gathering System 16-24-032-20W4,Calgary,AB,,51.76348,-112.701,Oil and gas extraction,Volatile Organic Compounds (Total),tonnes,0.1268
2023,Kiwetinohk Energy Corp.,Negus 02-20 Pad,Calgary,AB,T2T 5N3,54.1118,-117.55822,Oil and gas extraction,Volatile Organic Compounds (Total),tonnes,0.1325
2023,Pine Cliff Energy Ltd.,Three Hills GP 10-6,Calgary,AB,T2R 1J4,51.71628,-113.25,Oil and gas extraction,Volatile Organic Compounds (Total),tonnes,0.1418
2023,Spartan Delta Corp.,ABBT0167602,Calgary,AB,T2R 0Y6,52.84151,-115.32238,Oil and gas extraction,Volatile Organic Compounds (Total),tonnes,0.14485
2023,Spur Petroleum Ltd.,NIPISI 12-31-076-04W5,Calgary,AB,,55.648534,-114.619367,Oil and gas extraction,Volatile Organic Compounds (Total),tonnes,0.1888
2023,BTG Energy Inc,BTG Energy 04-16-038-03W5,Calgary,AB,,52.26267,-114.3795,Oil and gas extraction,Volatile Organic Compounds (Total),tonnes,0.2087
2023,Journey Energy Inc.,Journey HZ Wind 10-10-60-14,Calgary,AB,,54.18691,-116.017,Oil and gas extraction,Volatile Organic Compounds (Total),tonnes,0.2322
2023,Spartan Delta Corp.,ABBT0164727,Calgary,AB,T2R 0Y6,52.905485,-115.22847,Oil and gas extraction,Volatile Organic Compounds (Total),tonnes,0.24162
2023,Obsidian Energy Ltd.,Battery SEAL 06-04,Calgary,AB,,56.16486,-116.6306,Oil and gas extraction,Volatile Organic Compounds (Total),tonnes,0.2422
2023,Journey Energy Inc.,HUSKY DENY KISKIU SMOKY RIVER 14-09,Calgary,AB,,54.00417,-118.24109,Oil and gas extraction,Volatile Organic Compounds (Total),tonnes,0.2469
2023,Tourmaline Oil Corp,Wapiti 01-22-066-08W6,Calgary,AB,,54.721667,-119.111249,Oil and gas extraction,Volatile Organic Compounds (Total),tonnes,0.2493
2023,Obsidian Energy Ltd.,Battery 14-26,Calgary,AB,,53.437677,-115.22074,Oil and gas extraction,Volatile Organic Compounds (Total),tonnes,0.2561
2023,Axiom Oil and Gas Inc.,Randall Gas BT (ABBT0162561),Calgary,AB,T2P 0H7,56.01253,-115.02183,Oil and gas extraction,Volatile Organic Compounds (Total),tonnes,0.2675
2023,Spur Petroleum Ltd.,MARTEN HILLS 10-07-076-05W5,Calgary,AB,,55.572136,-114.800406,Oil and gas extraction,Volatile Organic Compounds (Total),tonnes,0.2791
2023,Obsidian Energy Ltd.,Perl Bigoray Nisku Oil Battery 04-10,Calgary,AB,,53.469559,-115.10247,Oil and gas extraction,Volatile Organic Compounds (Total),tonnes,0.2858
2023,Spur Petroleum Ltd.,WEST MARTEN HILLS 15-01-76-03 W5,Calgary,AB,,55.561246,-114.322081,Oil and gas extraction,Volatile Organic Compounds (Total),tonnes,0.2994
2023,Spur Petroleum Ltd.,DOUCETTE 01-31-077-02W5,Calgary,AB,,55.710319,-114.289836,Oil and gas extraction,Volatile Organic Compounds (Total),tonnes,0.3626
2023,Pine Cliff Energy Ltd.,Ghost Pine Compressor Station 04-09-031-20W4,Calgary,AB,,51.63618,-112.7893,Oil and gas extraction,Volatile Organic Compounds (Total),tonnes,0.37633
2023,Spur Petroleum Ltd.,MARTEN HILLS 13-19-75-25 W4,Calgary,AB,,55.517216,-113.883939,Oil and gas extraction,Volatile Organic Compounds (Total),tonnes,0.3852
2023,PIERIDAE ALBERTA PRODUCTION LTD.,Shell Canada Limited 03-13,Calgary,AB,,51.126,-114.714,Oil and gas extraction,Volatile Organic Compounds (Total),tonnes,0.3979
2023,Spur Petroleum Ltd.,NIPISI 16-34-075-06W5,Calgary,AB,,55.546668,-114.832973,Oil and gas extraction,Volatile Organic Compounds (Total),tonnes,0.4231
2023,Saturn Oil & Gas Inc.,SATURN GAINSBOR 01-27-002-31W1,Calgary,SK,T2P 1G1,49.15084,-101.54723,Oil and gas extraction,Volatile Organic Compounds (Total),tonnes,0.429
2023,Spur Petroleum Ltd.,MARTEN HILLS 09-18-76-03 W5,Calgary,AB,,55.586749,-114.44502,Oil and gas extraction,Volatile Organic Compounds (Total),tonnes,0.4704
2023,Vesta Energy Ltd.,14-14-038-28W4 (ABBT0155707),Calgary,AB,T2P 0R3,52.272543,-113.900199,Oil and gas extraction,Volatile Organic Compounds (Total),tonnes,0.49552
2023,Obsidian Energy Ltd.,Battery OBE Crimlake 09-04,Calgary,AB,,52.85376,-115.23832,Oil and gas extraction,Volatile Organic Compounds (Total),tonnes,0.5242
2023,Spur Petroleum Ltd.,NIPISI 13-10-076-06W5,Calgary,AB,,55.575757,-114.819884,Oil and gas extraction,Volatile Organic Compounds (Total),tonnes,0.5447
2023,Obsidian Energy Ltd.,Battery SEAL 04-32,Calgary,AB,,56.15006,-116.62703,Oil and gas extraction,Volatile Organic Compounds (Total),tonnes,0.5451
2023,i3 Energy Canada Ltd.,06-09-61-27 W5M,Calgary,AB,T2P 1K3,54.259533,-117.991448,Oil and gas extraction,Volatile Organic Compounds (Total),tonnes,0.5726
2023,Lycos Energy Inc.,Swimming 16-11-052-07W4 Pad,Calgary,AB,T2P 1M9,53.480651,-110.918764,Oil and gas extraction,Volatile Organic Compounds (Total),tonnes,0.5747
2023,Spur Petroleum Ltd.,CADOTTE 08-23-88-15 W5,Calgary,AB,,56.64463,-116.26515,Oil and gas extraction,Volatile Organic Compounds (Total),tonnes,0.5836
2023,PIERIDAE ALBERTA PRODUCTION LTD.,Shell Canada Limited 08-16,Calgary,AB,,51.829653,-115.350985,Oil and gas extraction,Volatile Organic Compounds (Total),tonnes,0.6152
2023,PIERIDAE ALBERTA PRODUCTION LTD.,ekwan,Calgary,BC,,58.8311,-121.3859,Oil and gas extraction,Volatile Organic Compounds (Total),tonnes,0.6678
2023,Kiwetinohk Energy Corp.,Bigstone 01-18 Pad,Calgary,AB,T2T 5N3,54.0953,-117.42641,Oil and gas extraction,Volatile Organic Compounds (Total),tonnes,0.678
2023,Saturn Oil & Gas Inc.,CPEC DODSLAND 13-16-031-18W3,Calgary,SK,T2P 1G1,51.66462,-108.50687,Oil and gas extraction,Volatile Organic Compounds (Total),tonnes,0.714
2023,Journey Energy Inc.,Genesee 05-30-049-03 W5,Calgary,AB,,53.2561,-114.4372,Oil and gas extraction,Volatile Organic Compounds (Total),tonnes,0.7872
2023,Pine Cliff Energy Ltd.,Drumheller Compressor Station 16-24-029-19W4,Calgary,AB,,51.50148,-112.5395,Oil and gas extraction,Volatile Organic Compounds (Total),tonnes,0.84603
2023,Tourmaline Oil Corp,MIRAGE 04-20-79-07W6,Calgary,AB,,55.856171,-119.067173,Oil and gas extraction,Volatile Organic Compounds (Total),tonnes,0.849
2023,Tourmaline Oil Corp,Spirit River 06-09-077-07-W6 Tank Farm,Calgary,AB,,55.655906,-119.024903,Oil and gas extraction,Volatile Organic Compounds (Total),tonnes,0.8708
2023,Obsidian Energy Ltd.,Pembina Oil Battery 14-02,Calgary,AB,,53.292495,-115.357613,Oil and gas extraction,Volatile Organic Compounds (Total),tonnes,0.8976
2023,Obsidian Energy Ltd.,Battery Pembina 16-29,Calgary,AB,,53.263343,-115.272407,Oil and gas extraction,Volatile Organic Compounds (Total),tonnes,0.9159
2023,PIERIDAE ALBERTA PRODUCTION LTD.,Shell Canada Limited 04-10,Calgary,AB,,49.365,-114.201,Oil and gas extraction,Volatile Organic Compounds (Total),tonnes,0.9172
2023,Obsidian Energy Ltd.,CDN OXY PEMBINA 16-3,Calgary,AB,,53.29182,-115.077324,Oil and gas extraction,Volatile Organic Compounds (Total),tonnes,0.9257
2023,The Calgary Airport Authority,THE CALGARY AIRPORT AUTHORITY - CALGARY,Calgary,AB,T2E 6W5,51.1307,-114.009,Scheduled air transportation,Volatile Organic Compounds (Total),tonnes,0.94779
2023,DEL Canada GP Ltd.,Paleo 15-22-039-26W4 MWB,Calgary,AB,,52.373884,-113.660388,Oil and gas extraction,Volatile Organic Compounds (Total),tonnes,1.0721
2023,Obsidian Energy Ltd.,Pennwest Wainwright (16-19),Calgary,AB,,51.76346,-110.126,Oil and gas extraction,Volatile Organic Compounds (Total),tonnes,1.0761
2023,Axiom Oil and Gas Inc.,Bonnie Glenn 11-06-044-25W4 - COMP (ABCS0009501),Calgary,AB,,52.7798,-113.6299,Oil and gas extraction,Volatile Organic Compounds (Total),tonnes,1.10313
2023,Spartan Delta Corp.,ABBT0166281,Calgary,AB,T2R 0Y6,52.64505,-115.4019,Oil and gas extraction,Volatile Organic Compounds (Total),tonnes,1.1412
2023,Saturn Oil & Gas Inc.,TRISTAR ROCANVILLE 6-4-16-31,Calgary,SK,T2P 1G1,50.33406,-101.69898,Oil and gas extraction,Volatile Organic Compounds (Total),tonnes,1.1507
2023,Logic Energy Ltd.,Parflesh 12-12 Oil Battery,Calgary,AB,T2P 3R5,51.11966,-112.95546,Oil and gas extraction,Volatile Organic Compounds (Total),tonnes,1.151
2023,Obsidian Energy Ltd.,Seal Bitumen Battery 13-08,Calgary,AB,,56.0993,-116.3208,Oil and gas extraction,Volatile Organic Compounds (Total),tonnes,1.292
2023,Kiwetinohk Energy Corp.,Bigstone 16-32 Pad,Calgary,AB,T2P 0C1,54.06441,-117.3718,Oil and gas extraction,Volatile Organic Compounds (Total),tonnes,1.3294
2023,Kelt Exploration,Chicken Gas Battery 10-08-062-07W6,Calgary,AB,T2P 4M9,54.35038,-119.0092,Oil and gas extraction,Volatile Organic Compounds (Total),tonnes,1.35115
2023,Westbrick Energy Ltd (1),Westbrick SWB 13-34-48-14 (14-36),Calgary,AB,T2P 0R3,53.18956,-115.92143,Oil and gas extraction,Volatile Organic Compounds (Total),tonnes,1.4426
2023,University of Calgary,Central Heating and Cooling Plant,Calgary,AB,T2N 1N4,51.0749,-114.1387,Universities,Volatile Organic Compounds (Total),tonnes,1.462
2023,Obsidian Energy Ltd.,Battery 06-31-082-17W5,Calgary,AB,,56.150718,-116.653559,Oil and gas extraction,Volatile Organic Compounds (Total),tonnes,1.4853
2023,Tourmaline Oil Corp,Duvernay Fir Central 09-29-057-21-W5,Calgary,AB,,53.9575,-117.0766,Oil and gas extraction,Volatile Organic Compounds (Total),tonnes,1.6403
2023,Tourmaline Oil Corp,Wapiti 11-25-66-8W6M Comp Stn,Calgary,AB,,54.743518,-119.073283,Oil and gas extraction,Volatile Organic Compounds (Total),tonnes,1.6412
2023,Tourmaline Oil Corp,Lynx 01-24-060-08 W6M,Calgary,AB,,54.1989,-119.0529,Oil and gas extraction,Volatile Organic Compounds (Total),tonnes,1.7245
2023,Obsidian Energy Ltd.,Penn West Cynthia 9-7 OMBP,Calgary,AB,,53.216,-115.296809,Oil and gas extraction,Volatile Organic Compounds (Total),tonnes,1.7452
2023,Journey Energy Inc.,11-20-019-12 W4M,Calgary,AB,,50.62593,-111.63618,Oil and gas extraction,Volatile Organic Compounds (Total),tonnes,1.7572
2023,i3 Energy Canada Ltd.,Leedale Gas Plant 9-21-43-4W5M,Calgary,AB,,52.9582,-114.6799,Oil and gas extraction,Volatile Organic Compounds (Total),tonnes,1.8145
2023,Tourmaline Oil Corp,Mulligan Fourth Creek 15-13-082-09-W6,Calgary,AB,,56.1157,-119.2621,Oil and gas extraction,Volatile Organic Compounds (Total),tonnes,1.8198
2023,PIERIDAE ALBERTA PRODUCTION LTD.,Jumping Pound 14-32-025-06W5 CS,Calgary,AB,,51.1815,-114.806,Oil and gas extraction,Volatile Organic Compounds (Total),tonnes,1.8712
2023,Alberta  Health Services,Foothills Medical Centre Power Plant,Calgary,AB,T2N 2T9,51.06584,-114.13399,"Electric power generation, transmission and distribution",Volatile Organic Compounds (Total),tonnes,1.88
2023,Obsidian Energy Ltd.,Penn West Cadotte Multi Well Battery 13-27,Calgary,AB,,56.230153,-116.765117,Oil and gas extraction,Volatile Organic Compounds (Total),tonnes,1.9372
2023,M.I. Cable Technologies Inc.,M. I. CABLE TECHNOLOGIES - CALGARY,Calgary,AB,T2H 2A6,51.000439,-114.038496,Other electrical equipment and component manufacturing,Volatile Organic Compounds (Total),tonnes,1.944
2023,Tourmaline Oil Corp,TOURMALINE LAPRISE D-27-I TT,Calgary,BC,,56.94118,-122.07909,Oil and gas extraction,Volatile Organic Compounds (Total),tonnes,1.9654
2023,Obsidian Energy Ltd.,Battery 02-05-84,Calgary,AB,,56.24836,-116.96471,Oil and gas extraction,Volatile Organic Compounds (Total),tonnes,1.9819
2023,Tourmaline Oil Corp,Cabin Creek Compressor Station,Calgary,AB,,53.7342,-118.3956,Oil and gas extraction,Volatile Organic Compounds (Total),tonnes,2.0321
2023,PIERIDAE ALBERTA PRODUCTION LTD.,Moose Mountain Compressor Station,Calgary,AB,T2P 4V8,50.8894,-114.7618,Oil and gas extraction,Volatile Organic Compounds (Total),tonnes,2.31223
2023,Journey Energy Inc.,Countess 10-04-021-16W4,Calgary,AB,,53.034063,-114.376496,Oil and gas extraction,Volatile Organic Compounds (Total),tonnes,2.425
2023,PIERIDAE ALBERTA PRODUCTION LTD.,Findley 8-24,Calgary,AB,,53.941358,-118.745552,Oil and gas extraction,Volatile Organic Compounds (Total),tonnes,2.4442
2023,Obsidian Energy Ltd.,Slave Lake Sour Gas Plant 09-15,Calgary,AB,,56.2848,-116.1117,Oil and gas extraction,Volatile Organic Compounds (Total),tonnes,2.4864
2023,i3 Energy Canada Ltd.,Lodgepole 13-35-47-10w5,Calgary,AB,T2P 1K3,53.1032,-115.3634,Oil and gas extraction,Volatile Organic Compounds (Total),tonnes,2.5492
2023,Keyera Corp,ABBT0121546 (Tank),Calgary,AB,T2P 3N4,52.35407,-114.6221,Oil and gas extraction,Volatile Organic Compounds (Total),tonnes,2.55574
2023,Spur Petroleum Ltd.,NIPISI 08-06-76-05 W5,Calgary,AB,,55.554064,-114.755385,Oil and gas extraction,Volatile Organic Compounds (Total),tonnes,2.5636
2023,Journey Energy Inc.,Crystal 09-06-046-03 W5,Calgary,AB,,52.9416,-114.4182,Oil and gas extraction,Volatile Organic Compounds (Total),tonnes,2.5873
2023,Spur Petroleum Ltd.,DOUCETTE 13-04-080-02 W5,Calgary,AB,,55.910779,-114.258764,Oil and gas extraction,Volatile Organic Compounds (Total),tonnes,2.7669
2023,Journey Energy Inc.,CORDEL 14-35-42-16,Calgary,AB,,52.666706,-116.199016,Oil and gas extraction,Volatile Organic Compounds (Total),tonnes,2.7769
2023,Tourmaline Oil Corp,Tourmaline Chin/09-29 Ggs,Calgary,AB,,54.65656,-119.91523,Oil and gas extraction,Volatile Organic Compounds (Total),tonnes,2.9228
2023,Saturn Oil & Gas Inc.,CRESCENT POINT CARLYLE 6-2,Calgary,SK,T2P 1G1,49.6154,-102.1786,Oil and gas extraction,Volatile Organic Compounds (Total),tonnes,2.9485
2023,PIERIDAE ALBERTA PRODUCTION LTD.,Mclean Creek Dehy 16-09-022-06W5,Calgary,AB,,50.8618,-114.7677,Oil and gas extraction,Volatile Organic Compounds (Total),tonnes,3.0059
2023,Westbrick Energy Ltd (1),Deanne 03-06-039-11W5,Calgary,AB,T2P 0R3,52.3192,-115.58,Oil and gas extraction,Volatile Organic Compounds (Total),tonnes,3.0232
2023,Lynx Energy ULC,Three Hills Creek Gas Battery 05-36,Calgary,AB,T2G 0P6,51.9599,-113.5627,Oil and gas extraction,Volatile Organic Compounds (Total),tonnes,3.1849
2023,Journey Energy Inc.,Herronton 01-15-019-25 W4,Calgary,AB,,50.6022,-113.3838,Oil and gas extraction,Volatile Organic Compounds (Total),tonnes,3.3328
2023,Tourmaline Oil Corp,Tourmaline Solomon Gas Plant (15-20-053-27-W5),Calgary,AB,,53.59928,-117.94255,Oil and gas extraction,Volatile Organic Compounds (Total),tonnes,3.399
2023,PIERIDAE ALBERTA PRODUCTION LTD.,Lynx,Calgary,AB,,54.1757,-119.5344,Oil and gas extraction,Volatile Organic Compounds (Total),tonnes,3.4636
2023,Westbrick Energy Ltd (1),Anderson Wolf South 14-03 GGS,Calgary,AB,T2P 0R3,53.29242,-115.96724,Oil and gas extraction,Volatile Organic Compounds (Total),tonnes,3.6849
2023,Spartan Delta Corp.,Brazeau Oil MWB 05-05-046-12W5,Calgary,AB,T2R 0Y6,52.93589,-115.712811,Oil and gas extraction,Volatile Organic Compounds (Total),tonnes,3.71975
2023,Tourmaline Oil Corp,Devon Mirage 10-03,Calgary,AB,,55.81986,-119.00207,Oil and gas extraction,Volatile Organic Compounds (Total),tonnes,3.8146
2023,Saturn Oil & Gas Inc.,CPEC DODSLAND 12-16-031-18W3,Calgary,SK,T2P 1G1,51.6615,-108.50494,Oil and gas extraction,Volatile Organic Compounds (Total),tonnes,3.857
2023,Tourmaline Oil Corp,Tourmaline Mulligan Terminal (03-08-079-09 W6M),Calgary,AB,,55.82708,-119.37367,Oil and gas extraction,Volatile Organic Compounds (Total),tonnes,3.8589
2023,PIERIDAE ALBERTA PRODUCTION LTD.,Hanlan Compressor Station 09-09-045-16W5,Calgary,AB,,52.867,-116.2531,Oil and gas extraction,Volatile Organic Compounds (Total),tonnes,4.1991
2023,Spur Petroleum Ltd.,NIPISI 09-17-78-09 W5,Calgary,AB,,55.76125,-115.35005,Oil and gas extraction,Volatile Organic Compounds (Total),tonnes,4.7252
2023,PIERIDAE ALBERTA PRODUCTION LTD.,Findley 09-24,Calgary,AB,,53.9431,-118.7466,Oil and gas extraction,Volatile Organic Compounds (Total),tonnes,4.7527
2023,PIERIDAE ALBERTA PRODUCTION LTD.,Cordel Compressor Station 03-36-042-16W5,Calgary,AB,,52.6539,-116.1814,Oil and gas extraction,Volatile Organic Compounds (Total),tonnes,4.8469
2023,Tourmaline Oil Corp,Nig Creek A-94-B/94-H-4,Calgary,BC,,57.0771,-121.6675,Oil and gas extraction,Volatile Organic Compounds (Total),tonnes,4.8705
2023,Lynx Energy ULC,Three Hills Creek Gas Battery 01-36,Calgary,AB,T2G 0P6,52.0429,-113.5791,Oil and gas extraction,Volatile Organic Compounds (Total),tonnes,4.9818
2023,Saturn Oil & Gas Inc.,CPEC DODSLAND 07-19-031-18W3,Calgary,SK,T2P 1G1,51.668663,-108.541048,Oil and gas extraction,Volatile Organic Compounds (Total),tonnes,4.999
2023,PIERIDAE ALBERTA PRODUCTION LTD.,Benjamin Compressor Station 16-28-028-08W5,Calgary,AB,,51.42938,-115.05918,Oil and gas extraction,Volatile Organic Compounds (Total),tonnes,5.2237
2023,Tourmaline Oil Corp,Smoky 01-12-058-02-W6,Calgary,AB,,53.99404,-118.151921,Oil and gas extraction,Volatile Organic Compounds (Total),tonnes,5.2933
2023,Archer Exploration Corp.,ARCHER 09-25-074-08W6 MWOB & GS,Calgary,AB,,55.441492,-119.080359,Oil and gas extraction,Volatile Organic Compounds (Total),tonnes,5.2971
2023,Canlin Energy Corporation,Blackstone Dehy 09-23-044-16W5,Calgary,AB,,52.97252,-116.3559,Oil and gas extraction,Volatile Organic Compounds (Total),tonnes,5.3504
2023,Westbrick Energy Ltd (1),Westbrick GS 9-4-41-11W5,Calgary,AB,T2P 0R3,52.50317,-115.51572,Oil and gas extraction,Volatile Organic Compounds (Total),tonnes,5.3617
2023,Obsidian Energy Ltd.,Harmon Valley SAGD South Pilot 07-06,Calgary,AB,,56.164712,-116.673082,Oil and gas extraction,Volatile Organic Compounds (Total),tonnes,5.6501
2023,Westbrick Energy Ltd (1),Vero Edson 08-06-053-14W5,Calgary,AB,T2P 0R3,53.5466,-116.04391,Oil and gas extraction,Volatile Organic Compounds (Total),tonnes,5.8118
2023,Saturn Oil & Gas Inc.,PAINTED PONY INGOLDSBY 16-6-4-30W1,Calgary,SK,T2P 1G1,49.27938,-101.50824,Oil and gas extraction,Volatile Organic Compounds (Total),tonnes,5.856
2023,i3 Energy Canada Ltd.,Gilby West Sour Comp Stn 11-20-041-04,Calgary,AB,T2P 1K3,52.5478,-114.54609,Oil and gas extraction,Volatile Organic Compounds (Total),tonnes,5.8667
2023,Sun Century Petroleum Corporation,SCPC Fenn West Gas Plant 14-18,Calgary,AB,,52.163002,-113.335056,Oil and gas extraction,Volatile Organic Compounds (Total),tonnes,5.9329
2023,BTG Energy Inc,Medicine River 02-04-039-03 W5M,Calgary,AB,,52.3199,-114.3722,Oil and gas extraction,Volatile Organic Compounds (Total),tonnes,5.9552
2023,Tourmaline Oil Corp,Boundary Lake 08-12-088-15W6,Calgary,BC,,56.6207,-120.2465,Oil and gas extraction,Volatile Organic Compounds (Total),tonnes,6.3047
2023,Spur Petroleum Ltd.,NIPISI 05-29-75-05 W5,Calgary,AB,,55.524974,-114.748679,Oil and gas extraction,Volatile Organic Compounds (Total),tonnes,6.3277
2023,Spartan Delta Corp.,Brazeau Comp Stn 02-10,Calgary,AB,T2P 0H7,52.8576,-115.5139,Natural gas distribution,Volatile Organic Compounds (Total),tonnes,6.42024
2023,Taqa North Ltd.,PCR FERRIER 7-16 COMP.,Calgary,AB,T2P 0H7,52.70332,-115.39141,Oil and gas extraction,Volatile Organic Compounds (Total),tonnes,6.59331
2023,Journey Energy Inc.,Calcrude Cherhill 04-24-056-05 W5,Calgary,AB,,53.847,-114.6194,Oil and gas extraction,Volatile Organic Compounds (Total),tonnes,6.6994
2023,Saturn Oil & Gas Inc.,LTS Viewfield MWOB 13-28-8-10W2,Calgary,SK,T2P 1G1,49.68068,-103.31292,Oil and gas extraction,Volatile Organic Compounds (Total),tonnes,6.8728
2023,Petrus Resources Ltd.,PINNACLE COOKING LAKE 4-16,Calgary,AB,,53.48504,-112.8989,Oil and gas extraction,Volatile Organic Compounds (Total),tonnes,7.0656
2023,City of Calgary,Fish Creek Wastewater Treatment Plant,Calgary,AB,T2J 5Z1,50.9127,-114.0118,"Water, sewage and other systems",Volatile Organic Compounds (Total),tonnes,7.18
2023,PIERIDAE ALBERTA PRODUCTION LTD.,Chungo Compressor Station 05-26-043-18W5,Calgary,AB,,52.73244,-116.51295,Oil and gas extraction,Volatile Organic Compounds (Total),tonnes,7.1937
2023,Baccalieu Energy Inc.,Baccalieu Brazeau 6-12-48-12 W5,Calgary,AB,,53.12501,-115.6255,Oil and gas extraction,Volatile Organic Compounds (Total),tonnes,7.3266
2023,Saturn Oil & Gas Inc.,WORDSWORTH 1-06-007-04W2,Calgary,SK,T2P 1G1,49.52469,-102.52918,Oil and gas extraction,Volatile Organic Compounds (Total),tonnes,7.3972
2023,NTE Energy Canada Ltd,Willesden Green 01-26 Sat Battery,Calgary,AB,T2P 1E5,52.64092,-115.1815,Oil and gas extraction,Volatile Organic Compounds (Total),tonnes,7.61367
2023,Baccalieu Energy Inc.,Baccalieu Pembina 01-19-049-11W5,Calgary,AB,,53.23781,-115.5891,Oil and gas extraction,Volatile Organic Compounds (Total),tonnes,7.6406
2023,Advantage Energy Ltd.,Wembley Comp Stn 03-01,Calgary,AB,T2P 5E9,55.28877,-119.0989,Oil and gas extraction,Volatile Organic Compounds (Total),tonnes,7.77579
2023,Journey Energy Inc.,Journey 06-01-046-02 W5,Calgary,AB,,52.9362,-114.1609,Oil and gas extraction,Volatile Organic Compounds (Total),tonnes,7.7766
2023,Spartan Delta Corp.,Willesden Green Comp Stn 05-03,Calgary,AB,T2P 0H7,52.76338,-114.94543,Oil and gas extraction,Volatile Organic Compounds (Total),tonnes,7.79197
2023,Baccalieu Energy Inc.,BACCALIEU PEMBINA 14-35-49-11w5,Calgary,AB,,53.270717,-115.50372,Oil and gas extraction,Volatile Organic Compounds (Total),tonnes,7.8129
2023,PIERIDAE ALBERTA PRODUCTION LTD.,Palliser,Calgary,AB,,54.3245,-119.8158,Oil and gas extraction,Volatile Organic Compounds (Total),tonnes,8.1774
2023,Obsidian Energy Ltd.,Battery 09-09-049-10W5,Calgary,AB,,53.216036,-115.394355,Oil and gas extraction,Volatile Organic Compounds (Total),tonnes,8.4436
2023,Ember Resources Inc.,Wimborne 11-21-33-27-W4M,Calgary,AB,T2P 4H2,51.84622,-113.7738,Oil and gas extraction,Volatile Organic Compounds (Total),tonnes,8.46
2023,Sun Century Petroleum Corporation,Delburne Sweet Gas Plant 10-08,Calgary,AB,,52.1665,-113.2563,Oil and gas extraction,Volatile Organic Compounds (Total),tonnes,8.5523
2023,Loyal Energy (Canada) Operating Ltd.,Lookout Butte 4-13,Calgary,AB,T2P 0G5,49.1181,-113.6371,Oil and gas extraction,Volatile Organic Compounds (Total),tonnes,8.6795
2023,Obsidian Energy Ltd.,Amoco Pem Card Unit Cent Bty 14-3,Calgary,AB,,53.292122,-114.941464,Oil and gas extraction,Volatile Organic Compounds (Total),tonnes,8.9858
2023,BTG Energy Inc,Sylvan Lake Gas Plant,Calgary,AB,,52.2284,-114.3977,Oil and gas extraction,Volatile Organic Compounds (Total),tonnes,9.1317
2023,Saturn Oil & Gas Inc.,CPEC DODSLAND 03-13-031-19W3,Calgary,SK,T2P 1G1,51.65222,-108.57997,Oil and gas extraction,Volatile Organic Compounds (Total),tonnes,9.284
2023,Obsidian Energy Ltd.,Amerada Will Green Card Unit 1,Calgary,AB,,52.682268,-114.861879,Oil and gas extraction,Volatile Organic Compounds (Total),tonnes,9.2959
2023,Saturn Oil & Gas Inc.,ALAMEDA 11-28-003-02W2,Calgary,SK,T2P 1G1,49.2408,-102.22363,Oil and gas extraction,Volatile Organic Compounds (Total),tonnes,9.4032
2023,Tourmaline Oil Corp,Jedney Comp Stn C-007-H,Calgary,BC,,57.08958,-122.08437,Oil and gas extraction,Volatile Organic Compounds (Total),tonnes,9.7652
2023,Baccalieu Energy Inc.,Baccalieu Brazeau 03-22-48-12W5 MWB,Calgary,AB,,53.151676,-115.675804,Oil and gas extraction,Volatile Organic Compounds (Total),tonnes,9.8892
2023,Saturn Oil & Gas Inc.,CPEC DODSLAND 02-24-031-19W3,Calgary,SK,T2P 1G1,51.6668,-108.57093,Oil and gas extraction,Volatile Organic Compounds (Total),tonnes,9.998
2023,Tourmaline Oil Corp,Martin Creek Sour Gas Plant b-002-E/094-H-06,Calgary,BC,,57.3353,-121.3979,Oil and gas extraction,Volatile Organic Compounds (Total),tonnes,10.2327
2023,Saturn Oil & Gas Inc.,RENAISSANCE COOT HILL 6-14,Calgary,SK,T2P 1G1,50.18671,-101.89689,Oil and gas extraction,Volatile Organic Compounds (Total),tonnes,10.284
2023,Westbrick Energy Ltd (1),Velvet 09-04-056-17W5,Calgray,AB,T2P 0R3,53.81207,-116.45727,Oil and gas extraction,Volatile Organic Compounds (Total),tonnes,10.614
2023,Tourmaline Oil Corp,Spirit River 13-28-78-8w6 GGS,Calgary,AB,,55.79411,-119.18634,Oil and gas extraction,Volatile Organic Compounds (Total),tonnes,10.8172
2023,Journey Energy Inc.,Countess 10-09-020-16 W4,Calgary,AB,,50.683,-112.16,Oil and gas extraction,Volatile Organic Compounds (Total),tonnes,11.2012
2023,Tourmaline Oil Corp,Aitken Comp Stn a-011-A,Calgary,BC,,57.01042,-122.00312,Oil and gas extraction,Volatile Organic Compounds (Total),tonnes,11.4439
2023,Tourmaline Oil Corp,Harley 08-10-057-27-W5,Calgary,AB,,53.9101,-117.9189,Oil and gas extraction,Volatile Organic Compounds (Total),tonnes,11.5018
2023,Saturn Oil & Gas Inc.,SATURN HZ 03/6-22-31-18W3 (6-21),Calgary,SK,T2P 1G1,51.66541,-108.50715,Oil and gas extraction,Volatile Organic Compounds (Total),tonnes,11.998
2023,Tourmaline Oil Corp,Tourmaline Hinton Gas Plant (06-32-51-25 W5M),Calgary,AB,,53.44318,-117.6554,Oil and gas extraction,Volatile Organic Compounds (Total),tonnes,12.0078
2023,Baccalieu Energy Inc.,Baccalieu Ferrier 1-6-38-7 W5,Calgary,AB,,52.23361,-114.9805,Oil and gas extraction,Volatile Organic Compounds (Total),tonnes,12.0462
2023,Tourmaline Oil Corp,Spirit River 06-03-078-07 W6,Calgary,AB,,55.7332,-118.9989,Oil and gas extraction,Volatile Organic Compounds (Total),tonnes,12.0872
2023,BTG Energy Inc,Czar Med River 13-08-039-02W5,Calgary,AB,,52.346606,-114.262391,Oil and gas extraction,Volatile Organic Compounds (Total),tonnes,12.1372
2023,Taqa North Ltd.,SWALWELL GAS PLANT(10-15),Calgary,AB,,51.4826,-113.3002,Oil and gas extraction,Volatile Organic Compounds (Total),tonnes,12.227626
2023,Obsidian Energy Ltd.,Amoco Pembina Crdm Unit 4 BTY 3 6-6,Calgary,AB,,53.197929,-115.308838,Oil and gas extraction,Volatile Organic Compounds (Total),tonnes,12.8243
2023,Journey Energy Inc.,CHAUVCO CARROT CREEK 1-25,Calgary,AB,,53.513913,-115.773584,Oil and gas extraction,Volatile Organic Compounds (Total),tonnes,13.1524
2023,Journey Energy Inc.,Ante Creek Multi-Well Gas Battery 05-26,Calgary,AB,,54.73964,-117.52749,Oil and gas extraction,Volatile Organic Compounds (Total),tonnes,13.2265
2023,Saturn Oil & Gas Inc.,CRESCENT POINT INGOLDSBY 4-10,Calgary,SK,T2P 1G1,49.2782,-102.1123,Oil and gas extraction,Volatile Organic Compounds (Total),tonnes,13.2436
2023,Baccalieu Energy Inc.,Baccalieu Willesden Green 4-21-40-5 W5,Calgary,AB,,52.45224,-114.67,Oil and gas extraction,Volatile Organic Compounds (Total),tonnes,13.2559
2023,Tourmaline Oil Corp,Black Conroy Comp Stn b-094-J/094-H-05,Calgary,BC,,57.4936,-121.6733,Oil and gas extraction,Volatile Organic Compounds (Total),tonnes,13.8215
2023,Alberta Distillers Ltd.,ALBERTA DISTILLERS,Calgary,AB,T2H 1X1,51.02277,-114.02766,Beverage manufacturing,Volatile Organic Compounds (Total),tonnes,14.15
2023,Tourmaline Oil Corp,Oldman 10-24,Calgary,AB,,53.8556,-116.9836,Oil and gas extraction,Volatile Organic Compounds (Total),tonnes,14.1643
2023,Spartan Delta Corp.,ABBT0131287,Calgary,AB,T2R 0Y6,52.859784,-115.509655,Oil and gas extraction,Volatile Organic Compounds (Total),tonnes,14.33646
2023,Spartan Delta Corp.,Baptiste Comp Stn 06-21,Calgary,AB,T2P 0H7,52.717884,-115.249629,Oil and gas extraction,Volatile Organic Compounds (Total),tonnes,14.41584
2023,Tourmaline Oil Corp,Birley Umbach A-072-F/094-H-03,Calgary,BC,,57.49334,-121.67716,Oil and gas extraction,Volatile Organic Compounds (Total),tonnes,14.615
2023,Journey Energy Inc.,Niton 14-05-055-11W5,Calgary,AB,,53.7284,-115.6025,Oil and gas extraction,Volatile Organic Compounds (Total),tonnes,14.8338
2023,Saturn Oil & Gas Inc.,SATURN HZ 02/6-22-31-18W3 (6-21),Calgary,SK,T2P 1G1,51.6648,-108.50711,Oil and gas extraction,Volatile Organic Compounds (Total),tonnes,15.141
2023,Tourmaline Oil Corp,Tourmaline Med Lodge Gas Plant (14-03-052-23W5),Calgary,SK,,49.51922,-101.41762,Oil and gas extraction,Volatile Organic Compounds (Total),tonnes,15.1453
2023,Obsidian Energy Ltd.,PEMBINA CARDIUM UNIT #31 8-15,Calgary,AB,,53.1398,-115.36995,Oil and gas extraction,Volatile Organic Compounds (Total),tonnes,15.1603
2023,Saturn Oil & Gas Inc.,CPEC HZ 101/13-18-31-18W3 (14-13),Calgary,SK,T2P 1G1,51.65955,-108.57335,Oil and gas extraction,Volatile Organic Compounds (Total),tonnes,15.855
2023,Saturn Oil & Gas Inc.,SATURN HZ 01/6-22-31-18W3 (6-21),Calgary,SK,T2P 1G1,51.66541,-108.50715,Oil and gas extraction,Volatile Organic Compounds (Total),tonnes,16.14
2023,Obsidian Energy Ltd.,AMOCO RAT CREEK PEM BTY C1,Calgary,AB,,53.128776,-115.394362,Oil and gas extraction,Volatile Organic Compounds (Total),tonnes,16.1903
2023,Calgary Energy Centre No. 2 Inc.,Calgary Energy Centre,Calgary,AB,T3N 1C6,51.18045,-113.93728,"Electric power generation, transmission and distribution",Volatile Organic Compounds (Total),tonnes,16.42
2023,Obsidian Energy Ltd.,GULF CANARY CENTRAL PEM BTY 2,Calgary,AB,,53.183302,-115.272441,Oil and gas extraction,Volatile Organic Compounds (Total),tonnes,16.4753
2023,Tourmaline Oil Corp,Conroy D-48-C/94-H-12,Calgary,BC,,57.53822,-121.84416,Oil and gas extraction,Volatile Organic Compounds (Total),tonnes,16.8668
2023,Obsidian Energy Ltd.,Battery 09-17,Calgary,AB,,52.619359,-114.820425,Oil and gas extraction,Volatile Organic Compounds (Total),tonnes,16.8764
2023,Westbrick Energy Ltd (1),Velvet 16-23-054-17W5,Calgary,AB,T2P 0R3,53.68324,-116.3903,Oil and gas extraction,Volatile Organic Compounds (Total),tonnes,17.1448
2023,Kelt Exploration,KELT WEMBLEY 11-31 MWGEB,Calgary,AB,T2P 3H2,55.368673,-119.221196,Oil and gas extraction,Volatile Organic Compounds (Total),tonnes,17.19915
2023,Tourmaline Oil Corp,Tourmaline 12-06-081-07-W6,Calgary,AB,,55.99437,-119.093254,Oil and gas extraction,Volatile Organic Compounds (Total),tonnes,17.2397
2023,Tourmaline Oil Corp,Tourmaline Anderson Gas Plant (01-09-051-24 W5M),Calgary,AB,,53.38259,-117.4668,Oil and gas extraction,Volatile Organic Compounds (Total),tonnes,17.7453
2023,Tourmaline Oil Corp,Red Rock Gas Battery 09-07-062-06W6,Calgary,AB,,54.35037,-118.87809,Oil and gas extraction,Volatile Organic Compounds (Total),tonnes,17.9376
2023,Obsidian Energy Ltd.,Amoco Hb Pembina H-2,Calgary,AB,,53.230633,-115.296813,Oil and gas extraction,Volatile Organic Compounds (Total),tonnes,18.2522
2023,Journey Energy Inc.,Countess 08-36-020-16 W4,Calgary,AB,,50.7374,-112.0849,Oil and gas extraction,Volatile Organic Compounds (Total),tonnes,18.4472
2023,Baccalieu Energy Inc.,Baccalieu Tangle Creek 13-16-049-11 W5,Calgary,AB,,53.22697,-115.5524,Oil and gas extraction,Volatile Organic Compounds (Total),tonnes,18.7945
2023,Journey Energy Inc.,PC CONOCO CORDEL 5-36,Calgary,AB,,52.666706,-116.199016,Oil and gas extraction,Volatile Organic Compounds (Total),tonnes,18.8139
2023,Tourmaline Oil Corp,Wapiti 13-15-067-08W6M MWB,Calgary,AB,,54.80565,-119.14339,Oil and gas extraction,Volatile Organic Compounds (Total),tonnes,19.1323
2023,Tourmaline Oil Corp,Crew Edson 16-10-052-15 W5,Calgary,AB,,53.4779,-116.124,Oil and gas extraction,Volatile Organic Compounds (Total),tonnes,19.5497
2023,Spartan Delta Corp.,Inverness Oil Battery 04-29,Calgary,AB,T2P 0H7,52.6414,-115.1258,Oil and gas extraction,Volatile Organic Compounds (Total),tonnes,19.97138
2023,Saturn Oil & Gas Inc.,CPEC HZ 103/13-18-31-18W3 (14-13),Calgary,SK,T2P 1G1,51.65955,-108.57335,Oil and gas extraction,Volatile Organic Compounds (Total),tonnes,20.14
2023,Obsidian Energy Ltd.,IMPERIAL PEMBINA 4-27,Calgary,AB,,53.252554,-115.388007,Oil and gas extraction,Volatile Organic Compounds (Total),tonnes,20.1954
2023,"Barnwell of Canada, Limited",Twining Sweet Gas Plant 04-02,Calgary,AB,,51.7954,-113.456,Oil and gas extraction,Volatile Organic Compounds (Total),tonnes,20.497
2023,Baccalieu Energy Inc.,Baccalieu Brazeau 02-10-48-12 W5,Calgary,AB,,53.12141,-115.6682,Oil and gas extraction,Volatile Organic Compounds (Total),tonnes,20.7596
2023,Cenovus Energy Inc.,WAPITI 10-14-067-08W6,Calgary,AB,T2P 3G7,54.799999,-119.106102,Warehousing and storage,Volatile Organic Compounds (Total),tonnes,20.9246
2023,BTG Energy Inc,Gull Lake Power Plant,Calgary,AB,T2P 1M9,52.51686,-113.91527,"Electric power generation, transmission and distribution",Volatile Organic Compounds (Total),tonnes,20.966
2023,Spartan Delta Corp.,Willesden Green Comp Stn 08-04,Calgary,AB,T2P 0H7,52.7649,-114.9575,Oil and gas extraction,Volatile Organic Compounds (Total),tonnes,21.09025
2023,Tourmaline Oil Corp,Wild River 11-22-055-24W5 Compressor,Calgary,AB,,53.76832,-117.48534,Oil and gas extraction,Volatile Organic Compounds (Total),tonnes,21.2978
2023,Spartan Delta Corp.,Alder Flats Gas Plant 10-09,Calgary,AB,T2P 0H7,52.86764,-115.0983,Oil and gas extraction,Volatile Organic Compounds (Total),tonnes,21.54258
2023,Baccalieu Energy Inc.,Baccalieu WillGr 4-17-43-7 W5,Calgary,AB,,52.70035,-114.9892,Oil and gas extraction,Volatile Organic Compounds (Total),tonnes,21.7437
2023,City of Calgary,Pine Creek Wastewater Treatment Plant,Calgary,AB,T2X 1Z3,50.8589,-113.9885,"Water, sewage and other systems",Volatile Organic Compounds (Total),tonnes,21.9
2023,Axiom Oil and Gas Inc.,MOBIL HARME BATTERY NO 1 (ABBT4480044),Calgary,AB,T2P 0H7,51.75788,-114.30674,Oil and gas extraction,Volatile Organic Compounds (Total),tonnes,22.158
2023,Saturn Oil & Gas Inc.,CPEC DODSLAND 06-19-031-18W3,Calgary,SK,T2P 1G1,51.66844,-108.5466,Oil and gas extraction,Volatile Organic Compounds (Total),tonnes,22.425
2023,Tourmaline Oil Corp,Dawson/Doe 1-32-80-15 W6,Calgary,BC,,55.97255,-120.29903,Oil and gas extraction,Volatile Organic Compounds (Total),tonnes,23.9084
2023,Saturn Oil & Gas Inc.,PETROBAKKEN INNES 12-22-7-11W2,Calgary,SK,T2P 1G1,49.5746,-103.428,Oil and gas extraction,Volatile Organic Compounds (Total),tonnes,25.1703
2023,BTG Energy Inc,Med River 06-18-39-03-5,Calgary,AB,,52.35503,-114.42308,Oil and gas extraction,Volatile Organic Compounds (Total),tonnes,25.6389
2023,Obsidian Energy Ltd.,Amoco Pembina B-1 8-33,Calgary,AB,,53.183388,-115.394327,Oil and gas extraction,Volatile Organic Compounds (Total),tonnes,25.7002
2023,Veren Inc.,Virginia Hills Oil MWB 04-12,Calgary,AB,T0G 2C0,54.692363,-115.837832,Oil and gas extraction,Volatile Organic Compounds (Total),tonnes,26.12319
2023,Baccalieu Energy Inc.,Baccalieu Pembina 2-13-50-12 W5,Calgary,AB,,53.31065,-115.6195,Oil and gas extraction,Volatile Organic Compounds (Total),tonnes,26.2226
2023,Tourmaline Oil Corp,Leland Comp Stn 14-34-058-26-W5,Calgary,AB,,54.0629,-117.7826,Oil and gas extraction,Volatile Organic Compounds (Total),tonnes,26.5396
2023,Strathcona Resources Ltd.,LINDBERGH SAGD 04-25,Calgary,AB,T2P 4K9,54.03691,-110.62095,Oil and gas extraction,Volatile Organic Compounds (Total),tonnes,26.62394
2023,Obsidian Energy Ltd.,Big Valley Pembina Compressor Station 02-24,Calgary,AB,,53.323587,-115.620257,Oil and gas extraction,Volatile Organic Compounds (Total),tonnes,26.6516
2023,Obsidian Energy Ltd.,SASKOIL WILLGR UNIT #2 BTY 3 6-15,Calgary,AB,,52.61586,-114.78429,Oil and gas extraction,Volatile Organic Compounds (Total),tonnes,27.2749
2023,Obsidian Energy Ltd.,CDNOXY PEMBINA H BATTERY 6-22,Calgary,AB,,53.32886,-115.235742,Oil and gas extraction,Volatile Organic Compounds (Total),tonnes,27.3836
2023,BTG Energy Inc,Gilby Gas Plant 05-05-040-03W5,Calgary,AB,,52.4129,-114.4076,Oil and gas extraction,Volatile Organic Compounds (Total),tonnes,27.6192
2023,Tourmaline Oil Corp,Tourmaline Sunrise Gas Plant (03-18-080-17 W6M),Calgary,BC,,55.9285,-120.6423,Oil and gas extraction,Volatile Organic Compounds (Total),tonnes,28.3222
2023,Obsidian Energy Ltd.,Amoco Pembina BTY 11-25,Calgary,AB,,53.259731,-114.894468,Oil and gas extraction,Volatile Organic Compounds (Total),tonnes,28.3301
2023,Saturn Oil & Gas Inc.,SATURN HZ 101/11-19-31-18W3 (11-24),Calgary,SK,T2P 1G1,51.672276,-108.570516,Oil and gas extraction,Volatile Organic Compounds (Total),tonnes,28.567
2023,Spartan Delta Corp.,ABBT0165315,Calgary,AB,T2R 0Y6,52.91157,-115.18915,Oil and gas extraction,Volatile Organic Compounds (Total),tonnes,29.25218
2023,Spartan Delta Corp.,ABBT0165316,Calgary,AB,T2R 0Y6,52.91069,-115.18944,Oil and gas extraction,Volatile Organic Compounds (Total),tonnes,29.43224
2023,Journey Energy Inc.,02-26 Gas Plant,Calgary,AB,,53.5123,-115.6119,Oil and gas extraction,Volatile Organic Compounds (Total),tonnes,29.9613
2023,Tourmaline Oil Corp,Sunrise 15-34-079-17-W6,Calgary,BC,,55.89665,-120.56939,Oil and gas extraction,Volatile Organic Compounds (Total),tonnes,31.0831
2023,Spartan Delta Corp.,Ferrier Comp Stn 09-03,Calgary,AB,T2P 0H7,52.7671,-115.36156,Natural gas distribution,Volatile Organic Compounds (Total),tonnes,31.14395
2023,Tourmaline Oil Corp,Wroe 8-12,Calgary,AB,,53.9144,-117.5737,Oil and gas extraction,Volatile Organic Compounds (Total),tonnes,31.2481
2023,Tourmaline Oil Corp,Wapiti 4-9-66-8W6M MWB,Calgary,AB,,54.692575,-119.155128,Oil and gas extraction,Volatile Organic Compounds (Total),tonnes,31.343
2023,NTE Energy Canada Ltd,Willesden Green 01-25 Battery,Calgary,AB,T2P 1E5,52.64134,-115.15589,Oil and gas extraction,Volatile Organic Compounds (Total),tonnes,32.509317
2023,Tourmaline Oil Corp,Tourmaline West Wolf Lake Gas Plant (10-03-052-17 W5M),Calgary,AB,,53.462965,-116.418505,Oil and gas extraction,Volatile Organic Compounds (Total),tonnes,32.9089
2023,Canlin Energy Corporation,Petro-Canada CS 06-08,Calgary,AB,,51.37797,-114.8121,Oil and gas extraction,Volatile Organic Compounds (Total),tonnes,34.0783
2023,Saturn Oil & Gas Inc.,LOCH 12-02-026-03W5 SWB,Calgary,AB,T2P 1G1,51.19858,-114.25395,Oil and gas extraction,Volatile Organic Compounds (Total),tonnes,35.566
2023,Tourmaline Oil Corp,Sundance 15-07,Calgary,AB,,53.6556,-117.0817,Oil and gas extraction,Volatile Organic Compounds (Total),tonnes,36.0834
2023,Tourmaline Oil Corp,Tourmaline Musreau Gas Plant (08-13-062-06 W6M),Calgary,AB,,54.3597,-118.7563,Oil and gas extraction,Volatile Organic Compounds (Total),tonnes,36.2867
2023,Journey Energy Inc.,PEMBINA 12-31-048-04 W5,Calgary,AB,,53.18677,-114.58241,Oil and gas extraction,Volatile Organic Compounds (Total),tonnes,37.7588
2023,Tourmaline Oil Corp,Tourmaline Edson Gas Plant (04-17-051-18-W5M),Calgary,AB,,52.874467,-116.029179,Oil and gas extraction,Volatile Organic Compounds (Total),tonnes,37.8901
2023,APEL Extrusions Ltd.,APEL EXTRUSIONS,Calgary,AB,T2C 1H7,50.983,-113.9884,Alumina and aluminum production and processing,Volatile Organic Compounds (Total),tonnes,38.603
2023,Tourmaline Oil Corp,Tourmaline Doe Gas Plant (02-11-080-16 W6M),Calgary,BC,,55.91377,-120.38232,Oil and gas extraction,Volatile Organic Compounds (Total),tonnes,39.292
2023,Tourmaline Oil Corp,Tourmaline Wildhay Gas Plant (11-16-055-24 W5M),Calgary,AB,,53.75512,-117.50988,Oil and gas extraction,Volatile Organic Compounds (Total),tonnes,39.6666
2023,Amvic Corporation,Amvic Corporation-Calgary,Calgary,AB,T2G 4N6,51.02068,-114.0315,Plastic product manufacturing,Volatile Organic Compounds (Total),tonnes,40.769
2023,Tourmaline Oil Corp,Horse 16-17-058-26-W5,Calgary,AB,,54.0193,-117.8199,Oil and gas extraction,Volatile Organic Compounds (Total),tonnes,40.98
2023,Teknion Solutions Woodwork,Teknion Solutions Woodwork,Calgary,AB,T2C 3J7,50.9974,-113.964,Office furniture (including fixtures) manufacturing,Volatile Organic Compounds (Total),tonnes,42.145
2023,Tourmaline Oil Corp,Kakwa Gas Plant 07-09-062-08 W6M,Calgary,AB,,54.346751,-119.134195,Oil and gas extraction,Volatile Organic Compounds (Total),tonnes,42.7389
2023,Tourmaline Oil Corp,Tourmaline Ansell Plant (01-34-51-18 W5M),Calgary,AB,,53.44643,-116.545029,Oil and gas extraction,Volatile Organic Compounds (Total),tonnes,42.7594
2023,Saturn Oil & Gas Inc.,CPEC HZ 102/13-18-31-18W3 (14-13),Calgary,SK,T2P 1G1,51.66031,-108.58051,Oil and gas extraction,Volatile Organic Compounds (Total),tonnes,44.422
2023,Enmax Generation Portfolio Inc,Shepard Energy Centre,Calgary,AB,T3S 0A2,50.97068,-113.8851,"Electric power generation, transmission and distribution",Volatile Organic Compounds (Total),tonnes,44.48
2023,Transcontinental Inc,Transcontinental Calgary,Calgary,AB,T2H 1L3,51.00425,-114.0509,Printing and related support activities,Volatile Organic Compounds (Total),tonnes,46.327
2023,Enercapita Energy Ltd.,Worsley 16-36-086-10 W6M,Calgary,AB,T2P 3A8,56.5061,-119.432,Oil and gas extraction,Volatile Organic Compounds (Total),tonnes,46.57
2023,Tourmaline Oil Corp,Resthaven 3-16 Gas Plant,Calgary,AB,,54.18319,-118.2408,Oil and gas extraction,Volatile Organic Compounds (Total),tonnes,46.6505
2023,Saturn Oil & Gas Inc.,CPEC HZ 101/14-22-31-18W3 (14-15),Calgary,SK,T2P 1G1,51.66125,-108.47602,Oil and gas extraction,Volatile Organic Compounds (Total),tonnes,46.85
2023,Saturn Oil & Gas Inc.,HUSKY RED JACKET 6-4,Calgary,SK,T2P 1G1,50.15769,-101.80559,Oil and gas extraction,Volatile Organic Compounds (Total),tonnes,47.707
2023,Vesta Energy Ltd.,14-30-041-27W4 (Tanks),Calgary,AB,T2P 0R3,52.56317,-113.882226,Oil and gas extraction,Volatile Organic Compounds (Total),tonnes,50.09734
2023,Tourmaline Oil Corp,Obed 01-21,Calgary,AB,,53.761093,-117.349179,Oil and gas extraction,Volatile Organic Compounds (Total),tonnes,51.5255
2023,Obsidian Energy Ltd.,Amoco Pembina D-2 16-19,Calgary,AB,,53.161735,-115.294766,Oil and gas extraction,Volatile Organic Compounds (Total),tonnes,52.9364
2023,PetroChina Canada Ltd.,Mackay River Commercial Program,Calgary,AB,T2P 3H9,56.79043,-112.09594,Oil and gas extraction,Volatile Organic Compounds (Total),tonnes,53.7197
2023,Tourmaline Oil Corp,Tourmaline Wildriver Gas Plant (14-20-056-23 W5M),Calgary,AB,,53.8579,-117.3846,Oil and gas extraction,Volatile Organic Compounds (Total),tonnes,54.4578
2023,Tourmaline Oil Corp,Gundy A-021-I,Calgary,BC,,56.68376,-122.0075,Oil and gas extraction,Volatile Organic Compounds (Total),tonnes,55.3123
2023,AB Mauri (Canada) Ltd.,Fleischmann's Yeast- Calgary Plant,Calgary,AB,T2G 3M3,51.03471,-114.0256,Other food manufacturing,Volatile Organic Compounds (Total),tonnes,56.06
2023,Spartan Delta Corp.,Pembina Oil MWB 03-31-045-08W5,Calgary,AB,T2R 0Y6,52.918014,-115.152936,Oil and gas extraction,Volatile Organic Compounds (Total),tonnes,56.80844
2023,Obsidian Energy Ltd.,Willesden Green Sweet Gas Plant 13-27,Calgary,AB,,52.6504,-115.0808,Oil and gas extraction,Volatile Organic Compounds (Total),tonnes,56.9556
2023,Cenovus Energy Inc.,ABBT0084856 (Tank),Calgary,AB,T2P 0M5,54.05221,-115.68948,Oil and gas extraction,Volatile Organic Compounds (Total),tonnes,58.06607
2023,Tourmaline Oil Corp,Tourmaline West Doe Gas Plant (13-25-080-16 W6M),Calgary,BC,,55.97092,-120.368337,Oil and gas extraction,Volatile Organic Compounds (Total),tonnes,59.6859
2023,Saturn Oil & Gas Inc.,ELK POINT WAPELLA 16A-27,Calgary,SK,T2P 1G1,50.20562,-102.05468,Oil and gas extraction,Volatile Organic Compounds (Total),tonnes,59.848
2023,NuVista Energy Ltd.,Pipestone North 16-28-71-09W6 GS,Calgary,AB,T2P 1G1,55.18332,-119.31112,Oil and gas extraction,Volatile Organic Compounds (Total),tonnes,61.68371
2023,Obsidian Energy Ltd.,PERL BIGORAY #1 10-15,Calgary,AB,,53.491397,-115.091052,Oil and gas extraction,Volatile Organic Compounds (Total),tonnes,62.0094
2023,Tourmaline Oil Corp,Laprise Gas Plant,Calgary,BC,,57.3535,-122.0505,Oil and gas extraction,Volatile Organic Compounds (Total),tonnes,62.7729
2023,Journey Energy Inc.,THUNDER MATZIWIN 13-36,Calgary,AB,,51.00676,-111.83832,Oil and gas extraction,Volatile Organic Compounds (Total),tonnes,63.3899
2023,Obsidian Energy Ltd.,Amoco Pembina BTY G-2,Calgary,AB,,53.085145,-115.199324,Oil and gas extraction,Volatile Organic Compounds (Total),tonnes,64.7543
2023,Tourmaline Oil Corp,Kakwa Gas Processing 01-35-060-05W6,Calgary,AB,,54.2268,-118.6281,Oil and gas extraction,Volatile Organic Compounds (Total),tonnes,65.5082
2023,Wonder Brands Inc.,WonderBrands Calgary,Calgary,AB,T2H 0N8,51.001,-114.0612,Bakeries and tortilla manufacturing,Volatile Organic Compounds (Total),tonnes,68.436
2023,BTG Energy Inc,Certus 06-20-038-04-W5 Battery,Calgary,AB,,52.28077,-114.54032,Oil and gas extraction,Volatile Organic Compounds (Total),tonnes,70.868
2023,Journey Energy Inc.,08-10-055-11W5M Niton,Calgary,AB,,53.7357,-115.540813,Oil and gas extraction,Volatile Organic Compounds (Total),tonnes,71.1966
2023,Pembina Pipeline Corporation,Kakwa River Gas Plant 08-13-063-05W6,Calgary,AB,,54.448884,-118.594666,Oil and gas extraction,Volatile Organic Compounds (Total),tonnes,72.0596
2023,Tourmaline Oil Corp,Kakwa Gas Battery 04-26-061-05W6,Calgary,AB,,54.3025,-118.6442,Oil and gas extraction,Volatile Organic Compounds (Total),tonnes,74.9832
2023,Tourmaline Oil Corp,Aitken Creek Sour Gas Plant c-038-C,Calgary,BC,,57.02883,-121.84918,Oil and gas extraction,Volatile Organic Compounds (Total),tonnes,75.5705
2023,Tourmaline Oil Corp,Sundown B-067-H/093-P-10,Calgary,BC,,55.63536,-120.58595,Oil and gas extraction,Volatile Organic Compounds (Total),tonnes,79.1784
2023,Tourmaline Oil Corp,Tourmaline Spirit River Gas Plant (03-10-077-07 W6M),Calgary,AB,,55.6545,-119.00147,Oil and gas extraction,Volatile Organic Compounds (Total),tonnes,83.4519
2023,Tourmaline Oil Corp,Tourmaline Columbia Gas Plant (15-36-044-15 W5M),Calgary,AB,,52.83944,-116.03732,Oil and gas extraction,Volatile Organic Compounds (Total),tonnes,85.2202
2023,Tourmaline Oil Corp,Tourmaline Berland Gas Plant (14-15-059-24-W5M),Calgary,AB,,54.106806,-117.516746,Oil and gas extraction,Volatile Organic Compounds (Total),tonnes,87.0212
2023,Groupe Canam inc,Calgary,Calgary,AB,T2H 0N2,51.00529,-114.05857,Architectural and structural metals manufacturing,Volatile Organic Compounds (Total),tonnes,87.3
2023,Saturn Oil & Gas Inc.,SATURN HZ 101/05-24-031-19W3 (1-24),Calgary,SK,T2P 1G1,51.66686,-108.57046,Oil and gas extraction,Volatile Organic Compounds (Total),tonnes,92.843
2023,DEL Canada GP Ltd.,Bigstone 10-6-60-23W5,Calgary,AB,,54.161424,-117.435402,Oil and gas extraction,Volatile Organic Compounds (Total),tonnes,93.0396
2023,Saturn Oil & Gas Inc.,SATURN HZ 102/04-24-031-19W3 (1-24),Calgary,SK,T2P 1G1,51.66713,-108.57104,Oil and gas extraction,Volatile Organic Compounds (Total),tonnes,95.557
2023,Saturn Oil & Gas Inc.,SATURN HZ 101/04-24-031-19W3 (1-24),Calgary,SK,T2P 1G1,51.66703,-108.57553,Oil and gas extraction,Volatile Organic Compounds (Total),tonnes,96.557
2023,Spartan Delta Corp.,Ferrier Compressor Station 13-05,Calgary,AB,T2R 0Y6,52.85616,-115.27982,Oil and gas extraction,Volatile Organic Compounds (Total),tonnes,99.85945
2023,Tourmaline Oil Corp,Tourmaline Cecilia Gas Plant (15-04-058-23 W5M),Calgary,AB,,53.990234,-117.355302,Oil and gas extraction,Volatile Organic Compounds (Total),tonnes,104.829
2023,Obsidian Energy Ltd.,Battery 06-25-050-10W5,Calgary,AB,,53.343466,-115.33323,Oil and gas extraction,Volatile Organic Compounds (Total),tonnes,110.065
2023,ARC RESOURCES LTD.,Karr 07-11-064-04W6,Calgary,AB,,54.5411,-118.1792,Oil and gas extraction,Volatile Organic Compounds (Total),tonnes,110.27224
2023,Tourmaline Oil Corp,Tourmaline Banshee Plant (15-12-050-21 W5M),Calgary,AB,,53.30683,-116.93588,Oil and gas extraction,Volatile Organic Compounds (Total),tonnes,113.9916
2023,City of Calgary,Bonnybrook Wastewater Treatment Plant,Calgary,AB,T2G 3M8,51.0128,-114.022,"Water, sewage and other systems",Volatile Organic Compounds (Total),tonnes,115.23
2023,CSV Midstream Solutions,Karr Sour Gas Processing Plant,Calgary,AB,T2P 0L4,54.709648,-118.600073,Oil and gas extraction,Volatile Organic Compounds (Total),tonnes,124.3407
2023,Crown Metal Packaging Canada LP,CROWN METAL PACKAGING CANADA LP - Plant 235,Calgary,AB,T1X 1E1,50.98701,-113.97051,Other fabricated metal product manufacturing,Volatile Organic Compounds (Total),tonnes,128.33
2023,Tourmaline Oil Corp,Aitken Creek Sour Gas Plant c-046-C,Calgary,BC,,57.03949,-121.82333,Oil and gas extraction,Volatile Organic Compounds (Total),tonnes,130.5258
2023,Saturn Oil & Gas Inc.,SATURN PLATO 3B-20-1B4-19-25-16,Calgary,SK,T2P 1G1,51.14163,-108.2046,Oil and gas extraction,Volatile Organic Compounds (Total),tonnes,132.551
2023,Tourmaline Oil Corp,Tourmaline Gundy Gas Plant (C-060-A / 94-B-16),Calgary,BC,,56.801313,-122.121084,Oil and gas extraction,Volatile Organic Compounds (Total),tonnes,150.8419
2023,Saturn Oil & Gas Inc.,CRESCENT POINT MANOR BATTERY 13-13,Calgary,SK,T2P 1G1,49.5644,-102.1615,Oil and gas extraction,Volatile Organic Compounds (Total),tonnes,156.405
2023,Saturn Oil & Gas Inc.,PLATO 13-21-025-17W3 MWB,Calgary,SK,T2P 1G1,51.15066,-108.32372,Oil and gas extraction,Volatile Organic Compounds (Total),tonnes,187.7161
2023,Saturn Oil & Gas Inc.,CPEC PLATO MWB 01-33-025-18W3,Calgary,SK,T2P 1G1,51.17075,-108.44886,Oil and gas extraction,Volatile Organic Compounds (Total),tonnes,194.685
2023,Hood Packaging Corporation,Calgary Plastics Film Division,Calgary,AB,T2G 1V7,51.02419,-114.0353,Plastic product manufacturing,Volatile Organic Compounds (Total),tonnes,212.478
2023,Obsidian Energy Ltd.,Willesden Green Sweet Gas Plant 14-01,Calgary,AB,,52.5941,-114.8793,Oil and gas extraction,Volatile Organic Compounds (Total),tonnes,235.5489
2023,PIERIDAE ALBERTA PRODUCTION LTD.,Jumping Pound Complex,Calgary,AB,T2P 4V8,51.13696,-114.58262,Oil and gas extraction,Volatile Organic Compounds (Total),tonnes,245.25
2023,Taqa North Ltd.,TAQA 03/04-02-040-09W5 (4-14 SWB),Calgary,AB,T2P 0H7,51.93134,-114.85515,Oil and gas extraction,Volatile Organic Compounds (Total),tonnes,269.1751
2023,Shell Canada Products,Calgary Terminal,Calgary,AB,T2C 4K9,50.96227,-113.9789,"Petroleum, petroleum products, and other hydrocarbons merchant wholesalers",Volatile Organic Compounds (Total),tonnes,314.097
