Year,Company_Name,Facility_Name,City,Province,Postal_Code,Latitude,Longitude,Sector_Name,Substance_Name,Units,Total_Air_Emissions
2022,Abbey Resources,Shackleton Compressor Station 14-36-020-19W3,calgary,SK,,50.7442,-108.5154,Oil and gas extraction,Carbon monoxide,tonnes,15.373
2022,Advantage Energy Ltd.,Wembley Comp Stn 03-01,Calgary,AB,T2P 5E9,55.28877,-119.0989,Oil and gas extraction,Carbon monoxide,tonnes,36.25028
2022,Alberta  Health Services,Foothills Medical Centre,Calgary,AB,T2N 2T9,51.06584,-114.13399,General medical and surgical hospitals,Carbon monoxide,tonnes,150
2022,Archer Exploration Corp.,ARCHER 09-25-074-08W6 MWOB & GS,Calgary,AB,,55.441492,-119.080359,Oil and gas extraction,Carbon monoxide,tonnes,61.1748
2022,Axiom Oil and Gas Inc.,MOBIL HARME BATTERY NO 1 (ABBT4480044),Calgary,AB,T2P 0H7,51.75788,-114.30674,Oil and gas extraction,Carbon monoxide,tonnes,6.4061
2022,Axiom Oil and Gas Inc.,Randall Gas BT (ABBT0162561),Calgary,AB,T2P 0H7,56.01253,-115.02183,Oil and gas extraction,Carbon monoxide,tonnes,14.8515
2022,Axiom Oil and Gas Inc.,Bonnie Glenn 11-06-044-25W4 - COMP (ABCS0009501),Calgary,AB,,52.7798,-113.6299,Oil and gas extraction,Carbon monoxide,tonnes,59.1256
2022,Baccalieu Energy Inc.,Baccalieu Ferrier 1-6-38-7 W5,Calgary,AB,,52.23361,-114.9805,Oil and gas extraction,Carbon monoxide,tonnes,1.5924
2022,Baccalieu Energy Inc.,Baccalieu Brazeau 02-10-48-12 W5,Calgary,AB,,53.12141,-115.6682,Oil and gas extraction,Carbon monoxide,tonnes,1.6204
2022,Baccalieu Energy Inc.,Baccalieu Pembina 4-15-50-10 W5,Calgary,AB,,53.31067,-115.3878,Oil and gas extraction,Carbon monoxide,tonnes,3.0051
2022,Baccalieu Energy Inc.,West Pembina 14-15-051-12 W5,Calgary,AB,,53.40691,-115.68958,Oil and gas extraction,Carbon monoxide,tonnes,7.1624
2022,Blue Sky Resources Ltd.,Pengrowth Panny (00-03-11-096-06W5),Calgary,AB,,57.3092,-114.8563,Oil and gas extraction,Carbon monoxide,tonnes,1.5988
2022,Blue Sky Resources Ltd.,Highwood Senex (02-02-22-094-04W5),Calgary,AB,,56.54,-115.256,Oil and gas extraction,Carbon monoxide,tonnes,1.9456
2022,BTG Energy Inc,Certus 06-20-038-04-W5 Battery,Calgary,AB,T2P 3M3,52.28077,-114.54032,Oil and gas extraction,Carbon monoxide,tonnes,43.4993
2022,BTG Energy Inc,Gull Lake Power Plant,Calgary,AB,T2P 1M9,52.51686,-113.91527,"Electric power generation, transmission and distribution",Carbon monoxide,tonnes,164.761
2022,BURNCO Rock Products Ltd,Burma Road Aggregate,Calgary,AB,T3R 1J3,51.185538,-114.221268,Non-metallic mineral mining and quarrying,Carbon monoxide,tonnes,4.379
2022,BURNCO Rock Products Ltd,Springbank Aggregate,Calgary,AB,T3Z 3N4,51.07474,-114.24676,Non-metallic mineral mining and quarrying,Carbon monoxide,tonnes,8.795
2022,BURNCO Rock Products Ltd,BLV Aggregate,Calgary,AB,T3R 1J3,51.1648,-114.21755,Non-metallic mineral mining and quarrying,Carbon monoxide,tonnes,11.802
2022,BURNCO Rock Products Ltd,Springbank Asphalt,Calgary,AB,T3Z 3N4,51.076214,-114.248335,Petroleum and coal product manufacturing,Carbon monoxide,tonnes,20.485
2022,BURNCO Rock Products Ltd,Shepard Asphalt,Calgary,AB,T2C 4P1,50.967904,-113.988729,Petroleum and coal product manufacturing,Carbon monoxide,tonnes,45.552
2022,Calgary Energy Centre No. 2 Inc.,Calgary Energy Centre,Calgary,AB,T3N 1C6,51.18045,-113.93728,"Electric power generation, transmission and distribution",Carbon monoxide,tonnes,125.6
2022,Canada Malting Co Ltd.,Calgary Plant,Calgary,AB,T2G 4M9,51.0245,-114.025,Other food manufacturing,Carbon monoxide,tonnes,79.4684
2022,Canadian Natural Resources Limited,ABBT0122253,Calgary,AB,T2P 4J8,54.8487,-119.224,Oil and gas extraction,Carbon monoxide,tonnes,9.99966
2022,Canlin Energy Corporation,Blackstone Dehy 09-23-044-16W5,Calgary,AB,,52.97252,-116.3559,Oil and gas extraction,Carbon monoxide,tonnes,318.6511
2022,Cenovus Energy Inc.,WAPITI 10-14-067-08W6,Calgary,AB,T2P 3G7,54.799999,-119.106102,Warehousing and storage,Carbon monoxide,tonnes,23.283061
2022,"CertainTeed Canada, Inc.",Calgary Wallboard Plant,Calgary,AB,T2C 2A4,50.9938,-113.99,Lime and gypsum product manufacturing,Carbon monoxide,tonnes,20.838
2022,Certus Oil and Gas Inc.,Garrington 12-29-036-06W5,Calgary,AB,,52.124413,-114.831599,Oil and gas extraction,Carbon monoxide,tonnes,0.9774
2022,Certus Oil and Gas Inc.,Med River 06-18-39-03-5,Calgary,AB,,52.35503,-114.42308,Oil and gas extraction,Carbon monoxide,tonnes,1.4088
2022,Certus Oil and Gas Inc.,Czar Med River 13-08-039-02W5,Calgary,AB,,52.346606,-114.262391,Oil and gas extraction,Carbon monoxide,tonnes,1.4959
2022,Certus Oil and Gas Inc.,Gilby Gas Plant 05-05-040-03W5,Calgary,AB,,52.4129,-114.4076,Oil and gas extraction,Carbon monoxide,tonnes,19.4251
2022,Certus Oil and Gas Inc.,Gilby Office 02-35-40-02W5,Calgary,AB,,52.4793,-114.1782,Oil and gas extraction,Carbon monoxide,tonnes,32.7667
2022,Certus Oil and Gas Inc.,09-04-034-05 W5M Sundre Compressor,Calgary,AB,,51.8915,-114.64245,Oil and gas extraction,Carbon monoxide,tonnes,36.5928
2022,City of Calgary,Bonnybrook Wastewater Treatment Plant,Calgary,AB,T2G 3M8,51.0128,-114.022,"Water, sewage and other systems",Carbon monoxide,tonnes,20.794
2022,City of Calgary,East Calgary Landfill,Calgary,AB,T2B 4R8,51.0265,-113.9419,Waste treatment and disposal,Carbon monoxide,tonnes,24.01
2022,COR4 Oil,Imaginea Princess 07-08,Calgary,AB,T2P 3E7,50.593,-111.492,Oil and gas extraction,Carbon monoxide,tonnes,4.2787
2022,COR4 Oil,Alderson 1-24-17-12W4,Calgary,AB,T2P 3E7,50.4428,-111.5196,Oil and gas extraction,Carbon monoxide,tonnes,5.0791
2022,CSV Midstream Solutions,Karr Sour Gas Processing Plant,Calgary,AB,T2P 0L4,54.709648,-118.600073,Oil and gas extraction,Carbon monoxide,tonnes,857.5829
2022,DEL Canada GP Ltd.,BARRINGTON MARIE LAKE 09-25,Calgary,AB,,54.655233,-110.311533,Oil and gas extraction,Carbon monoxide,tonnes,2.1638
2022,DEL Canada GP Ltd.,Paleo 15-22-039-26W4 MWB,Calgary,AB,,52.373884,-113.660388,Oil and gas extraction,Carbon monoxide,tonnes,4.1287
2022,Ember Resources Inc.,Goose Quill 01-32-35-22W4,Calgary,AB,T2P 4H2,52.0429,-113.103151,Oil and gas extraction,Carbon monoxide,tonnes,20.83
2022,Ember Resources Inc.,Wimborne 11-21-33-27-W4M,Calgary,AB,T2P 4H2,51.84622,-113.7738,Oil and gas extraction,Carbon monoxide,tonnes,23.47
2022,Ember Resources Inc.,Entice Sweet Gas Plant 05-31,Calgary,AB,T2P 2S5,51.3487,-113.6586,Oil and gas extraction,Carbon monoxide,tonnes,32.94
2022,Enercapita Energy Ltd.,Worsley 16-36-086-10 W6M,Calgary,AB,T2P 3A8,56.5061,-119.432,Oil and gas extraction,Carbon monoxide,tonnes,6.7419
2022,Enercapita Energy Ltd.,Boundary Lake 10-19-086-11 W6M,Calgary,AB,T2P 3A8,56.4739,-119.7222,Oil and gas extraction,Carbon monoxide,tonnes,12.3622
2022,Enmax Generation Portfolio Inc,Shepard Energy Centre,Calgary,AB,T3S 0A2,50.97068,-113.8851,"Electric power generation, transmission and distribution",Carbon monoxide,tonnes,388.06
2022,Evraz Recycling,Navajo Metals,Calgary,AB,T2H 2G7,51.00073,-114.03439,Remediation and other waste management services,Carbon monoxide,tonnes,5.866
2022,Headwater Exploration Incorporated,Martin Hills Core 10-35,Calgary,AB,,55.44906,-113.735086,Oil and gas extraction,Carbon monoxide,tonnes,14.6302
2022,Headwater Exploration Incorporated,Martin Hills Core 05-35,Calgary,AB,,55.45177,-113.74672,Oil and gas extraction,Carbon monoxide,tonnes,15.7703
2022,Headwater Exploration Incorporated,Martin Hills Core 12-26,Calgary,AB,,55.44093,-113.74672,Oil and gas extraction,Carbon monoxide,tonnes,16.2572
2022,i3 Energy Canada Ltd.,06-09-61-27 W5M,Calgary,AB,T2P 1K3,54.259533,-117.991448,Oil and gas extraction,Carbon monoxide,tonnes,20.1909
2022,i3 Energy Canada Ltd.,Leedale Gas Plant 9-21-43-4W5M,Calgary,AB,,52.9582,-114.6799,Oil and gas extraction,Carbon monoxide,tonnes,106.43
2022,i3 Energy Canada Ltd.,Lodgepole 13-35-47-10w5,Calgary,AB,T2P 1K3,53.1032,-115.3634,Oil and gas extraction,Carbon monoxide,tonnes,228.5546
2022,IKO Industries Ltd.,IKO Calgary,Calgary,AB,T2P 2L2,51.01502,-114.02648,Petroleum and coal product manufacturing,Carbon monoxide,tonnes,118.868
2022,Journey Energy Inc.,IKKUMA 00/8-31-063-11W6/0 BATTERY,Calgary,AB,,52.666706,-116.199016,Oil and gas extraction,Carbon monoxide,tonnes,1.585
2022,Journey Energy Inc.,Journey 06-01-046-02 W5,Calgary,AB,,52.9362,-114.1609,Oil and gas extraction,Carbon monoxide,tonnes,2.2698
2022,Journey Energy Inc.,Countess 10-04-021-16W4,Calgary,AB,,53.034063,-114.376496,Oil and gas extraction,Carbon monoxide,tonnes,3.7457
2022,Journey Energy Inc.,HUSKY DENY KISKIU SMOKY RIVER 14-09,Calgary,AB,,54.00417,-118.24109,Oil and gas extraction,Carbon monoxide,tonnes,5.681
2022,Journey Energy Inc.,Niton 14-05-055-11W5,Calgary,AB,,53.7284,-115.6025,Oil and gas extraction,Carbon monoxide,tonnes,6.7633
2022,Journey Energy Inc.,Herronton 01-15-019-25 W4,Calgary,AB,,50.6022,-113.3838,Oil and gas extraction,Carbon monoxide,tonnes,10.5068
2022,Journey Energy Inc.,Calcrude Cherhill 04-24-056-05 W5,Calgary,AB,,53.847,-114.6194,Oil and gas extraction,Carbon monoxide,tonnes,16.8473
2022,Journey Energy Inc.,Genesee 05-30-049-03 W5,Calgary,AB,,53.2561,-114.4372,Oil and gas extraction,Carbon monoxide,tonnes,23.3173
2022,Journey Energy Inc.,02-26 Gas Plant,Calgary,AB,,53.5123,-115.6119,Oil and gas extraction,Carbon monoxide,tonnes,24.6238
2022,Journey Energy Inc.,THUNDER MATZIWIN 13-36,Calgary,AB,,51.00676,-111.83832,Oil and gas extraction,Carbon monoxide,tonnes,41.2713
2022,Journey Energy Inc.,Countess 08-36-020-16 W4,Calgary,AB,,50.7374,-112.0849,Oil and gas extraction,Carbon monoxide,tonnes,91.2974
2022,Journey Energy Inc.,Ante Creek Multi-Well Gas Battery 05-26,Calgary,AB,,54.73964,-117.52749,Oil and gas extraction,Carbon monoxide,tonnes,438.9274
2022,Kelt Exploration,KELT WEMBLEY 11-31 MWGEB,Calgary,AB,,55.368673,-119.221196,Oil and gas extraction,Carbon monoxide,tonnes,4.36097
2022,Loyal Energy (Canada) Operating Ltd.,Lookout Butte 4-13,Calgary,AB,T2P 0G5,49.1181,-113.6371,Oil and gas extraction,Carbon monoxide,tonnes,206.6136
2022,Lycos Energy Inc.,Swimming 16-11-052-07W4 Pad,Calgary,AB,T2P 1M9,53.480651,-110.918764,Oil and gas extraction,Carbon monoxide,tonnes,29.6523
2022,Lynx Energy ULC,Three Hills Creek Gas Battery 05-36,Calgary,AB,T2G 0P6,51.9599,-113.5627,Oil and gas extraction,Carbon monoxide,tonnes,14.5618
2022,Lynx Energy ULC,Three Hills Creek Gas Battery 01-36,Calgary,AB,T2G 0P6,52.0429,-113.5791,Oil and gas extraction,Carbon monoxide,tonnes,17.0995
2022,NTE Energy Canada Ltd,Willesden Green 01-25 Battery,Calgary,AB,T2P 1E5,52.64134,-115.15589,Oil and gas extraction,Carbon monoxide,tonnes,13.394
2022,NuVista Energy Ltd.,Pipestone North 16-28-71-09W6 GS,Calgary,AB,T2P 1G1,55.18332,-119.31112,Oil and gas extraction,Carbon monoxide,tonnes,292.95503
2022,Obsidian Energy Ltd.,Battery 14-26,Calgary,AB,,53.437677,-115.22074,Oil and gas extraction,Carbon monoxide,tonnes,1.1345
2022,Obsidian Energy Ltd.,Pembina Oil Battery 14-02,Calgary,AB,,53.292495,-115.357613,Oil and gas extraction,Carbon monoxide,tonnes,1.2515
2022,Obsidian Energy Ltd.,CDNOXY PEMBINA H BATTERY 6-22,Calgary,AB,,53.32886,-115.235742,Oil and gas extraction,Carbon monoxide,tonnes,1.902
2022,Obsidian Energy Ltd.,Battery 06-31-082-17W5,Calgary,AB,,56.150718,-116.653559,Oil and gas extraction,Carbon monoxide,tonnes,2.8101
2022,Obsidian Energy Ltd.,Seal Bitumen Battery 13-08,Calgary,AB,,56.0993,-116.3208,Oil and gas extraction,Carbon monoxide,tonnes,4.134
2022,Obsidian Energy Ltd.,Penn West Cadotte Multi Well Battery 13-27,Calgary,AB,,56.230153,-116.765117,Oil and gas extraction,Carbon monoxide,tonnes,11.262
2022,Obsidian Energy Ltd.,Harmon Valley SAGD South Pilot 07-06,Calgary,AB,,56.164712,-116.673082,Oil and gas extraction,Carbon monoxide,tonnes,28.0538
2022,Obsidian Energy Ltd.,Willesden Green Sweet Gas Plant 13-27,Calgary,AB,,52.6504,-115.0808,Oil and gas extraction,Carbon monoxide,tonnes,37.5339
2022,Obsidian Energy Ltd.,Willesden Green Sweet Gas Plant 14-01,Calgary,AB,,52.5941,-114.8793,Oil and gas extraction,Carbon monoxide,tonnes,59.6382
2022,Obsidian Energy Ltd.,Seal 09-15-084-14W5 GP,Calgary,AB,,56.282,-116.112,Oil and gas extraction,Carbon monoxide,tonnes,99.3311
2022,Pathfinder Energy Ltd.,Rocky Mountain House Gas-fired Power Plant,Calgary,AB,T3L 3A1,52.65242,-115.0806,"Electric power generation, transmission and distribution",Carbon monoxide,tonnes,33.532
2022,Pembina Pipeline Corporation,Kakwa River Gas Plant 08-13-063-05W6,Calgary,AB,,54.448884,-118.594666,Oil and gas extraction,Carbon monoxide,tonnes,304.492
2022,PetroChina Canada Ltd.,Mackay River Commercial Program,Calgary,AB,T2P 3H9,56.79043,-112.09594,Oil and gas extraction,Carbon monoxide,tonnes,1340.7571
2022,Petrus Resources Ltd.,PINNACLE COOKING LAKE 4-16,Calgary,AB,,53.48504,-112.8989,Oil and gas extraction,Carbon monoxide,tonnes,31.7165
2022,PIERIDAE ALBERTA PRODUCTION LTD.,Shell Canada Limited 10-17,Calgary,AB,,49.387,-114.236,Oil and gas extraction,Carbon monoxide,tonnes,0.8554
2022,PIERIDAE ALBERTA PRODUCTION LTD.,Shell Canada Limited 08-16,Calgary,AB,,51.829653,-115.350985,Oil and gas extraction,Carbon monoxide,tonnes,1.2324
2022,PIERIDAE ALBERTA PRODUCTION LTD.,Shell Canada Limited 03-13,Calgary,AB,,51.126,-114.714,Oil and gas extraction,Carbon monoxide,tonnes,2.1592
2022,PIERIDAE ALBERTA PRODUCTION LTD.,Jumping Pound 5-7 Well site compressor,Calgary,AB,T2P 4V8,51.1182,-114.5558,Oil and gas extraction,Carbon monoxide,tonnes,2.43577
2022,PIERIDAE ALBERTA PRODUCTION LTD.,Limestone CS 05-12,Calgary,AB,,51.815,-115.296,Oil and gas extraction,Carbon monoxide,tonnes,4.0215
2022,PIERIDAE ALBERTA PRODUCTION LTD.,Cordel Compressor Station 03-36-042-16W5,Calgary,AB,,52.6539,-116.1814,Oil and gas extraction,Carbon monoxide,tonnes,8.6727
2022,PIERIDAE ALBERTA PRODUCTION LTD.,Findley 09-24,Calgary,AB,,53.9431,-118.7466,Oil and gas extraction,Carbon monoxide,tonnes,11.4007
2022,PIERIDAE ALBERTA PRODUCTION LTD.,Mclean Creek Dehy 16-09-022-06W5,Calgary,AB,,50.8618,-114.7677,Oil and gas extraction,Carbon monoxide,tonnes,15.7274
2022,PIERIDAE ALBERTA PRODUCTION LTD.,Hanlan Compressor Station 09-09-045-16W5,Calgary,AB,,52.867,-116.2531,Oil and gas extraction,Carbon monoxide,tonnes,25.6684
2022,PIERIDAE ALBERTA PRODUCTION LTD.,Palliser,Calgary,AB,,54.3245,-119.8158,Oil and gas extraction,Carbon monoxide,tonnes,30.9813
2022,PIERIDAE ALBERTA PRODUCTION LTD.,Jumping Pound 14-32-025-06W5 CS,Calgary,AB,,51.1815,-114.806,Oil and gas extraction,Carbon monoxide,tonnes,31.956
2022,PIERIDAE ALBERTA PRODUCTION LTD.,Lynx,Calgary,AB,,54.1757,-119.5344,Oil and gas extraction,Carbon monoxide,tonnes,36.9206
2022,PIERIDAE ALBERTA PRODUCTION LTD.,Shell Canada Limited 04-10,Calgary,AB,,49.365,-114.201,Oil and gas extraction,Carbon monoxide,tonnes,37.7637
2022,PIERIDAE ALBERTA PRODUCTION LTD.,Moose Mountain Compressor Station,Calgary,AB,T2P 4V8,50.8894,-114.7618,Oil and gas extraction,Carbon monoxide,tonnes,63.28
2022,PIERIDAE ALBERTA PRODUCTION LTD.,ekwan,Calgary,BC,,58.8311,-121.3859,Oil and gas extraction,Carbon monoxide,tonnes,79.5104
2022,PIERIDAE ALBERTA PRODUCTION LTD.,Jumping Pound Complex,Calgary,AB,T2P 4V8,51.13696,-114.58262,Oil and gas extraction,Carbon monoxide,tonnes,106.724
2022,PIERIDAE ALBERTA PRODUCTION LTD.,Benjamin Compressor Station 16-28-028-08W5,Calgary,AB,,51.42938,-115.05918,Oil and gas extraction,Carbon monoxide,tonnes,122.375
2022,Pine Cliff Energy Ltd.,ABBT0082110 (NPRI - tank),Calgary,AB,,51.45072,-111.7895,Oil and gas extraction,Carbon monoxide,tonnes,1.00438
2022,Pine Cliff Energy Ltd.,Three Hills GP 10-6,Calgary,AB,T2R 1J4,51.71628,-113.25,Oil and gas extraction,Carbon monoxide,tonnes,22.9727
2022,Pine Cliff Energy Ltd.,Greater Edson 06-04,Calgary,AB,T2R 1J4,53.808542,-116.172594,Oil and gas extraction,Carbon monoxide,tonnes,29.6049
2022,Pine Cliff Energy Ltd.,Drumheller Compressor Station 16-24-029-19W4,Calgary,AB,,51.50148,-112.5395,Oil and gas extraction,Carbon monoxide,tonnes,34.84247
2022,Pine Cliff Energy Ltd.,Michichi Compressor Station 13-20-031-18W4,Calgary,AB,,51.676129,-112.529611,Oil and gas extraction,Carbon monoxide,tonnes,45.19052
2022,Pine Cliff Energy Ltd.,Rowley North Gathering System 16-24-032-20W4,Calgary,AB,,51.76348,-112.701,Oil and gas extraction,Carbon monoxide,tonnes,51.07309
2022,Pine Cliff Energy Ltd.,Ghost Pine Compressor Station 04-09-031-20W4,Calgary,AB,,51.63618,-112.7893,Oil and gas extraction,Carbon monoxide,tonnes,51.09025
2022,Pine Cliff Energy Ltd.,CPC Trochu 16-32 GGS,Calgary,AB,T2R 1J4,51.880064,-113.362274,Oil and gas extraction,Carbon monoxide,tonnes,245.45224
2022,Pipestone Energy Corp.,12- 14 Elmworth,Calgary,AB,T2P 5C5,55.0643,-118.9638,Oil and gas extraction,Carbon monoxide,tonnes,24.6406
2022,Questerre Energy Corporation,SKBTS4L6146 PETROBAKKEN RYERSON 1-2-9-31,Calgary,SK,T2P 3W2,49.71172,-101.57986,Oil and gas extraction,Carbon monoxide,tonnes,1.794
2022,Questerre Energy Corporation,ABBT0124424 01-27-004-05W4,Calgary,SK,T2P 3W2,49.71172,-101.57986,Oil and gas extraction,Carbon monoxide,tonnes,2.0188
2022,Questerre Energy Corporation,SKBTS4L8998 HIGHROCK FRYS E 16-09-09-31W1,Calgary,AB,T2P 3W2,57.191,-111.5539,Oil and gas extraction,Carbon monoxide,tonnes,5.383
2022,Questerre Energy Corporation,SKBTB4L3993 HIGHROCK RYERSON HZ,Calgary,SK,T2P 3W2,49.73379,-101.62558,Oil and gas extraction,Carbon monoxide,tonnes,8.218
2022,Questerre Energy Corporation,SKBTB4L3867 QUESTERRE RYERSON 13-1,Calgary,SK,T2P 3W2,49.722319,-101.57346,Oil and gas extraction,Carbon monoxide,tonnes,16.293
2022,Ridgeback Resources Inc.,PETROBAKKEN INNES 12-22-7-11W2,Calgary,SK,T2P 1G1,49.5746,-103.428,Oil and gas extraction,Carbon monoxide,tonnes,10.9922
2022,Saturn Oil & Gas Inc.,Alameda Oil Battery 11-23-002-34W1,Calgary,SK,T2P 1G1,49.1755,-101.7978,Oil and gas extraction,Carbon monoxide,tonnes,7.2629
2022,Spartan Delta Corp.,Alder Flats Gas Plant 10-09,Calgary,AB,T2P 0H7,52.86764,-115.0983,Oil and gas extraction,Carbon monoxide,tonnes,85.05522
2022,Strathcona Resources Ltd.,Edgerton 01-24,Calgary,AB,,52.8868,-110.4402,Oil and gas extraction,Carbon monoxide,tonnes,2.167
2022,Strathcona Resources Ltd.,Lator 02-06-063-02W6,Calgary,AB,,54.4161,-118.2866,Oil and gas extraction,Carbon monoxide,tonnes,2.524
2022,Strathcona Resources Ltd.,Jayar 14-29,Calgary,AB,,54.309734,-118.417199,Oil and gas extraction,Carbon monoxide,tonnes,5.2382
2022,Strathcona Resources Ltd.,PARA 16-08-061-03W6 - MWGB,Calgary,AB,,54.31049,-118.371709,Oil and gas extraction,Carbon monoxide,tonnes,9.6708
2022,Strathcona Resources Ltd.,Resthaven Sweet Gas Plant,Calgary,AB,,54.2253,-118.3052,Oil and gas extraction,Carbon monoxide,tonnes,16.4502
2022,Strathcona Resources Ltd.,Jayar 04-27,Calgary,AB,,54.299643,-118.37179,Oil and gas extraction,Carbon monoxide,tonnes,18.5927
2022,Strathcona Resources Ltd.,Resthaven Gas Battery 02-16,Calgary,AB,,54.184783,-118.080993,Oil and gas extraction,Carbon monoxide,tonnes,66.7613
2022,Strathcona Resources Ltd.,LINDBERGH SAGD 04-25,Calgary,AB,T2P 4K9,54.03691,-110.62095,Oil and gas extraction,Carbon monoxide,tonnes,282.0868
2022,Sun Century Petroleum Corporation,SCPC Fenn West Gas Plant 14-18,Calgary,AB,,52.163002,-113.335056,Oil and gas extraction,Carbon monoxide,tonnes,2.2957
2022,Sun Century Petroleum Corporation,Delburne Sweet Gas Plant 10-08,Calgary,AB,,52.1665,-113.2563,Oil and gas extraction,Carbon monoxide,tonnes,23.9322
2022,Taqa North Ltd.,TAQA Ferrier 09-03-042-10W5,Calgary,AB,T2P 0H7,52.591307,-115.348744,Oil and gas extraction,Carbon monoxide,tonnes,0.9868
2022,Taqa North Ltd.,NRK North Ferrier 5-10-42-9-W5 ABBT0081372,Calgary,AB,T2P 0H7,52.6013,-115.2216,Oil and gas extraction,Carbon monoxide,tonnes,2.0079
2022,Taqa North Ltd.,Crimson 13-15-040-09W5 SWB,Calgary,AB,T2P 0H7,52.62782,-115.369584,Oil and gas extraction,Carbon monoxide,tonnes,2.0442
2022,Taqa North Ltd.,TAQA 03/04-02-040-09W5 (4-14 SWB),Calgary,AB,T2P 0H7,51.93134,-114.85515,Oil and gas extraction,Carbon monoxide,tonnes,4.0486
2022,Taqa North Ltd.,TAQA 03-02-040-09W5 (4-14 SWB),Calgary,AB,T2P 0H7,52.4202,-115.1985,Oil and gas extraction,Carbon monoxide,tonnes,4.5739
2022,Taqa North Ltd.,PCR FERRIER 7-16 COMP.,Calgary,AB,T2P 0H7,52.70332,-115.39141,Oil and gas extraction,Carbon monoxide,tonnes,7.4959
2022,The Calgary Airport Authority,THE CALGARY AIRPORT AUTHORITY - CALGARY,Calgary,AB,T2E 6W5,51.1307,-114.009,Scheduled air transportation,Carbon monoxide,tonnes,15.32633
2022,THE CITY OF CALGARY,Manchester Asphalt Plant,Calgary,AB,T2P 2M5,51.0288,-114.0448,Petroleum and coal product manufacturing,Carbon monoxide,tonnes,20.445
2022,Tourmaline Oil Corp,RSRL GORDONDALE 08-01-079-10-W6M BTY,Calgary,AB,,55.816978,-119.413821,Oil and gas extraction,Carbon monoxide,tonnes,1.1457
2022,Tourmaline Oil Corp,Progress 04-22 Oil Battery,Calgary,AB,,55.856157,-119.171521,Oil and gas extraction,Carbon monoxide,tonnes,2.833
2022,Tourmaline Oil Corp,Wapiti 11-25-66-8W6M Comp Stn,Calgary,AB,,54.743518,-119.073283,Oil and gas extraction,Carbon monoxide,tonnes,3.1083
2022,Tourmaline Oil Corp,Boundary Lake 08-12-088-15W6,Calgary,BC,,56.6207,-120.2465,Oil and gas extraction,Carbon monoxide,tonnes,5.8593
2022,Tourmaline Oil Corp,MIRAGE 04-20-79-07W6,Calgary,AB,,55.856171,-119.067173,Oil and gas extraction,Carbon monoxide,tonnes,6.0002
2022,Tourmaline Oil Corp,RSRL MIRAGE BTY 01-05-080-08-W6M,Calgary,AB,,55.899876,-119.204379,Oil and gas extraction,Carbon monoxide,tonnes,6.4267
2022,Tourmaline Oil Corp,RSRL GORDONDALE BTY 14-22-079-09-W6M,Calgary,AB,,55.866132,-119.322366,Oil and gas extraction,Carbon monoxide,tonnes,6.9225
2022,Tourmaline Oil Corp,Tourmaline Mulligan Terminal (03-08-079-09 W6M),Calgary,AB,,55.82708,-119.37367,Oil and gas extraction,Carbon monoxide,tonnes,9.0309
2022,Tourmaline Oil Corp,Devon Mirage 10-03,Calgary,AB,,55.81986,-119.00207,Oil and gas extraction,Carbon monoxide,tonnes,9.1192
2022,Tourmaline Oil Corp,TOURMALINE LAPRISE D-27-I TT,Calgary,BC,,56.94118,-122.07909,Oil and gas extraction,Carbon monoxide,tonnes,10.8037
2022,Tourmaline Oil Corp,Duvernay Fir Central 09-29-057-21-W5,Calgary,AB,,53.9575,-117.0766,Oil and gas extraction,Carbon monoxide,tonnes,12.7127
2022,Tourmaline Oil Corp,Wapiti 4-9-66-8W6M MWB,Calgary,AB,,54.692575,-119.155128,Oil and gas extraction,Carbon monoxide,tonnes,13.4744
2022,Tourmaline Oil Corp,Hanlan 16-16 CS,Calgary,AB,,53.05969,-116.71056,Oil and gas extraction,Carbon monoxide,tonnes,14.7733
2022,Tourmaline Oil Corp,Spirit River 06-09-077-07-W6 Tank Farm,Calgary,AB,,55.655906,-119.024903,Oil and gas extraction,Carbon monoxide,tonnes,20.5746
2022,Tourmaline Oil Corp,Nig Creek A-94-B/94-H-4,Calgary,BC,,57.0771,-121.6675,Oil and gas extraction,Carbon monoxide,tonnes,20.7305
2022,Tourmaline Oil Corp,Tourmaline Solomon Gas Plant (15-20-053-27-W5),Calgary,AB,,53.59928,-117.94255,Oil and gas extraction,Carbon monoxide,tonnes,20.972
2022,Tourmaline Oil Corp,Lynx 01-24-060-08 W6M,Calgary,AB,,54.1989,-119.0529,Oil and gas extraction,Carbon monoxide,tonnes,22.6535
2022,Tourmaline Oil Corp,Crew Edson 16-10-052-15 W5,Calgary,AB,,53.4779,-116.124,Oil and gas extraction,Carbon monoxide,tonnes,24.3631
2022,Tourmaline Oil Corp,Tourmaline Chin/09-29 Ggs,Calgary,AB,,54.65656,-119.91523,Oil and gas extraction,Carbon monoxide,tonnes,25.962
2022,Tourmaline Oil Corp,Black Conroy Comp Stn b-094-J/094-H-05,Calgary,BC,,57.4936,-121.6733,Oil and gas extraction,Carbon monoxide,tonnes,27.6712
2022,Tourmaline Oil Corp,Red Rock Gas Battery 09-07-062-06W6,Calgary,AB,,54.35037,-118.87809,Oil and gas extraction,Carbon monoxide,tonnes,28.5568
2022,Tourmaline Oil Corp,Tourmaline Anderson Gas Plant (01-09-051-24 W5M),Calgary,AB,,53.38259,-117.4668,Oil and gas extraction,Carbon monoxide,tonnes,30.5312
2022,Tourmaline Oil Corp,Cabin Creek Compressor Station,Calgary,AB,,53.7342,-118.3956,Oil and gas extraction,Carbon monoxide,tonnes,30.9007
2022,Tourmaline Oil Corp,Jedney Comp Stn C-007-H,Calgary,BC,,57.08958,-122.08437,Oil and gas extraction,Carbon monoxide,tonnes,35.8201
2022,Tourmaline Oil Corp,Birley Umbach A-072-F/094-H-03,Calgary,BC,,57.49334,-121.67716,Oil and gas extraction,Carbon monoxide,tonnes,36.1768
2022,Tourmaline Oil Corp,Oldman 10-24,Calgary,AB,,53.8556,-116.9836,Oil and gas extraction,Carbon monoxide,tonnes,38.3572
2022,Tourmaline Oil Corp,Conroy D-48-C/94-H-12,Calgary,BC,,57.53822,-121.84416,Oil and gas extraction,Carbon monoxide,tonnes,38.5477
2022,Tourmaline Oil Corp,Wildhay 11-22,Calgary,AB,,53.76832,-117.48534,Oil and gas extraction,Carbon monoxide,tonnes,45.404
2022,Tourmaline Oil Corp,Martin Creek Sour Gas Plant b-002-E/094-H-06,Calgary,BC,,57.3353,-121.3979,Oil and gas extraction,Carbon monoxide,tonnes,45.6997
2022,Tourmaline Oil Corp,Spirit River 13-28-78-8w6 GGS,Calgary,AB,,55.79411,-119.18634,Oil and gas extraction,Carbon monoxide,tonnes,47.6694
2022,Tourmaline Oil Corp,Tourmaline West Wolf Lake Gas Plant (10-03-052-17 W5M),Calgary,AB,,53.462965,-116.418505,Oil and gas extraction,Carbon monoxide,tonnes,55.6555
2022,Tourmaline Oil Corp,Harley 08-10-057-27-W5,Calgary,AB,,53.9101,-117.9189,Oil and gas extraction,Carbon monoxide,tonnes,57.2599
2022,Tourmaline Oil Corp,Tourmaline Med Lodge Gas Plant (14-03-052-23W5),Calgary,SK,,49.51922,-101.41762,Oil and gas extraction,Carbon monoxide,tonnes,62.1989
2022,Tourmaline Oil Corp,Tourmaline Hinton Gas Plant (06-32-51-25 W5M),Calgary,AB,,53.44318,-117.6554,Oil and gas extraction,Carbon monoxide,tonnes,66.4721
2022,Tourmaline Oil Corp,Sunrise 15-34-079-17-W6,Calgary,BC,,55.89665,-120.56939,Oil and gas extraction,Carbon monoxide,tonnes,70.3022
2022,Tourmaline Oil Corp,Dawson/Doe 1-32-80-15 W6,Calgary,BC,,55.97255,-120.29903,Oil and gas extraction,Carbon monoxide,tonnes,72.4506
2022,Tourmaline Oil Corp,Aitken Comp Stn a-011-A,Calgary,BC,,57.01042,-122.00312,Oil and gas extraction,Carbon monoxide,tonnes,74.0021
2022,Tourmaline Oil Corp,Tourmaline 12-06-081-07-W6,Calgary,AB,,55.99437,-119.093254,Oil and gas extraction,Carbon monoxide,tonnes,80.3558
2022,Tourmaline Oil Corp,Leland Comp Stn 14-34-058-26-W5,Calgary,AB,,54.0629,-117.7826,Oil and gas extraction,Carbon monoxide,tonnes,87.1729
2022,Tourmaline Oil Corp,Mulligan Fourth Creek 15-13-082-09-W6,Calgary,AB,,56.1157,-119.2621,Oil and gas extraction,Carbon monoxide,tonnes,87.174
2022,Tourmaline Oil Corp,Smoky 01-12-058-02-W6,Calgary,AB,,53.99404,-118.151921,Oil and gas extraction,Carbon monoxide,tonnes,107.3654
2022,Tourmaline Oil Corp,Resthaven 3-16 Gas Plant,Calgary,AB,,54.18319,-118.2408,Oil and gas extraction,Carbon monoxide,tonnes,115.9655
2022,Tourmaline Oil Corp,Kakwa Gas Plant 07-09-062-08 W6M,Calgary,AB,,54.346751,-119.134195,Oil and gas extraction,Carbon monoxide,tonnes,116.6588
2022,Tourmaline Oil Corp,Tourmaline Sunrise Gas Plant (03-18-080-17 W6M),Calgary,BC,,55.9285,-120.6423,Oil and gas extraction,Carbon monoxide,tonnes,118.6756
2022,Tourmaline Oil Corp,Tourmaline Edson Gas Plant (04-17-051-18-W5M),Calgary,AB,,52.874467,-116.029179,Oil and gas extraction,Carbon monoxide,tonnes,119.7599
2022,Tourmaline Oil Corp,Kakwa Gas Processing 01-35-060-05W6,Calgary,AB,,54.2268,-118.6281,Oil and gas extraction,Carbon monoxide,tonnes,135.8661
2022,Tourmaline Oil Corp,Sundown B-067-H/093-P-10,Calgary,BC,,55.63536,-120.58595,Oil and gas extraction,Carbon monoxide,tonnes,144.855
2022,Tourmaline Oil Corp,Obed 01-21,Calgary,AB,,53.761093,-117.349179,Oil and gas extraction,Carbon monoxide,tonnes,164.6299
2022,Tourmaline Oil Corp,Tourmaline West Doe Gas Plant (13-25-080-16 W6M),Calgary,BC,,55.97092,-120.368337,Oil and gas extraction,Carbon monoxide,tonnes,169.89
2022,Tourmaline Oil Corp,Wapiti 13-15-067-08W6M MWB,Calgary,AB,,54.80565,-119.14339,Oil and gas extraction,Carbon monoxide,tonnes,186.1211
2022,Tourmaline Oil Corp,Kakwa Gas Battery 04-26-061-05W6,Calgary,AB,,54.3025,-118.6442,Oil and gas extraction,Carbon monoxide,tonnes,202.2822
2022,Tourmaline Oil Corp,Tourmaline Columbia Gas Plant (15-36-044-15 W5M),Calgary,AB,,52.83944,-116.03732,Oil and gas extraction,Carbon monoxide,tonnes,231.2074
2022,Tourmaline Oil Corp,Gundy A-021-I,Calgary,BC,,56.68376,-122.0075,Oil and gas extraction,Carbon monoxide,tonnes,245.0528
2022,Tourmaline Oil Corp,Tourmaline Spirit River Gas Plant (03-10-077-07 W6M),Calgary,AB,,55.6545,-119.00147,Oil and gas extraction,Carbon monoxide,tonnes,245.7246
2022,Tourmaline Oil Corp,Tourmaline Ansell Plant (01-34-51-18 W5M),Calgary,AB,,53.44643,-116.545029,Oil and gas extraction,Carbon monoxide,tonnes,263.7545
2022,Tourmaline Oil Corp,Tourmaline Banshee Plant (15-12-050-21 W5M),Calgary,AB,,53.30683,-116.93588,Oil and gas extraction,Carbon monoxide,tonnes,269.9144
2022,Tourmaline Oil Corp,Tourmaline Berland Gas Plant (14-15-059-24-W5M),Calgary,AB,,54.106806,-117.516746,Oil and gas extraction,Carbon monoxide,tonnes,269.9507
2022,Tourmaline Oil Corp,Tourmaline Doe Gas Plant (02-11-080-16 W6M),Calgary,BC,,55.91377,-120.38232,Oil and gas extraction,Carbon monoxide,tonnes,270.5556
2022,Tourmaline Oil Corp,Aitken Creek Sour Gas Plant c-038-C,Calgary,BC,,57.02883,-121.84918,Oil and gas extraction,Carbon monoxide,tonnes,272.6328
2022,Tourmaline Oil Corp,Laprise Gas Plant,Calgary,BC,,57.3535,-122.0505,Oil and gas extraction,Carbon monoxide,tonnes,280.4387
2022,Tourmaline Oil Corp,Tourmaline Cecilia Gas Plant (15-04-058-23 W5M),Calgary,AB,,53.990234,-117.355302,Oil and gas extraction,Carbon monoxide,tonnes,318.5516
2022,Tourmaline Oil Corp,Tourmaline Wildhay Gas Plant (11-16-055-24 W5M),Calgary,AB,,53.75512,-117.50988,Oil and gas extraction,Carbon monoxide,tonnes,349.8059
2022,Tourmaline Oil Corp,Wroe 8-12,Calgary,AB,,53.9144,-117.5737,Oil and gas extraction,Carbon monoxide,tonnes,402.9269
2022,Tourmaline Oil Corp,Tourmaline Gundy Gas Plant (C-060-A / 94-B-16),Calgary,BC,,56.801313,-122.121084,Oil and gas extraction,Carbon monoxide,tonnes,589.5258
2022,Tourmaline Oil Corp,Sundance 15-07,Calgary,AB,,53.6556,-117.0817,Oil and gas extraction,Carbon monoxide,tonnes,594.7102
2022,Tourmaline Oil Corp,Aitken Creek Sour Gas Plant c-046-C,Calgary,BC,,57.03949,-121.82333,Oil and gas extraction,Carbon monoxide,tonnes,608.0478
2022,Tourmaline Oil Corp,Spirit River 06-03-078-07 W6,Calgary,AB,,55.7332,-118.9989,Oil and gas extraction,Carbon monoxide,tonnes,620.5063
2022,Tourmaline Oil Corp,Tourmaline Musreau 02/09-13-062-06-W6,Calgary,AB,,54.362358,-118.75371,Oil and gas extraction,Carbon monoxide,tonnes,669.3635
2022,Tourmaline Oil Corp,Horse 16-17-058-26-W5,Calgary,AB,,54.0193,-117.8199,Oil and gas extraction,Carbon monoxide,tonnes,1017.7019
2022,Tourmaline Oil Corp,Tourmaline Wildriver Gas Plant (14-20-056-23 W5M),Calgary,AB,,53.8579,-117.3846,Oil and gas extraction,Carbon monoxide,tonnes,1459.7938
2022,University of Calgary,Central Heating and Cooling Plant,Calgary,AB,T2N 1N4,51.0749,-114.1387,Universities,Carbon monoxide,tonnes,68.076
2022,Westbrick Energy Ltd (1),Velvet 16-23-054-17W5,Calgary,AB,T2P 0R3,53.68324,-116.3903,Oil and gas extraction,Carbon monoxide,tonnes,5.2953
2022,Westbrick Energy Ltd (1),Anderson Wolf South 14-03 GGS,Calgary,AB,T2P 0R3,53.29242,-115.96724,Oil and gas extraction,Carbon monoxide,tonnes,7.0398
2022,Westbrick Energy Ltd (1),Velvet 09-04-056-17W5,Calgray,AB,T2P 0R3,53.81207,-116.45727,Oil and gas extraction,Carbon monoxide,tonnes,21.3407
2022,Zargon Oil and Gas Ltd.,Jarrod Little Bow 6-14,Calgary,AB,T2P 0H3,50.17115,-112.496157,Oil and gas extraction,Carbon monoxide,tonnes,0.8433
2022,Zargon Oil and Gas Ltd.,Morinville 2-20-55-25 W4M,Calgary,AB,T2P 0H3,53.7617,-113.6791,Oil and gas extraction,Carbon monoxide,tonnes,1.0708
2022,Zargon Oil and Gas Ltd.,Mission Tabers (00-14-11-008-17W4),Calgary,AB,,49.78,-112.15,Oil and gas extraction,Carbon monoxide,tonnes,3.2269
2022,Zargon Oil and Gas Ltd.,Crestar Little Bow (00-16-31-014-18W4),Calgary,AB,,50.220749,-112.441573,Oil and gas extraction,Carbon monoxide,tonnes,72.1393
2022,Zargon Oil and Gas Ltd.,TAQA LAPRISE B-40-E/94-H-5,Calgary,BC,T2P 1K3,57.3604,-121.9969,Oil and gas extraction,Carbon monoxide,tonnes,122.13
