Year,Company_Name,Facility_Name,City,Province,Postal_Code,Latitude,Longitude,Sector_Name,Substance_Name,Units,Total_Air_Emissions
2022,Abbey Resources,Shackleton Compressor Station 14-36-020-19W3,calgary,SK,,50.7442,-108.5154,Oil and gas extraction,Nitrogen oxides (expressed as nitrogen dioxide),tonnes,8.541
2022,Advantage Energy Ltd.,Wembley Comp Stn 03-01,Calgary,AB,T2P 5E9,55.28877,-119.0989,Oil and gas extraction,Nitrogen oxides (expressed as nitrogen dioxide),tonnes,16.92071
2022,Alberta  Health Services,Foothills Medical Centre,Calgary,AB,T2N 2T9,51.06584,-114.13399,General medical and surgical hospitals,Nitrogen oxides (expressed as nitrogen dioxide),tonnes,150
2022,Archer Exploration Corp.,ARCHER 09-25-074-08W6 MWOB & GS,Calgary,AB,,55.441492,-119.080359,Oil and gas extraction,Nitrogen oxides (expressed as nitrogen dioxide),tonnes,37.7509
2022,Axiom Oil and Gas Inc.,MOBIL HARME BATTERY NO 1 (ABBT4480044),Calgary,AB,T2P 0H7,51.75788,-114.30674,Oil and gas extraction,Nitrogen oxides (expressed as nitrogen dioxide),tonnes,5.4548
2022,Axiom Oil and Gas Inc.,Randall Gas BT (ABBT0162561),Calgary,AB,T2P 0H7,56.01253,-115.02183,Oil and gas extraction,Nitrogen oxides (expressed as nitrogen dioxide),tonnes,23.4722
2022,Axiom Oil and Gas Inc.,Bonnie Glenn 11-06-044-25W4 - COMP (ABCS0009501),Calgary,AB,,52.7798,-113.6299,Oil and gas extraction,Nitrogen oxides (expressed as nitrogen dioxide),tonnes,38.2416
2022,Baccalieu Energy Inc.,Baccalieu Pembina 4-15-50-10 W5,Calgary,AB,,53.31067,-115.3878,Oil and gas extraction,Nitrogen oxides (expressed as nitrogen dioxide),tonnes,1.4544
2022,Baccalieu Energy Inc.,West Pembina 14-15-051-12 W5,Calgary,AB,,53.40691,-115.68958,Oil and gas extraction,Nitrogen oxides (expressed as nitrogen dioxide),tonnes,6.1898
2022,Baccalieu Energy Inc.,Baccalieu Brazeau 02-10-48-12 W5,Calgary,AB,,53.12141,-115.6682,Oil and gas extraction,Nitrogen oxides (expressed as nitrogen dioxide),tonnes,39.0447
2022,Baccalieu Energy Inc.,Baccalieu Ferrier 1-6-38-7 W5,Calgary,AB,,52.23361,-114.9805,Oil and gas extraction,Nitrogen oxides (expressed as nitrogen dioxide),tonnes,45.9773
2022,Blue Sky Resources Ltd.,Pengrowth Panny (00-03-11-096-06W5),Calgary,AB,,57.3092,-114.8563,Oil and gas extraction,Nitrogen oxides (expressed as nitrogen dioxide),tonnes,0.2939
2022,Blue Sky Resources Ltd.,Highwood Senex (02-02-22-094-04W5),Calgary,AB,,56.54,-115.256,Oil and gas extraction,Nitrogen oxides (expressed as nitrogen dioxide),tonnes,0.3576
2022,BTG Energy Inc,Gull Lake Power Plant,Calgary,AB,T2P 1M9,52.51686,-113.91527,"Electric power generation, transmission and distribution",Nitrogen oxides (expressed as nitrogen dioxide),tonnes,36.68
2022,BTG Energy Inc,Certus 06-20-038-04-W5 Battery,Calgary,AB,T2P 3M3,52.28077,-114.54032,Oil and gas extraction,Nitrogen oxides (expressed as nitrogen dioxide),tonnes,54.1049
2022,BURNCO Rock Products Ltd,Burma Road Aggregate,Calgary,AB,T3R 1J3,51.185538,-114.221268,Non-metallic mineral mining and quarrying,Nitrogen oxides (expressed as nitrogen dioxide),tonnes,20.326
2022,BURNCO Rock Products Ltd,Springbank Aggregate,Calgary,AB,T3Z 3N4,51.07474,-114.24676,Non-metallic mineral mining and quarrying,Nitrogen oxides (expressed as nitrogen dioxide),tonnes,40.849
2022,BURNCO Rock Products Ltd,BLV Aggregate,Calgary,AB,T3R 1J3,51.1648,-114.21755,Non-metallic mineral mining and quarrying,Nitrogen oxides (expressed as nitrogen dioxide),tonnes,54.825
2022,Calgary Energy Centre No. 2 Inc.,Calgary Energy Centre,Calgary,AB,T3N 1C6,51.18045,-113.93728,"Electric power generation, transmission and distribution",Nitrogen oxides (expressed as nitrogen dioxide),tonnes,517.1
2022,Canada Malting Co Ltd.,Calgary Plant,Calgary,AB,T2G 4M9,51.0245,-114.025,Other food manufacturing,Nitrogen oxides (expressed as nitrogen dioxide),tonnes,25.2289
2022,Canadian Natural Resources Limited,ABBT0122253,Calgary,AB,T2P 4J8,54.8487,-119.224,Oil and gas extraction,Nitrogen oxides (expressed as nitrogen dioxide),tonnes,11.5663
2022,Canlin Energy Corporation,Blackstone Dehy 09-23-044-16W5,Calgary,AB,,52.97252,-116.3559,Oil and gas extraction,Nitrogen oxides (expressed as nitrogen dioxide),tonnes,245.4002
2022,"CertainTeed Canada, Inc.",Calgary Wallboard Plant,Calgary,AB,T2C 2A4,50.9938,-113.99,Lime and gypsum product manufacturing,Nitrogen oxides (expressed as nitrogen dioxide),tonnes,24.808
2022,Certus Oil and Gas Inc.,Med River 06-18-39-03-5,Calgary,AB,,52.35503,-114.42308,Oil and gas extraction,Nitrogen oxides (expressed as nitrogen dioxide),tonnes,0.6846
2022,Certus Oil and Gas Inc.,Gilby Office 02-35-40-02W5,Calgary,AB,,52.4793,-114.1782,Oil and gas extraction,Nitrogen oxides (expressed as nitrogen dioxide),tonnes,2.7904
2022,Certus Oil and Gas Inc.,Gilby Gas Plant 05-05-040-03W5,Calgary,AB,,52.4129,-114.4076,Oil and gas extraction,Nitrogen oxides (expressed as nitrogen dioxide),tonnes,7.7168
2022,Certus Oil and Gas Inc.,Czar Med River 13-08-039-02W5,Calgary,AB,,52.346606,-114.262391,Oil and gas extraction,Nitrogen oxides (expressed as nitrogen dioxide),tonnes,32.4854
2022,Certus Oil and Gas Inc.,Garrington 12-29-036-06W5,Calgary,AB,,52.124413,-114.831599,Oil and gas extraction,Nitrogen oxides (expressed as nitrogen dioxide),tonnes,38.5582
2022,Certus Oil and Gas Inc.,09-04-034-05 W5M Sundre Compressor,Calgary,AB,,51.8915,-114.64245,Oil and gas extraction,Nitrogen oxides (expressed as nitrogen dioxide),tonnes,175.8147
2022,City of Calgary,Bonnybrook Wastewater Treatment Plant,Calgary,AB,T2G 3M8,51.0128,-114.022,"Water, sewage and other systems",Nitrogen oxides (expressed as nitrogen dioxide),tonnes,187.49
2022,COR4 Oil,W Tide Lake 4-13 Battery,Calgary,AB,T2P 3E7,50.514632,-111.263215,Oil and gas extraction,Nitrogen oxides (expressed as nitrogen dioxide),tonnes,1.2369
2022,COR4 Oil,Alderson 1-24-17-12W4,Calgary,AB,T2P 3E7,50.4428,-111.5196,Oil and gas extraction,Nitrogen oxides (expressed as nitrogen dioxide),tonnes,3.3524
2022,COR4 Oil,Imaginea Princess 07-08,Calgary,AB,T2P 3E7,50.593,-111.492,Oil and gas extraction,Nitrogen oxides (expressed as nitrogen dioxide),tonnes,33.3595
2022,CSV Midstream Solutions,Karr Sour Gas Processing Plant,Calgary,AB,T2P 0L4,54.709648,-118.600073,Oil and gas extraction,Nitrogen oxides (expressed as nitrogen dioxide),tonnes,230.4876
2022,DEL Canada GP Ltd.,Paleo 15-22-039-26W4 MWB,Calgary,AB,,52.373884,-113.660388,Oil and gas extraction,Nitrogen oxides (expressed as nitrogen dioxide),tonnes,0.7589
2022,DEL Canada GP Ltd.,BARRINGTON MARIE LAKE 09-25,Calgary,AB,,54.655233,-110.311533,Oil and gas extraction,Nitrogen oxides (expressed as nitrogen dioxide),tonnes,31.2288
2022,Ember Resources Inc.,06-02-34-25-W4M Linden,Calgary,AB,T2P 4H2,51.887417,-113.444769,Oil and gas extraction,Nitrogen oxides (expressed as nitrogen dioxide),tonnes,20.13
2022,Ember Resources Inc.,Goose Quill 01-32-35-22W4,Calgary,AB,T2P 4H2,52.0429,-113.103151,Oil and gas extraction,Nitrogen oxides (expressed as nitrogen dioxide),tonnes,24.54
2022,Ember Resources Inc.,2-25-043-23W4,Calgary,AB,T2P 4H2,52.72851,-113.206,"Support activities for mining, and oil and gas extraction",Nitrogen oxides (expressed as nitrogen dioxide),tonnes,29.21
2022,Ember Resources Inc.,1-29-037-19W4,Calgary,AB,,52.2029,-112.6773,Oil and gas extraction,Nitrogen oxides (expressed as nitrogen dioxide),tonnes,29.75
2022,Ember Resources Inc.,Entice Sweet Gas Plant 05-31,Calgary,AB,T2P 2S5,51.3487,-113.6586,Oil and gas extraction,Nitrogen oxides (expressed as nitrogen dioxide),tonnes,37.83
2022,Ember Resources Inc.,2-10-043-23W4,Calgary,AB,T2P 4H2,52.68504,-113.2542,Oil and gas extraction,Nitrogen oxides (expressed as nitrogen dioxide),tonnes,48.04
2022,Ember Resources Inc.,11-16-043-23W4,Calgary,AB,T2P 4H2,52.70699,-113.2843,Oil and gas extraction,Nitrogen oxides (expressed as nitrogen dioxide),tonnes,48.33
2022,Enercapita Energy Ltd.,Boundary Lake 10-19-086-11 W6M,Calgary,AB,T2P 3A8,56.4739,-119.7222,Oil and gas extraction,Nitrogen oxides (expressed as nitrogen dioxide),tonnes,29.4896
2022,Enercapita Energy Ltd.,Worsley 16-36-086-10 W6M,Calgary,AB,T2P 3A8,56.5061,-119.432,Oil and gas extraction,Nitrogen oxides (expressed as nitrogen dioxide),tonnes,51.5982
2022,Enmax Generation Portfolio Inc,Shepard Energy Centre,Calgary,AB,T3S 0A2,50.97068,-113.8851,"Electric power generation, transmission and distribution",Nitrogen oxides (expressed as nitrogen dioxide),tonnes,1261.22
2022,Evraz Recycling,Navajo Metals,Calgary,AB,T2H 2G7,51.00073,-114.03439,Remediation and other waste management services,Nitrogen oxides (expressed as nitrogen dioxide),tonnes,12.534
2022,Headwater Exploration Incorporated,Martin Hills Core 05-35,Calgary,AB,,55.45177,-113.74672,Oil and gas extraction,Nitrogen oxides (expressed as nitrogen dioxide),tonnes,12.963
2022,Headwater Exploration Incorporated,Martin Hills Core 10-35,Calgary,AB,,55.44906,-113.735086,Oil and gas extraction,Nitrogen oxides (expressed as nitrogen dioxide),tonnes,22.1872
2022,Headwater Exploration Incorporated,Martin Hills Core 12-26,Calgary,AB,,55.44093,-113.74672,Oil and gas extraction,Nitrogen oxides (expressed as nitrogen dioxide),tonnes,23.6198
2022,i3 Energy Canada Ltd.,06-09-61-27 W5M,Calgary,AB,T2P 1K3,54.259533,-117.991448,Oil and gas extraction,Nitrogen oxides (expressed as nitrogen dioxide),tonnes,13.0592
2022,i3 Energy Canada Ltd.,Leedale Gas Plant 9-21-43-4W5M,Calgary,AB,,52.9582,-114.6799,Oil and gas extraction,Nitrogen oxides (expressed as nitrogen dioxide),tonnes,68.7902
2022,i3 Energy Canada Ltd.,Lodgepole 13-35-47-10w5,Calgary,AB,T2P 1K3,53.1032,-115.3634,Oil and gas extraction,Nitrogen oxides (expressed as nitrogen dioxide),tonnes,147.6263
2022,Journey Energy Inc.,IKKUMA 00/8-31-063-11W6/0 BATTERY,Calgary,AB,,52.666706,-116.199016,Oil and gas extraction,Nitrogen oxides (expressed as nitrogen dioxide),tonnes,0.4918
2022,Journey Energy Inc.,Journey 06-01-046-02 W5,Calgary,AB,,52.9362,-114.1609,Oil and gas extraction,Nitrogen oxides (expressed as nitrogen dioxide),tonnes,0.8801
2022,Journey Energy Inc.,HUSKY DENY KISKIU SMOKY RIVER 14-09,Calgary,AB,,54.00417,-118.24109,Oil and gas extraction,Nitrogen oxides (expressed as nitrogen dioxide),tonnes,3.3105
2022,Journey Energy Inc.,Genesee 05-30-049-03 W5,Calgary,AB,,53.2561,-114.4372,Oil and gas extraction,Nitrogen oxides (expressed as nitrogen dioxide),tonnes,16.7579
2022,Journey Energy Inc.,Calcrude Cherhill 04-24-056-05 W5,Calgary,AB,,53.847,-114.6194,Oil and gas extraction,Nitrogen oxides (expressed as nitrogen dioxide),tonnes,17.1319
2022,Journey Energy Inc.,Herronton 01-15-019-25 W4,Calgary,AB,,50.6022,-113.3838,Oil and gas extraction,Nitrogen oxides (expressed as nitrogen dioxide),tonnes,34.0875
2022,Journey Energy Inc.,Niton 14-05-055-11W5,Calgary,AB,,53.7284,-115.6025,Oil and gas extraction,Nitrogen oxides (expressed as nitrogen dioxide),tonnes,37.7627
2022,Journey Energy Inc.,Countess 10-04-021-16W4,Calgary,AB,,53.034063,-114.376496,Oil and gas extraction,Nitrogen oxides (expressed as nitrogen dioxide),tonnes,81.6735
2022,Journey Energy Inc.,THUNDER MATZIWIN 13-36,Calgary,AB,,51.00676,-111.83832,Oil and gas extraction,Nitrogen oxides (expressed as nitrogen dioxide),tonnes,129.063
2022,Journey Energy Inc.,Countess 08-36-020-16 W4,Calgary,AB,,50.7374,-112.0849,Oil and gas extraction,Nitrogen oxides (expressed as nitrogen dioxide),tonnes,131.2809
2022,Journey Energy Inc.,02-26 Gas Plant,Calgary,AB,,53.5123,-115.6119,Oil and gas extraction,Nitrogen oxides (expressed as nitrogen dioxide),tonnes,292.1345
2022,Journey Energy Inc.,Ante Creek Multi-Well Gas Battery 05-26,Calgary,AB,,54.73964,-117.52749,Oil and gas extraction,Nitrogen oxides (expressed as nitrogen dioxide),tonnes,306.408
2022,Kelt Exploration,KELT WEMBLEY 11-31 MWGEB,Calgary,AB,,55.368673,-119.221196,Oil and gas extraction,Nitrogen oxides (expressed as nitrogen dioxide),tonnes,30.4021
2022,Lafarge Canada Inc. - WEST,"Lafarge Canada Inc., Greater Calgary, STAR Pit",Calgary,AB,T3R 1J3,51.1655,-114.222,Non-metallic mineral mining and quarrying,Nitrogen oxides (expressed as nitrogen dioxide),tonnes,38.3
2022,Loyal Energy (Canada) Operating Ltd.,Lookout Butte 4-13,Calgary,AB,T2P 0G5,49.1181,-113.6371,Oil and gas extraction,Nitrogen oxides (expressed as nitrogen dioxide),tonnes,133.07503
2022,Lycos Energy Inc.,Swimming 16-11-052-07W4 Pad,Calgary,AB,T2P 1M9,53.480651,-110.918764,Oil and gas extraction,Nitrogen oxides (expressed as nitrogen dioxide),tonnes,16.9982
2022,Lynx Energy ULC,Three Hills Creek Gas Battery 05-36,Calgary,AB,T2G 0P6,51.9599,-113.5627,Oil and gas extraction,Nitrogen oxides (expressed as nitrogen dioxide),tonnes,21.9669
2022,Lynx Energy ULC,Three Hills Creek Gas Battery 01-36,Calgary,AB,T2G 0P6,52.0429,-113.5791,Oil and gas extraction,Nitrogen oxides (expressed as nitrogen dioxide),tonnes,25.8136
2022,NTE Energy Canada Ltd,Willesden Green 01-25 Battery,Calgary,AB,T2P 1E5,52.64134,-115.15589,Oil and gas extraction,Nitrogen oxides (expressed as nitrogen dioxide),tonnes,19.538
2022,NuVista Energy Ltd.,Pipestone North 16-28-71-09W6 GS,Calgary,AB,T2P 1G1,55.18332,-119.31112,Oil and gas extraction,Nitrogen oxides (expressed as nitrogen dioxide),tonnes,74.65818
2022,Obsidian Energy Ltd.,Pembina Oil Battery 14-02,Calgary,AB,,53.292495,-115.357613,Oil and gas extraction,Nitrogen oxides (expressed as nitrogen dioxide),tonnes,0.255
2022,Obsidian Energy Ltd.,CDNOXY PEMBINA H BATTERY 6-22,Calgary,AB,,53.32886,-115.235742,Oil and gas extraction,Nitrogen oxides (expressed as nitrogen dioxide),tonnes,0.4419
2022,Obsidian Energy Ltd.,Seal Bitumen Battery 13-08,Calgary,AB,,56.0993,-116.3208,Oil and gas extraction,Nitrogen oxides (expressed as nitrogen dioxide),tonnes,3.888
2022,Obsidian Energy Ltd.,Penn West Cadotte Multi Well Battery 13-27,Calgary,AB,,56.230153,-116.765117,Oil and gas extraction,Nitrogen oxides (expressed as nitrogen dioxide),tonnes,4.6593
2022,Obsidian Energy Ltd.,Battery 06-31-082-17W5,Calgary,AB,,56.150718,-116.653559,Oil and gas extraction,Nitrogen oxides (expressed as nitrogen dioxide),tonnes,8.9781
2022,Obsidian Energy Ltd.,Willesden Green Sweet Gas Plant 14-01,Calgary,AB,,52.5941,-114.8793,Oil and gas extraction,Nitrogen oxides (expressed as nitrogen dioxide),tonnes,29.0217
2022,Obsidian Energy Ltd.,Seal 09-15-084-14W5 GP,Calgary,AB,,56.282,-116.112,Oil and gas extraction,Nitrogen oxides (expressed as nitrogen dioxide),tonnes,36.7351
2022,Obsidian Energy Ltd.,Battery 14-26,Calgary,AB,,53.437677,-115.22074,Oil and gas extraction,Nitrogen oxides (expressed as nitrogen dioxide),tonnes,39.2117
2022,Obsidian Energy Ltd.,Willesden Green Sweet Gas Plant 13-27,Calgary,AB,,52.6504,-115.0808,Oil and gas extraction,Nitrogen oxides (expressed as nitrogen dioxide),tonnes,61.7145
2022,Obsidian Energy Ltd.,Harmon Valley SAGD South Pilot 07-06,Calgary,AB,,56.164712,-116.673082,Oil and gas extraction,Nitrogen oxides (expressed as nitrogen dioxide),tonnes,141.6327
2022,Pathfinder Energy Ltd.,Rocky Mountain House Gas-fired Power Plant,Calgary,AB,T3L 3A1,52.65242,-115.0806,"Electric power generation, transmission and distribution",Nitrogen oxides (expressed as nitrogen dioxide),tonnes,14.691
2022,Pembina Pipeline Corporation,Kakwa River Gas Plant 08-13-063-05W6,Calgary,AB,,54.448884,-118.594666,Oil and gas extraction,Nitrogen oxides (expressed as nitrogen dioxide),tonnes,431.0868
2022,PetroChina Canada Ltd.,Mackay River Commercial Program,Calgary,AB,T2P 3H9,56.79043,-112.09594,Oil and gas extraction,Nitrogen oxides (expressed as nitrogen dioxide),tonnes,154.3595
2022,Petrus Resources Ltd.,PINNACLE COOKING LAKE 4-16,Calgary,AB,,53.48504,-112.8989,Oil and gas extraction,Nitrogen oxides (expressed as nitrogen dioxide),tonnes,20.5214
2022,PIERIDAE ALBERTA PRODUCTION LTD.,Shell Canada Limited 08-16,Calgary,AB,,51.829653,-115.350985,Oil and gas extraction,Nitrogen oxides (expressed as nitrogen dioxide),tonnes,0.5806
2022,PIERIDAE ALBERTA PRODUCTION LTD.,Shell Canada Limited 03-13,Calgary,AB,,51.126,-114.714,Oil and gas extraction,Nitrogen oxides (expressed as nitrogen dioxide),tonnes,0.6585
2022,PIERIDAE ALBERTA PRODUCTION LTD.,Limestone CS 05-12,Calgary,AB,,51.815,-115.296,Oil and gas extraction,Nitrogen oxides (expressed as nitrogen dioxide),tonnes,0.7392
2022,PIERIDAE ALBERTA PRODUCTION LTD.,Mclean Creek Dehy 16-09-022-06W5,Calgary,AB,,50.8618,-114.7677,Oil and gas extraction,Nitrogen oxides (expressed as nitrogen dioxide),tonnes,15.3485
2022,PIERIDAE ALBERTA PRODUCTION LTD.,Lynx,Calgary,AB,,54.1757,-119.5344,Oil and gas extraction,Nitrogen oxides (expressed as nitrogen dioxide),tonnes,26.4661
2022,PIERIDAE ALBERTA PRODUCTION LTD.,Shell Canada Limited 10-17,Calgary,AB,,49.387,-114.236,Oil and gas extraction,Nitrogen oxides (expressed as nitrogen dioxide),tonnes,28.6348
2022,PIERIDAE ALBERTA PRODUCTION LTD.,Jumping Pound 14-32-025-06W5 CS,Calgary,AB,,51.1815,-114.806,Oil and gas extraction,Nitrogen oxides (expressed as nitrogen dioxide),tonnes,30.8248
2022,PIERIDAE ALBERTA PRODUCTION LTD.,Jumping Pound 5-7 Well site compressor,Calgary,AB,T2P 4V8,51.1182,-114.5558,Oil and gas extraction,Nitrogen oxides (expressed as nitrogen dioxide),tonnes,31.3854
2022,PIERIDAE ALBERTA PRODUCTION LTD.,Cordel Compressor Station 03-36-042-16W5,Calgary,AB,,52.6539,-116.1814,Oil and gas extraction,Nitrogen oxides (expressed as nitrogen dioxide),tonnes,33.4926
2022,PIERIDAE ALBERTA PRODUCTION LTD.,Shell Canada Limited 04-10,Calgary,AB,,49.365,-114.201,Oil and gas extraction,Nitrogen oxides (expressed as nitrogen dioxide),tonnes,37.1407
2022,PIERIDAE ALBERTA PRODUCTION LTD.,ekwan,Calgary,BC,,58.8311,-121.3859,Oil and gas extraction,Nitrogen oxides (expressed as nitrogen dioxide),tonnes,52.0362
2022,PIERIDAE ALBERTA PRODUCTION LTD.,Benjamin Compressor Station 16-28-028-08W5,Calgary,AB,,51.42938,-115.05918,Oil and gas extraction,Nitrogen oxides (expressed as nitrogen dioxide),tonnes,120.4442
2022,PIERIDAE ALBERTA PRODUCTION LTD.,Findley 09-24,Calgary,AB,,53.9431,-118.7466,Oil and gas extraction,Nitrogen oxides (expressed as nitrogen dioxide),tonnes,158.6493
2022,PIERIDAE ALBERTA PRODUCTION LTD.,Hanlan Compressor Station 09-09-045-16W5,Calgary,AB,,52.867,-116.2531,Oil and gas extraction,Nitrogen oxides (expressed as nitrogen dioxide),tonnes,179.944
2022,PIERIDAE ALBERTA PRODUCTION LTD.,Palliser,Calgary,AB,,54.3245,-119.8158,Oil and gas extraction,Nitrogen oxides (expressed as nitrogen dioxide),tonnes,306.842
2022,PIERIDAE ALBERTA PRODUCTION LTD.,Jumping Pound Complex,Calgary,AB,T2P 4V8,51.13696,-114.58262,Oil and gas extraction,Nitrogen oxides (expressed as nitrogen dioxide),tonnes,338.644
2022,PIERIDAE ALBERTA PRODUCTION LTD.,Moose Mountain Compressor Station,Calgary,AB,T2P 4V8,50.8894,-114.7618,Oil and gas extraction,Nitrogen oxides (expressed as nitrogen dioxide),tonnes,767.5
2022,Pine Cliff Energy Ltd.,ABBT0082110 (NPRI - tank),Calgary,AB,,51.45072,-111.7895,Oil and gas extraction,Nitrogen oxides (expressed as nitrogen dioxide),tonnes,0.23668
2022,Pine Cliff Energy Ltd.,Three Hills GP 10-6,Calgary,AB,T2R 1J4,51.71628,-113.25,Oil and gas extraction,Nitrogen oxides (expressed as nitrogen dioxide),tonnes,14.85699
2022,Pine Cliff Energy Ltd.,Greater Edson 06-04,Calgary,AB,T2R 1J4,53.808542,-116.172594,Oil and gas extraction,Nitrogen oxides (expressed as nitrogen dioxide),tonnes,19.14619
2022,Pine Cliff Energy Ltd.,Drumheller Compressor Station 16-24-029-19W4,Calgary,AB,,51.50148,-112.5395,Oil and gas extraction,Nitrogen oxides (expressed as nitrogen dioxide),tonnes,22.53345
2022,Pine Cliff Energy Ltd.,Michichi Compressor Station 13-20-031-18W4,Calgary,AB,,51.676129,-112.529611,Oil and gas extraction,Nitrogen oxides (expressed as nitrogen dioxide),tonnes,26.84705
2022,Pine Cliff Energy Ltd.,Rowley North Gathering System 16-24-032-20W4,Calgary,AB,,51.76348,-112.701,Oil and gas extraction,Nitrogen oxides (expressed as nitrogen dioxide),tonnes,30.34181
2022,Pine Cliff Energy Ltd.,Ghost Pine Compressor Station 04-09-031-20W4,Calgary,AB,,51.63618,-112.7893,Oil and gas extraction,Nitrogen oxides (expressed as nitrogen dioxide),tonnes,33.04127
2022,Pine Cliff Energy Ltd.,CPC Trochu 16-32 GGS,Calgary,AB,T2R 1J4,51.880064,-113.362274,Oil and gas extraction,Nitrogen oxides (expressed as nitrogen dioxide),tonnes,158.73978
2022,Pipestone Energy Corp.,12- 14 Elmworth,Calgary,AB,T2P 5C5,55.0643,-118.9638,Oil and gas extraction,Nitrogen oxides (expressed as nitrogen dioxide),tonnes,39.4259
2022,Questerre Energy Corporation,SKBTS4L6146 PETROBAKKEN RYERSON 1-2-9-31,Calgary,SK,T2P 3W2,49.71172,-101.57986,Oil and gas extraction,Nitrogen oxides (expressed as nitrogen dioxide),tonnes,1.066
2022,Questerre Energy Corporation,ABBT0124424 01-27-004-05W4,Calgary,SK,T2P 3W2,49.71172,-101.57986,Oil and gas extraction,Nitrogen oxides (expressed as nitrogen dioxide),tonnes,1.199
2022,Questerre Energy Corporation,SKBTS4L8998 HIGHROCK FRYS E 16-09-09-31W1,Calgary,AB,T2P 3W2,57.191,-111.5539,Oil and gas extraction,Nitrogen oxides (expressed as nitrogen dioxide),tonnes,3.198
2022,Questerre Energy Corporation,SKBTB4L3993 HIGHROCK RYERSON HZ,Calgary,SK,T2P 3W2,49.73379,-101.62558,Oil and gas extraction,Nitrogen oxides (expressed as nitrogen dioxide),tonnes,4.965
2022,Questerre Energy Corporation,SKBTB4L3867 QUESTERRE RYERSON 13-1,Calgary,SK,T2P 3W2,49.722319,-101.57346,Oil and gas extraction,Nitrogen oxides (expressed as nitrogen dioxide),tonnes,9.762
2022,Ridgeback Resources Inc.,PETROBAKKEN INNES 12-22-7-11W2,Calgary,SK,T2P 1G1,49.5746,-103.428,Oil and gas extraction,Nitrogen oxides (expressed as nitrogen dioxide),tonnes,2.4112
2022,Saturn Oil & Gas Inc.,Alameda Oil Battery 11-23-002-34W1,Calgary,SK,T2P 1G1,49.1755,-101.7978,Oil and gas extraction,Nitrogen oxides (expressed as nitrogen dioxide),tonnes,1.5931
2022,Spartan Delta Corp.,Alder Flats Gas Plant 10-09,Calgary,AB,T2P 0H7,52.86764,-115.0983,Oil and gas extraction,Nitrogen oxides (expressed as nitrogen dioxide),tonnes,116.59013
2022,Strathcona Resources Ltd.,Edgerton 01-24,Calgary,AB,,52.8868,-110.4402,Oil and gas extraction,Nitrogen oxides (expressed as nitrogen dioxide),tonnes,0.9758
2022,Strathcona Resources Ltd.,PARA 16-08-061-03W6 - MWGB,Calgary,AB,,54.31049,-118.371709,Oil and gas extraction,Nitrogen oxides (expressed as nitrogen dioxide),tonnes,1.7777
2022,Strathcona Resources Ltd.,Lator 02-06-063-02W6,Calgary,AB,,54.4161,-118.2866,Oil and gas extraction,Nitrogen oxides (expressed as nitrogen dioxide),tonnes,31.8867
2022,Strathcona Resources Ltd.,Jayar 04-27,Calgary,AB,,54.299643,-118.37179,Oil and gas extraction,Nitrogen oxides (expressed as nitrogen dioxide),tonnes,60.8859
2022,Strathcona Resources Ltd.,Jayar 14-29,Calgary,AB,,54.309734,-118.417199,Oil and gas extraction,Nitrogen oxides (expressed as nitrogen dioxide),tonnes,136.2527
2022,Strathcona Resources Ltd.,Resthaven Sweet Gas Plant,Calgary,AB,,54.2253,-118.3052,Oil and gas extraction,Nitrogen oxides (expressed as nitrogen dioxide),tonnes,220.0992
2022,Strathcona Resources Ltd.,Resthaven Gas Battery 02-16,Calgary,AB,,54.184783,-118.080993,Oil and gas extraction,Nitrogen oxides (expressed as nitrogen dioxide),tonnes,232.0399
2022,Strathcona Resources Ltd.,LINDBERGH SAGD 04-25,Calgary,AB,T2P 4K9,54.03691,-110.62095,Oil and gas extraction,Nitrogen oxides (expressed as nitrogen dioxide),tonnes,297.3306
2022,Sun Century Petroleum Corporation,SCPC Fenn West Gas Plant 14-18,Calgary,AB,,52.163002,-113.335056,Oil and gas extraction,Nitrogen oxides (expressed as nitrogen dioxide),tonnes,29.0972
2022,Sun Century Petroleum Corporation,Delburne Sweet Gas Plant 10-08,Calgary,AB,,52.1665,-113.2563,Oil and gas extraction,Nitrogen oxides (expressed as nitrogen dioxide),tonnes,190.2175
2022,Taqa North Ltd.,Crimson 13-15-040-09W5 SWB,Calgary,AB,T2P 0H7,52.62782,-115.369584,Oil and gas extraction,Nitrogen oxides (expressed as nitrogen dioxide),tonnes,0.3928
2022,Taqa North Ltd.,TAQA Ferrier 09-03-042-10W5,Calgary,AB,T2P 0H7,52.591307,-115.348744,Oil and gas extraction,Nitrogen oxides (expressed as nitrogen dioxide),tonnes,0.7848
2022,Taqa North Ltd.,TAQA 03-02-040-09W5 (4-14 SWB),Calgary,AB,T2P 0H7,52.4202,-115.1985,Oil and gas extraction,Nitrogen oxides (expressed as nitrogen dioxide),tonnes,0.8552
2022,Taqa North Ltd.,TAQA 03/04-02-040-09W5 (4-14 SWB),Calgary,AB,T2P 0H7,51.93134,-114.85515,Oil and gas extraction,Nitrogen oxides (expressed as nitrogen dioxide),tonnes,0.8903
2022,Taqa North Ltd.,NRK North Ferrier 5-10-42-9-W5 ABBT0081372,Calgary,AB,T2P 0H7,52.6013,-115.2216,Oil and gas extraction,Nitrogen oxides (expressed as nitrogen dioxide),tonnes,2.5788
2022,Taqa North Ltd.,PCR FERRIER 7-16 COMP.,Calgary,AB,T2P 0H7,52.70332,-115.39141,Oil and gas extraction,Nitrogen oxides (expressed as nitrogen dioxide),tonnes,16.0779
2022,The Calgary Airport Authority,THE CALGARY AIRPORT AUTHORITY - CALGARY,Calgary,AB,T2E 6W5,51.1307,-114.009,Scheduled air transportation,Nitrogen oxides (expressed as nitrogen dioxide),tonnes,41.70583
2022,Tourmaline Oil Corp,Progress 04-22 Oil Battery,Calgary,AB,,55.856157,-119.171521,Oil and gas extraction,Nitrogen oxides (expressed as nitrogen dioxide),tonnes,0.5619
2022,Tourmaline Oil Corp,RSRL GORDONDALE 08-01-079-10-W6M BTY,Calgary,AB,,55.816978,-119.413821,Oil and gas extraction,Nitrogen oxides (expressed as nitrogen dioxide),tonnes,0.6394
2022,Tourmaline Oil Corp,Tourmaline Mulligan Terminal (03-08-079-09 W6M),Calgary,AB,,55.82708,-119.37367,Oil and gas extraction,Nitrogen oxides (expressed as nitrogen dioxide),tonnes,2.8837
2022,Tourmaline Oil Corp,Tourmaline Solomon Gas Plant (15-20-053-27-W5),Calgary,AB,,53.59928,-117.94255,Oil and gas extraction,Nitrogen oxides (expressed as nitrogen dioxide),tonnes,5.3923
2022,Tourmaline Oil Corp,TOURMALINE LAPRISE D-27-I TT,Calgary,BC,,56.94118,-122.07909,Oil and gas extraction,Nitrogen oxides (expressed as nitrogen dioxide),tonnes,5.6993
2022,Tourmaline Oil Corp,Spirit River 13-28-78-8w6 GGS,Calgary,AB,,55.79411,-119.18634,Oil and gas extraction,Nitrogen oxides (expressed as nitrogen dioxide),tonnes,10.5931
2022,Tourmaline Oil Corp,RSRL MIRAGE BTY 01-05-080-08-W6M,Calgary,AB,,55.899876,-119.204379,Oil and gas extraction,Nitrogen oxides (expressed as nitrogen dioxide),tonnes,11.8321
2022,Tourmaline Oil Corp,Spirit River 06-09-077-07-W6 Tank Farm,Calgary,AB,,55.655906,-119.024903,Oil and gas extraction,Nitrogen oxides (expressed as nitrogen dioxide),tonnes,18.7985
2022,Tourmaline Oil Corp,Sunrise 15-34-079-17-W6,Calgary,BC,,55.89665,-120.56939,Oil and gas extraction,Nitrogen oxides (expressed as nitrogen dioxide),tonnes,19.9708
2022,Tourmaline Oil Corp,Hanlan 16-16 CS,Calgary,AB,,53.05969,-116.71056,Oil and gas extraction,Nitrogen oxides (expressed as nitrogen dioxide),tonnes,22.4011
2022,Tourmaline Oil Corp,Boundary Lake 08-12-088-15W6,Calgary,BC,,56.6207,-120.2465,Oil and gas extraction,Nitrogen oxides (expressed as nitrogen dioxide),tonnes,30.699
2022,Tourmaline Oil Corp,Conroy D-48-C/94-H-12,Calgary,BC,,57.53822,-121.84416,Oil and gas extraction,Nitrogen oxides (expressed as nitrogen dioxide),tonnes,35.0449
2022,Tourmaline Oil Corp,Kakwa Gas Plant 07-09-062-08 W6M,Calgary,AB,,54.346751,-119.134195,Oil and gas extraction,Nitrogen oxides (expressed as nitrogen dioxide),tonnes,35.2748
2022,Tourmaline Oil Corp,Tourmaline 12-06-081-07-W6,Calgary,AB,,55.99437,-119.093254,Oil and gas extraction,Nitrogen oxides (expressed as nitrogen dioxide),tonnes,35.3704
2022,Tourmaline Oil Corp,MIRAGE 04-20-79-07W6,Calgary,AB,,55.856171,-119.067173,Oil and gas extraction,Nitrogen oxides (expressed as nitrogen dioxide),tonnes,39.293
2022,Tourmaline Oil Corp,Wapiti 4-9-66-8W6M MWB,Calgary,AB,,54.692575,-119.155128,Oil and gas extraction,Nitrogen oxides (expressed as nitrogen dioxide),tonnes,39.5599
2022,Tourmaline Oil Corp,Wildhay 11-22,Calgary,AB,,53.76832,-117.48534,Oil and gas extraction,Nitrogen oxides (expressed as nitrogen dioxide),tonnes,42.0467
2022,Tourmaline Oil Corp,Birley Umbach A-072-F/094-H-03,Calgary,BC,,57.49334,-121.67716,Oil and gas extraction,Nitrogen oxides (expressed as nitrogen dioxide),tonnes,43.0696
2022,Tourmaline Oil Corp,Crew Edson 16-10-052-15 W5,Calgary,AB,,53.4779,-116.124,Oil and gas extraction,Nitrogen oxides (expressed as nitrogen dioxide),tonnes,45.909
2022,Tourmaline Oil Corp,Resthaven 3-16 Gas Plant,Calgary,AB,,54.18319,-118.2408,Oil and gas extraction,Nitrogen oxides (expressed as nitrogen dioxide),tonnes,49.632
2022,Tourmaline Oil Corp,RSRL GORDONDALE BTY 14-22-079-09-W6M,Calgary,AB,,55.866132,-119.322366,Oil and gas extraction,Nitrogen oxides (expressed as nitrogen dioxide),tonnes,51.7814
2022,Tourmaline Oil Corp,Wapiti 11-25-66-8W6M Comp Stn,Calgary,AB,,54.743518,-119.073283,Oil and gas extraction,Nitrogen oxides (expressed as nitrogen dioxide),tonnes,56.0649
2022,Tourmaline Oil Corp,Dawson/Doe 1-32-80-15 W6,Calgary,BC,,55.97255,-120.29903,Oil and gas extraction,Nitrogen oxides (expressed as nitrogen dioxide),tonnes,57.5484
2022,Tourmaline Oil Corp,Aitken Comp Stn a-011-A,Calgary,BC,,57.01042,-122.00312,Oil and gas extraction,Nitrogen oxides (expressed as nitrogen dioxide),tonnes,62.4449
2022,Tourmaline Oil Corp,Jedney Comp Stn C-007-H,Calgary,BC,,57.08958,-122.08437,Oil and gas extraction,Nitrogen oxides (expressed as nitrogen dioxide),tonnes,62.7065
2022,Tourmaline Oil Corp,Sundown B-067-H/093-P-10,Calgary,BC,,55.63536,-120.58595,Oil and gas extraction,Nitrogen oxides (expressed as nitrogen dioxide),tonnes,66.0953
2022,Tourmaline Oil Corp,Kakwa Gas Battery 04-26-061-05W6,Calgary,AB,,54.3025,-118.6442,Oil and gas extraction,Nitrogen oxides (expressed as nitrogen dioxide),tonnes,66.2154
2022,Tourmaline Oil Corp,Leland Comp Stn 14-34-058-26-W5,Calgary,AB,,54.0629,-117.7826,Oil and gas extraction,Nitrogen oxides (expressed as nitrogen dioxide),tonnes,66.5968
2022,Tourmaline Oil Corp,Tourmaline West Doe Gas Plant (13-25-080-16 W6M),Calgary,BC,,55.97092,-120.368337,Oil and gas extraction,Nitrogen oxides (expressed as nitrogen dioxide),tonnes,69.8271
2022,Tourmaline Oil Corp,Oldman 10-24,Calgary,AB,,53.8556,-116.9836,Oil and gas extraction,Nitrogen oxides (expressed as nitrogen dioxide),tonnes,70.0301
2022,Tourmaline Oil Corp,Tourmaline West Wolf Lake Gas Plant (10-03-052-17 W5M),Calgary,AB,,53.462965,-116.418505,Oil and gas extraction,Nitrogen oxides (expressed as nitrogen dioxide),tonnes,74.8067
2022,Tourmaline Oil Corp,Red Rock Gas Battery 09-07-062-06W6,Calgary,AB,,54.35037,-118.87809,Oil and gas extraction,Nitrogen oxides (expressed as nitrogen dioxide),tonnes,77.2158
2022,Tourmaline Oil Corp,Lynx 01-24-060-08 W6M,Calgary,AB,,54.1989,-119.0529,Oil and gas extraction,Nitrogen oxides (expressed as nitrogen dioxide),tonnes,79.2547
2022,Tourmaline Oil Corp,Martin Creek Sour Gas Plant b-002-E/094-H-06,Calgary,BC,,57.3353,-121.3979,Oil and gas extraction,Nitrogen oxides (expressed as nitrogen dioxide),tonnes,80.1983
2022,Tourmaline Oil Corp,Gundy A-021-I,Calgary,BC,,56.68376,-122.0075,Oil and gas extraction,Nitrogen oxides (expressed as nitrogen dioxide),tonnes,80.6447
2022,Tourmaline Oil Corp,Smoky 01-12-058-02-W6,Calgary,AB,,53.99404,-118.151921,Oil and gas extraction,Nitrogen oxides (expressed as nitrogen dioxide),tonnes,81.2138
2022,Tourmaline Oil Corp,Black Conroy Comp Stn b-094-J/094-H-05,Calgary,BC,,57.4936,-121.6733,Oil and gas extraction,Nitrogen oxides (expressed as nitrogen dioxide),tonnes,84.6717
2022,Tourmaline Oil Corp,Tourmaline Doe Gas Plant (02-11-080-16 W6M),Calgary,BC,,55.91377,-120.38232,Oil and gas extraction,Nitrogen oxides (expressed as nitrogen dioxide),tonnes,89.5617
2022,Tourmaline Oil Corp,Tourmaline Spirit River Gas Plant (03-10-077-07 W6M),Calgary,AB,,55.6545,-119.00147,Oil and gas extraction,Nitrogen oxides (expressed as nitrogen dioxide),tonnes,95.7515
2022,Tourmaline Oil Corp,Tourmaline Chin/09-29 Ggs,Calgary,AB,,54.65656,-119.91523,Oil and gas extraction,Nitrogen oxides (expressed as nitrogen dioxide),tonnes,100.7884
2022,Tourmaline Oil Corp,Kakwa Gas Processing 01-35-060-05W6,Calgary,AB,,54.2268,-118.6281,Oil and gas extraction,Nitrogen oxides (expressed as nitrogen dioxide),tonnes,101.2119
2022,Tourmaline Oil Corp,Wapiti 13-15-067-08W6M MWB,Calgary,AB,,54.80565,-119.14339,Oil and gas extraction,Nitrogen oxides (expressed as nitrogen dioxide),tonnes,113.9603
2022,Tourmaline Oil Corp,Tourmaline Sunrise Gas Plant (03-18-080-17 W6M),Calgary,BC,,55.9285,-120.6423,Oil and gas extraction,Nitrogen oxides (expressed as nitrogen dioxide),tonnes,121.5117
2022,Tourmaline Oil Corp,Devon Mirage 10-03,Calgary,AB,,55.81986,-119.00207,Oil and gas extraction,Nitrogen oxides (expressed as nitrogen dioxide),tonnes,132.5658
2022,Tourmaline Oil Corp,Aitken Creek Sour Gas Plant c-038-C,Calgary,BC,,57.02883,-121.84918,Oil and gas extraction,Nitrogen oxides (expressed as nitrogen dioxide),tonnes,151.6528
2022,Tourmaline Oil Corp,Tourmaline Gundy Gas Plant (C-060-A / 94-B-16),Calgary,BC,,56.801313,-122.121084,Oil and gas extraction,Nitrogen oxides (expressed as nitrogen dioxide),tonnes,165.2752
2022,Tourmaline Oil Corp,Mulligan Fourth Creek 15-13-082-09-W6,Calgary,AB,,56.1157,-119.2621,Oil and gas extraction,Nitrogen oxides (expressed as nitrogen dioxide),tonnes,167.7535
2022,Tourmaline Oil Corp,Obed 01-21,Calgary,AB,,53.761093,-117.349179,Oil and gas extraction,Nitrogen oxides (expressed as nitrogen dioxide),tonnes,174.6004
2022,Tourmaline Oil Corp,Duvernay Fir Central 09-29-057-21-W5,Calgary,AB,,53.9575,-117.0766,Oil and gas extraction,Nitrogen oxides (expressed as nitrogen dioxide),tonnes,200.6396
2022,Tourmaline Oil Corp,Cabin Creek Compressor Station,Calgary,AB,,53.7342,-118.3956,Oil and gas extraction,Nitrogen oxides (expressed as nitrogen dioxide),tonnes,205.4228
2022,Tourmaline Oil Corp,Laprise Gas Plant,Calgary,BC,,57.3535,-122.0505,Oil and gas extraction,Nitrogen oxides (expressed as nitrogen dioxide),tonnes,213.06
2022,Tourmaline Oil Corp,Aitken Creek Sour Gas Plant c-046-C,Calgary,BC,,57.03949,-121.82333,Oil and gas extraction,Nitrogen oxides (expressed as nitrogen dioxide),tonnes,222.0506
2022,Tourmaline Oil Corp,Nig Creek A-94-B/94-H-4,Calgary,BC,,57.0771,-121.6675,Oil and gas extraction,Nitrogen oxides (expressed as nitrogen dioxide),tonnes,268.1154
2022,Tourmaline Oil Corp,Tourmaline Wildhay Gas Plant (11-16-055-24 W5M),Calgary,AB,,53.75512,-117.50988,Oil and gas extraction,Nitrogen oxides (expressed as nitrogen dioxide),tonnes,301.6296
2022,Tourmaline Oil Corp,Tourmaline Edson Gas Plant (04-17-051-18-W5M),Calgary,AB,,52.874467,-116.029179,Oil and gas extraction,Nitrogen oxides (expressed as nitrogen dioxide),tonnes,314.7768
2022,Tourmaline Oil Corp,Tourmaline Ansell Plant (01-34-51-18 W5M),Calgary,AB,,53.44643,-116.545029,Oil and gas extraction,Nitrogen oxides (expressed as nitrogen dioxide),tonnes,315.9817
2022,Tourmaline Oil Corp,Tourmaline Columbia Gas Plant (15-36-044-15 W5M),Calgary,AB,,52.83944,-116.03732,Oil and gas extraction,Nitrogen oxides (expressed as nitrogen dioxide),tonnes,366.0311
2022,Tourmaline Oil Corp,Tourmaline Banshee Plant (15-12-050-21 W5M),Calgary,AB,,53.30683,-116.93588,Oil and gas extraction,Nitrogen oxides (expressed as nitrogen dioxide),tonnes,391.5723
2022,Tourmaline Oil Corp,Tourmaline Berland Gas Plant (14-15-059-24-W5M),Calgary,AB,,54.106806,-117.516746,Oil and gas extraction,Nitrogen oxides (expressed as nitrogen dioxide),tonnes,408.8422
2022,Tourmaline Oil Corp,Tourmaline Anderson Gas Plant (01-09-051-24 W5M),Calgary,AB,,53.38259,-117.4668,Oil and gas extraction,Nitrogen oxides (expressed as nitrogen dioxide),tonnes,429.2264
2022,Tourmaline Oil Corp,Wroe 8-12,Calgary,AB,,53.9144,-117.5737,Oil and gas extraction,Nitrogen oxides (expressed as nitrogen dioxide),tonnes,487.231
2022,Tourmaline Oil Corp,Tourmaline Med Lodge Gas Plant (14-03-052-23W5),Calgary,SK,,49.51922,-101.41762,Oil and gas extraction,Nitrogen oxides (expressed as nitrogen dioxide),tonnes,487.7326
2022,Tourmaline Oil Corp,Tourmaline Cecilia Gas Plant (15-04-058-23 W5M),Calgary,AB,,53.990234,-117.355302,Oil and gas extraction,Nitrogen oxides (expressed as nitrogen dioxide),tonnes,591.174
2022,Tourmaline Oil Corp,Harley 08-10-057-27-W5,Calgary,AB,,53.9101,-117.9189,Oil and gas extraction,Nitrogen oxides (expressed as nitrogen dioxide),tonnes,719.255
2022,Tourmaline Oil Corp,Tourmaline Hinton Gas Plant (06-32-51-25 W5M),Calgary,AB,,53.44318,-117.6554,Oil and gas extraction,Nitrogen oxides (expressed as nitrogen dioxide),tonnes,812.2117
2022,Tourmaline Oil Corp,Sundance 15-07,Calgary,AB,,53.6556,-117.0817,Oil and gas extraction,Nitrogen oxides (expressed as nitrogen dioxide),tonnes,864.098
2022,Tourmaline Oil Corp,Tourmaline Musreau 02/09-13-062-06-W6,Calgary,AB,,54.362358,-118.75371,Oil and gas extraction,Nitrogen oxides (expressed as nitrogen dioxide),tonnes,869.7906
2022,Tourmaline Oil Corp,Spirit River 06-03-078-07 W6,Calgary,AB,,55.7332,-118.9989,Oil and gas extraction,Nitrogen oxides (expressed as nitrogen dioxide),tonnes,1078.6661
2022,Tourmaline Oil Corp,Horse 16-17-058-26-W5,Calgary,AB,,54.0193,-117.8199,Oil and gas extraction,Nitrogen oxides (expressed as nitrogen dioxide),tonnes,1490.9813
2022,Tourmaline Oil Corp,Tourmaline Wildriver Gas Plant (14-20-056-23 W5M),Calgary,AB,,53.8579,-117.3846,Oil and gas extraction,Nitrogen oxides (expressed as nitrogen dioxide),tonnes,1856.2118
2022,University of Calgary,Central Heating and Cooling Plant,Calgary,AB,T2N 1N4,51.0749,-114.1387,Universities,Nitrogen oxides (expressed as nitrogen dioxide),tonnes,58.401
2022,Westbrick Energy Ltd (1),Anderson Wolf South 14-03 GGS,Calgary,AB,T2P 0R3,53.29242,-115.96724,Oil and gas extraction,Nitrogen oxides (expressed as nitrogen dioxide),tonnes,25.3461
2022,Westbrick Energy Ltd (1),Velvet 16-23-054-17W5,Calgary,AB,T2P 0R3,53.68324,-116.3903,Oil and gas extraction,Nitrogen oxides (expressed as nitrogen dioxide),tonnes,61.3543
2022,Westbrick Energy Ltd (1),Velvet 09-04-056-17W5,Calgray,AB,T2P 0R3,53.81207,-116.45727,Oil and gas extraction,Nitrogen oxides (expressed as nitrogen dioxide),tonnes,125.2391
2022,Zargon Oil and Gas Ltd.,Jarrod Little Bow 6-14,Calgary,AB,T2P 0H3,50.17115,-112.496157,Oil and gas extraction,Nitrogen oxides (expressed as nitrogen dioxide),tonnes,0.2161
2022,Zargon Oil and Gas Ltd.,Morinville 2-20-55-25 W4M,Calgary,AB,T2P 0H3,53.7617,-113.6791,Oil and gas extraction,Nitrogen oxides (expressed as nitrogen dioxide),tonnes,0.3449
2022,Zargon Oil and Gas Ltd.,Mission Tabers (00-14-11-008-17W4),Calgary,AB,,49.78,-112.15,Oil and gas extraction,Nitrogen oxides (expressed as nitrogen dioxide),tonnes,0.6234
2022,Zargon Oil and Gas Ltd.,Crestar Little Bow (00-16-31-014-18W4),Calgary,AB,,50.220749,-112.441573,Oil and gas extraction,Nitrogen oxides (expressed as nitrogen dioxide),tonnes,22.0707
2022,Zargon Oil and Gas Ltd.,TAQA LAPRISE B-40-E/94-H-5,Calgary,BC,T2P 1K3,57.3604,-121.9969,Oil and gas extraction,Nitrogen oxides (expressed as nitrogen dioxide),tonnes,163.61
