Year,Company_Name,Facility_Name,City,Province,Postal_Code,Latitude,Longitude,Sector_Name,Substance_Name,Units,Total_Air_Emissions
2022,Archer Exploration Corp.,ARCHER 09-25-074-08W6 MWOB & GS,Calgary,AB,,55.441492,-119.080359,Oil and gas extraction,Sulphur dioxide,tonnes,0.0314
2022,Blue Sky Resources Ltd.,Highwood Senex (02-02-22-094-04W5),Calgary,AB,,56.54,-115.256,Oil and gas extraction,Sulphur dioxide,tonnes,0.0026
2022,BTG Energy Inc,Certus 06-20-038-04-W5 Battery,Calgary,AB,T2P 3M3,52.28077,-114.54032,Oil and gas extraction,Sulphur dioxide,tonnes,12.2896
2022,BURNCO Rock Products Ltd,Burma Road Aggregate,Calgary,AB,T3R 1J3,51.185538,-114.221268,Non-metallic mineral mining and quarrying,Sulphur dioxide,tonnes,1.33
2022,BURNCO Rock Products Ltd,Springbank Aggregate,Calgary,AB,T3Z 3N4,51.07474,-114.24676,Non-metallic mineral mining and quarrying,Sulphur dioxide,tonnes,2.685
2022,BURNCO Rock Products Ltd,BLV Aggregate,Calgary,AB,T3R 1J3,51.1648,-114.21755,Non-metallic mineral mining and quarrying,Sulphur dioxide,tonnes,3.587
2022,Canadian Natural Resources Limited,ABBT0122253,Calgary,AB,T2P 4J8,54.8487,-119.224,Oil and gas extraction,Sulphur dioxide,tonnes,0
2022,Certus Oil and Gas Inc.,Med River 06-18-39-03-5,Calgary,AB,,52.35503,-114.42308,Oil and gas extraction,Sulphur dioxide,tonnes,0.1244
2022,City of Calgary,Fish Creek Wastewater Treatment Plant,Calgary,AB,T2J 5Z1,50.9127,-114.0118,"Water, sewage and other systems",Sulphur dioxide,tonnes,5.628
2022,City of Calgary,Pine Creek Wastewater Treatment Plant,Calgary,AB,T2X 1Z3,50.8589,-113.9885,"Water, sewage and other systems",Sulphur dioxide,tonnes,17.97
2022,City of Calgary,Bonnybrook Wastewater Treatment Plant,Calgary,AB,T2G 3M8,51.0128,-114.022,"Water, sewage and other systems",Sulphur dioxide,tonnes,77.307
2022,COR4 Oil,Imaginea Princess 07-08,Calgary,AB,T2P 3E7,50.593,-111.492,Oil and gas extraction,Sulphur dioxide,tonnes,0
2022,COR4 Oil,W Tide Lake 4-13 Battery,Calgary,AB,T2P 3E7,50.514632,-111.263215,Oil and gas extraction,Sulphur dioxide,tonnes,0
2022,CSV Midstream Solutions,Karr Sour Gas Processing Plant,Calgary,AB,T2P 0L4,54.709648,-118.600073,Oil and gas extraction,Sulphur dioxide,tonnes,214.9946
2022,DEL Canada GP Ltd.,Paleo 15-22-039-26W4 MWB,Calgary,AB,,52.373884,-113.660388,Oil and gas extraction,Sulphur dioxide,tonnes,159.2787
2022,Enercapita Energy Ltd.,Worsley 16-36-086-10 W6M,Calgary,AB,T2P 3A8,56.5061,-119.432,Oil and gas extraction,Sulphur dioxide,tonnes,0
2022,Enercapita Energy Ltd.,Boundary Lake 10-19-086-11 W6M,Calgary,AB,T2P 3A8,56.4739,-119.7222,Oil and gas extraction,Sulphur dioxide,tonnes,208.5485
2022,Evraz Recycling,Navajo Metals,Calgary,AB,T2H 2G7,51.00073,-114.03439,Remediation and other waste management services,Sulphur dioxide,tonnes,6.627
2022,Headwater Exploration Incorporated,Martin Hills Core 12-26,Calgary,AB,,55.44093,-113.74672,Oil and gas extraction,Sulphur dioxide,tonnes,0
2022,Headwater Exploration Incorporated,Martin Hills Core 10-35,Calgary,AB,,55.44906,-113.735086,Oil and gas extraction,Sulphur dioxide,tonnes,0.3858
2022,Journey Energy Inc.,Journey 06-01-046-02 W5,Calgary,AB,,52.9362,-114.1609,Oil and gas extraction,Sulphur dioxide,tonnes,0.664
2022,Journey Energy Inc.,Calcrude Cherhill 04-24-056-05 W5,Calgary,AB,,53.847,-114.6194,Oil and gas extraction,Sulphur dioxide,tonnes,5.2385
2022,Journey Energy Inc.,Genesee 05-30-049-03 W5,Calgary,AB,,53.2561,-114.4372,Oil and gas extraction,Sulphur dioxide,tonnes,5.3094
2022,Kelt Exploration,KELT WEMBLEY 11-31 MWGEB,Calgary,AB,,55.368673,-119.221196,Oil and gas extraction,Sulphur dioxide,tonnes,30.59409
2022,Loyal Energy (Canada) Operating Ltd.,Lookout Butte 4-13,Calgary,AB,T2P 0G5,49.1181,-113.6371,Oil and gas extraction,Sulphur dioxide,tonnes,9.558
2022,NuVista Energy Ltd.,Pipestone North 16-28-71-09W6 GS,Calgary,AB,T2P 1G1,55.18332,-119.31112,Oil and gas extraction,Sulphur dioxide,tonnes,0
2022,Obsidian Energy Ltd.,Battery 14-26,Calgary,AB,,53.437677,-115.22074,Oil and gas extraction,Sulphur dioxide,tonnes,0.0178
2022,Obsidian Energy Ltd.,Penn West Cadotte Multi Well Battery 13-27,Calgary,AB,,56.230153,-116.765117,Oil and gas extraction,Sulphur dioxide,tonnes,0.1352
2022,Obsidian Energy Ltd.,Seal Bitumen Battery 13-08,Calgary,AB,,56.0993,-116.3208,Oil and gas extraction,Sulphur dioxide,tonnes,0.1388
2022,Obsidian Energy Ltd.,Harmon Valley SAGD South Pilot 07-06,Calgary,AB,,56.164712,-116.673082,Oil and gas extraction,Sulphur dioxide,tonnes,0.5347
2022,Obsidian Energy Ltd.,Willesden Green Sweet Gas Plant 13-27,Calgary,AB,,52.6504,-115.0808,Oil and gas extraction,Sulphur dioxide,tonnes,0.7978
2022,Obsidian Energy Ltd.,Willesden Green Sweet Gas Plant 14-01,Calgary,AB,,52.5941,-114.8793,Oil and gas extraction,Sulphur dioxide,tonnes,1.7333
2022,Obsidian Energy Ltd.,Seal 09-15-084-14W5 GP,Calgary,AB,,56.282,-116.112,Oil and gas extraction,Sulphur dioxide,tonnes,2.0959
2022,Pathfinder Energy Ltd.,Rocky Mountain House Gas-fired Power Plant,Calgary,AB,T3L 3A1,52.65242,-115.0806,"Electric power generation, transmission and distribution",Sulphur dioxide,tonnes,0
2022,Pembina Pipeline Corporation,Kakwa River Gas Plant 08-13-063-05W6,Calgary,AB,,54.448884,-118.594666,Oil and gas extraction,Sulphur dioxide,tonnes,217.9378
2022,PetroChina Canada Ltd.,Mackay River Commercial Program,Calgary,AB,T2P 3H9,56.79043,-112.09594,Oil and gas extraction,Sulphur dioxide,tonnes,444.8237
2022,PIERIDAE ALBERTA PRODUCTION LTD.,Moose Mountain Compressor Station,Calgary,AB,T2P 4V8,50.8894,-114.7618,Oil and gas extraction,Sulphur dioxide,tonnes,0.00016
2022,PIERIDAE ALBERTA PRODUCTION LTD.,Cordel Compressor Station 03-36-042-16W5,Calgary,AB,,52.6539,-116.1814,Oil and gas extraction,Sulphur dioxide,tonnes,0.0022
2022,PIERIDAE ALBERTA PRODUCTION LTD.,Lynx,Calgary,AB,,54.1757,-119.5344,Oil and gas extraction,Sulphur dioxide,tonnes,0.1759
2022,PIERIDAE ALBERTA PRODUCTION LTD.,Shell Canada Limited 10-17,Calgary,AB,,49.387,-114.236,Oil and gas extraction,Sulphur dioxide,tonnes,0.1943
2022,PIERIDAE ALBERTA PRODUCTION LTD.,Shell Canada Limited 04-10,Calgary,AB,,49.365,-114.201,Oil and gas extraction,Sulphur dioxide,tonnes,0.3913
2022,PIERIDAE ALBERTA PRODUCTION LTD.,Jumping Pound 14-32-025-06W5 CS,Calgary,AB,,51.1815,-114.806,Oil and gas extraction,Sulphur dioxide,tonnes,1.8781
2022,PIERIDAE ALBERTA PRODUCTION LTD.,Shell Canada Limited 03-13,Calgary,AB,,51.126,-114.714,Oil and gas extraction,Sulphur dioxide,tonnes,4.5536
2022,PIERIDAE ALBERTA PRODUCTION LTD.,Mclean Creek Dehy 16-09-022-06W5,Calgary,AB,,50.8618,-114.7677,Oil and gas extraction,Sulphur dioxide,tonnes,9.9443
2022,PIERIDAE ALBERTA PRODUCTION LTD.,Limestone CS 05-12,Calgary,AB,,51.815,-115.296,Oil and gas extraction,Sulphur dioxide,tonnes,9.9697
2022,PIERIDAE ALBERTA PRODUCTION LTD.,Jumping Pound Complex,Calgary,AB,T2P 4V8,51.13696,-114.58262,Oil and gas extraction,Sulphur dioxide,tonnes,3613.23
2022,Ridgeback Resources Inc.,PETROBAKKEN INNES 12-22-7-11W2,Calgary,SK,T2P 1G1,49.5746,-103.428,Oil and gas extraction,Sulphur dioxide,tonnes,0.0213
2022,Saturn Oil & Gas Inc.,Alameda Oil Battery 11-23-002-34W1,Calgary,SK,T2P 1G1,49.1755,-101.7978,Oil and gas extraction,Sulphur dioxide,tonnes,0.0141
2022,Strathcona Resources Ltd.,Edgerton 01-24,Calgary,AB,,52.8868,-110.4402,Oil and gas extraction,Sulphur dioxide,tonnes,13.6657
2022,Strathcona Resources Ltd.,LINDBERGH SAGD 04-25,Calgary,AB,T2P 4K9,54.03691,-110.62095,Oil and gas extraction,Sulphur dioxide,tonnes,709.0869
2022,Taqa North Ltd.,Crimson 13-15-040-09W5 SWB,Calgary,AB,T2P 0H7,52.62782,-115.369584,Oil and gas extraction,Sulphur dioxide,tonnes,0.0028
2022,Taqa North Ltd.,TAQA Ferrier 09-03-042-10W5,Calgary,AB,T2P 0H7,52.591307,-115.348744,Oil and gas extraction,Sulphur dioxide,tonnes,0.0051
2022,Taqa North Ltd.,TAQA 03-02-040-09W5 (4-14 SWB),Calgary,AB,T2P 0H7,52.4202,-115.1985,Oil and gas extraction,Sulphur dioxide,tonnes,0.0061
2022,Taqa North Ltd.,TAQA 03/04-02-040-09W5 (4-14 SWB),Calgary,AB,T2P 0H7,51.93134,-114.85515,Oil and gas extraction,Sulphur dioxide,tonnes,0.00624
2022,Taqa North Ltd.,NRK North Ferrier 5-10-42-9-W5 ABBT0081372,Calgary,AB,T2P 0H7,52.6013,-115.2216,Oil and gas extraction,Sulphur dioxide,tonnes,0.0166
2022,Taqa North Ltd.,PCR FERRIER 7-16 COMP.,Calgary,AB,T2P 0H7,52.70332,-115.39141,Oil and gas extraction,Sulphur dioxide,tonnes,0.1027
2022,The Calgary Airport Authority,THE CALGARY AIRPORT AUTHORITY - CALGARY,Calgary,AB,T2E 6W5,51.1307,-114.009,Scheduled air transportation,Sulphur dioxide,tonnes,1.7122
2022,Tourmaline Oil Corp,Tourmaline Sunrise Gas Plant (03-18-080-17 W6M),Calgary,BC,,55.9285,-120.6423,Oil and gas extraction,Sulphur dioxide,tonnes,0.0001
2022,Tourmaline Oil Corp,Sundance 15-07,Calgary,AB,,53.6556,-117.0817,Oil and gas extraction,Sulphur dioxide,tonnes,0.0001
2022,Tourmaline Oil Corp,Horse 16-17-058-26-W5,Calgary,AB,,54.0193,-117.8199,Oil and gas extraction,Sulphur dioxide,tonnes,0.0001
2022,Tourmaline Oil Corp,Tourmaline Banshee Plant (15-12-050-21 W5M),Calgary,AB,,53.30683,-116.93588,Oil and gas extraction,Sulphur dioxide,tonnes,0.0001
2022,Tourmaline Oil Corp,Tourmaline West Doe Gas Plant (13-25-080-16 W6M),Calgary,BC,,55.97092,-120.368337,Oil and gas extraction,Sulphur dioxide,tonnes,0.0001
2022,Tourmaline Oil Corp,Tourmaline Cecilia Gas Plant (15-04-058-23 W5M),Calgary,AB,,53.990234,-117.355302,Oil and gas extraction,Sulphur dioxide,tonnes,0.0001
2022,Tourmaline Oil Corp,Resthaven 3-16 Gas Plant,Calgary,AB,,54.18319,-118.2408,Oil and gas extraction,Sulphur dioxide,tonnes,0.0001
2022,Tourmaline Oil Corp,Progress 04-22 Oil Battery,Calgary,AB,,55.856157,-119.171521,Oil and gas extraction,Sulphur dioxide,tonnes,0.0001
2022,Tourmaline Oil Corp,Tourmaline Berland Gas Plant (14-15-059-24-W5M),Calgary,AB,,54.106806,-117.516746,Oil and gas extraction,Sulphur dioxide,tonnes,0.0002
2022,Tourmaline Oil Corp,Red Rock Gas Battery 09-07-062-06W6,Calgary,AB,,54.35037,-118.87809,Oil and gas extraction,Sulphur dioxide,tonnes,0.0003
2022,Tourmaline Oil Corp,Tourmaline Gundy Gas Plant (C-060-A / 94-B-16),Calgary,BC,,56.801313,-122.121084,Oil and gas extraction,Sulphur dioxide,tonnes,0.0003
2022,Tourmaline Oil Corp,Kakwa Gas Processing 01-35-060-05W6,Calgary,AB,,54.2268,-118.6281,Oil and gas extraction,Sulphur dioxide,tonnes,0.0004
2022,Tourmaline Oil Corp,Kakwa Gas Plant 07-09-062-08 W6M,Calgary,AB,,54.346751,-119.134195,Oil and gas extraction,Sulphur dioxide,tonnes,0.0005
2022,Tourmaline Oil Corp,Sunrise 15-34-079-17-W6,Calgary,BC,,55.89665,-120.56939,Oil and gas extraction,Sulphur dioxide,tonnes,0.0006
2022,Tourmaline Oil Corp,Tourmaline Chin/09-29 Ggs,Calgary,AB,,54.65656,-119.91523,Oil and gas extraction,Sulphur dioxide,tonnes,0.0008
2022,Tourmaline Oil Corp,Tourmaline Mulligan Terminal (03-08-079-09 W6M),Calgary,AB,,55.82708,-119.37367,Oil and gas extraction,Sulphur dioxide,tonnes,0.0011
2022,Tourmaline Oil Corp,RSRL GORDONDALE 08-01-079-10-W6M BTY,Calgary,AB,,55.816978,-119.413821,Oil and gas extraction,Sulphur dioxide,tonnes,0.0011
2022,Tourmaline Oil Corp,Wapiti 13-15-067-08W6M MWB,Calgary,AB,,54.80565,-119.14339,Oil and gas extraction,Sulphur dioxide,tonnes,0.002
2022,Tourmaline Oil Corp,Leland Comp Stn 14-34-058-26-W5,Calgary,AB,,54.0629,-117.7826,Oil and gas extraction,Sulphur dioxide,tonnes,0.005
2022,Tourmaline Oil Corp,RSRL MIRAGE BTY 01-05-080-08-W6M,Calgary,AB,,55.899876,-119.204379,Oil and gas extraction,Sulphur dioxide,tonnes,0.0217
2022,Tourmaline Oil Corp,Jedney Comp Stn C-007-H,Calgary,BC,,57.08958,-122.08437,Oil and gas extraction,Sulphur dioxide,tonnes,0.5765
2022,Tourmaline Oil Corp,Aitken Comp Stn a-011-A,Calgary,BC,,57.01042,-122.00312,Oil and gas extraction,Sulphur dioxide,tonnes,2.5086
2022,Tourmaline Oil Corp,Black Conroy Comp Stn b-094-J/094-H-05,Calgary,BC,,57.4936,-121.6733,Oil and gas extraction,Sulphur dioxide,tonnes,2.7905
2022,Tourmaline Oil Corp,Boundary Lake 08-12-088-15W6,Calgary,BC,,56.6207,-120.2465,Oil and gas extraction,Sulphur dioxide,tonnes,3.3215
2022,Tourmaline Oil Corp,Birley Umbach A-072-F/094-H-03,Calgary,BC,,57.49334,-121.67716,Oil and gas extraction,Sulphur dioxide,tonnes,3.561
2022,Tourmaline Oil Corp,Martin Creek Sour Gas Plant b-002-E/094-H-06,Calgary,BC,,57.3353,-121.3979,Oil and gas extraction,Sulphur dioxide,tonnes,29.4117
2022,Tourmaline Oil Corp,Sundown B-067-H/093-P-10,Calgary,BC,,55.63536,-120.58595,Oil and gas extraction,Sulphur dioxide,tonnes,70.831
2022,Tourmaline Oil Corp,Tourmaline Spirit River Gas Plant (03-10-077-07 W6M),Calgary,AB,,55.6545,-119.00147,Oil and gas extraction,Sulphur dioxide,tonnes,117.0458
2022,Tourmaline Oil Corp,Aitken Creek Sour Gas Plant c-038-C,Calgary,BC,,57.02883,-121.84918,Oil and gas extraction,Sulphur dioxide,tonnes,129.202
2022,Tourmaline Oil Corp,Conroy D-48-C/94-H-12,Calgary,BC,,57.53822,-121.84416,Oil and gas extraction,Sulphur dioxide,tonnes,187.5355
2022,Tourmaline Oil Corp,Laprise Gas Plant,Calgary,BC,,57.3535,-122.0505,Oil and gas extraction,Sulphur dioxide,tonnes,323.2755
2022,Tourmaline Oil Corp,Aitken Creek Sour Gas Plant c-046-C,Calgary,BC,,57.03949,-121.82333,Oil and gas extraction,Sulphur dioxide,tonnes,467.53
2022,Tourmaline Oil Corp,Tourmaline Doe Gas Plant (02-11-080-16 W6M),Calgary,BC,,55.91377,-120.38232,Oil and gas extraction,Sulphur dioxide,tonnes,555.1102
2022,Westbrick Energy Ltd (1),Anderson Wolf South 14-03 GGS,Calgary,AB,T2P 0R3,53.29242,-115.96724,Oil and gas extraction,Sulphur dioxide,tonnes,0.0043
2022,Westbrick Energy Ltd (1),Velvet 16-23-054-17W5,Calgary,AB,T2P 0R3,53.68324,-116.3903,Oil and gas extraction,Sulphur dioxide,tonnes,0.0108
2022,Westbrick Energy Ltd (1),Velvet 09-04-056-17W5,Calgray,AB,T2P 0R3,53.81207,-116.45727,Oil and gas extraction,Sulphur dioxide,tonnes,0.0224
2022,Zargon Oil and Gas Ltd.,Jarrod Little Bow 6-14,Calgary,AB,T2P 0H3,50.17115,-112.496157,Oil and gas extraction,Sulphur dioxide,tonnes,0.0015
2022,Zargon Oil and Gas Ltd.,Morinville 2-20-55-25 W4M,Calgary,AB,T2P 0H3,53.7617,-113.6791,Oil and gas extraction,Sulphur dioxide,tonnes,0.0023
2022,Zargon Oil and Gas Ltd.,Mission Tabers (00-14-11-008-17W4),Calgary,AB,,49.78,-112.15,Oil and gas extraction,Sulphur dioxide,tonnes,0.0044
2022,Zargon Oil and Gas Ltd.,TAQA LAPRISE B-40-E/94-H-5,Calgary,BC,T2P 1K3,57.3604,-121.9969,Oil and gas extraction,Sulphur dioxide,tonnes,0.122
2022,Zargon Oil and Gas Ltd.,Crestar Little Bow (00-16-31-014-18W4),Calgary,AB,,50.220749,-112.441573,Oil and gas extraction,Sulphur dioxide,tonnes,274.2737
