Year,Company_Name,Facility_Name,City,Province,Postal_Code,Latitude,Longitude,Sector_Name,Substance_Name,Units,Total_Air_Emissions
2022,AB Mauri (Canada) Ltd.,Fleischmann's Yeast- Calgary Plant,Calgary,AB,T2G 3M3,51.03471,-114.0256,Other food manufacturing,Volatile Organic Compounds (Total),tonnes,57.55
2022,Advantage Energy Ltd.,Wembley Comp Stn 03-01,Calgary,AB,T2P 5E9,55.28877,-119.0989,Oil and gas extraction,Volatile Organic Compounds (Total),tonnes,6.41166
2022,AECO Gas Storage Partnership,Countess Gas Storage Facility,Calgary,AB,T2P 0A7,50.9669,-112.6649,Oil and gas extraction,Volatile Organic Compounds (Total),tonnes,0.464323
2022,Alberta  Health Services,Foothills Medical Centre,Calgary,AB,T2N 2T9,51.06584,-114.13399,General medical and surgical hospitals,Volatile Organic Compounds (Total),tonnes,3
2022,Alberta Distillers Ltd.,ALBERTA DISTILLERS,Calgary,AB,T2H 1X1,51.02277,-114.02766,Beverage manufacturing,Volatile Organic Compounds (Total),tonnes,15.85
2022,Amvic Inc.,Amvic Inc.,Calgary,AB,T2G 4N6,51.02068,-114.0315,Plastic product manufacturing,Volatile Organic Compounds (Total),tonnes,43.839
2022,APEL Extrusions Ltd.,APEL EXTRUSIONS,Calgary,AB,T2C 1H7,50.983,-113.9884,Alumina and aluminum production and processing,Volatile Organic Compounds (Total),tonnes,45.025
2022,Archer Exploration Corp.,RBR BEAV 06-28-071-09W6 MWOB,Calgary,AB,,55.176068,-119.32373,Oil and gas extraction,Volatile Organic Compounds (Total),tonnes,0
2022,Archer Exploration Corp.,ARCHER 09-25-074-08W6 MWOB & GS,Calgary,AB,,55.441492,-119.080359,Oil and gas extraction,Volatile Organic Compounds (Total),tonnes,14.626
2022,Axiom Oil and Gas Inc.,Randall Gas BT (ABBT0162561),Calgary,AB,T2P 0H7,56.01253,-115.02183,Oil and gas extraction,Volatile Organic Compounds (Total),tonnes,0.3884
2022,Axiom Oil and Gas Inc.,Bonnie Glenn 11-06-044-25W4 - COMP (ABCS0009501),Calgary,AB,,52.7798,-113.6299,Oil and gas extraction,Volatile Organic Compounds (Total),tonnes,1.9824
2022,Axiom Oil and Gas Inc.,MOBIL HARME BATTERY NO 1 (ABBT4480044),Calgary,AB,T2P 0H7,51.75788,-114.30674,Oil and gas extraction,Volatile Organic Compounds (Total),tonnes,23.4287
2022,Baccalieu Energy Inc.,Baccalieu Pembina 04-29-047-11W5,Calgary,AB,,53.077836,-115.582816,Oil and gas extraction,Volatile Organic Compounds (Total),tonnes,0
2022,Baccalieu Energy Inc.,Baccalieu Pembina 4-15-50-10 W5,Calgary,AB,,53.31067,-115.3878,Oil and gas extraction,Volatile Organic Compounds (Total),tonnes,3.1546
2022,Baccalieu Energy Inc.,BACCALIEU HZ PEMBINA 8-17-49-11,Calgary,AB,,53.237815,-115.564761,Oil and gas extraction,Volatile Organic Compounds (Total),tonnes,4.3053
2022,Baccalieu Energy Inc.,Baccalieu Pembina HZ 2/16-04-47-10W5,Calgary,AB,,53.026906,-115.419288,Oil and gas extraction,Volatile Organic Compounds (Total),tonnes,5.8901
2022,Baccalieu Energy Inc.,Baccalieu Pembina 01-19-049-11W5,Calgary,AB,,53.23781,-115.5891,Oil and gas extraction,Volatile Organic Compounds (Total),tonnes,10.6935
2022,Baccalieu Energy Inc.,Baccalieu HZ Willgr 5-20-40-5 w5,Calgary,AB,,52.43397,-114.7002,Oil and gas extraction,Volatile Organic Compounds (Total),tonnes,10.7776
2022,Baccalieu Energy Inc.,Baccalieu Ferrier 1-6-38-7 W5,Calgary,AB,,52.23361,-114.9805,Oil and gas extraction,Volatile Organic Compounds (Total),tonnes,14.8331
2022,Baccalieu Energy Inc.,Baccalieu WillGr 4-17-43-7 W5,Calgary,AB,,52.70035,-114.9892,Oil and gas extraction,Volatile Organic Compounds (Total),tonnes,16.5488
2022,Baccalieu Energy Inc.,Baccalieu Willesden Green 4-21-40-5 W5,Calgary,AB,,52.45224,-114.67,Oil and gas extraction,Volatile Organic Compounds (Total),tonnes,16.6924
2022,Baccalieu Energy Inc.,Baccalieu Willesden Green 7-18-40-5 W5,Calgary,AB,,52.41951,-114.7002,Oil and gas extraction,Volatile Organic Compounds (Total),tonnes,17.1307
2022,Baccalieu Energy Inc.,Baccalieu Tangle Creek 13-16-049-11 W5,Calgary,AB,,53.22697,-115.5524,Oil and gas extraction,Volatile Organic Compounds (Total),tonnes,22.0394
2022,Baccalieu Energy Inc.,BACCALIEU PEMBINA 14-35-49-11w5,Calgary,AB,,53.270717,-115.50372,Oil and gas extraction,Volatile Organic Compounds (Total),tonnes,23.4961
2022,Baccalieu Energy Inc.,Baccalieu Brazeau 02-10-48-12 W5,Calgary,AB,,53.12141,-115.6682,Oil and gas extraction,Volatile Organic Compounds (Total),tonnes,26.849
2022,Baccalieu Energy Inc.,Baccalieu Pembina 2-13-50-12 W5,Calgary,AB,,53.31065,-115.6195,Oil and gas extraction,Volatile Organic Compounds (Total),tonnes,30.6959
2022,Baccalieu Energy Inc.,West Pembina 14-15-051-12 W5,Calgary,AB,,53.40691,-115.68958,Oil and gas extraction,Volatile Organic Compounds (Total),tonnes,38.4199
2022,Baccalieu Energy Inc.,Baccalieu Brazeau 03-22-48-12W5 MWB,Calgary,AB,,53.151676,-115.675804,Oil and gas extraction,Volatile Organic Compounds (Total),tonnes,45.6337
2022,Baccalieu Energy Inc.,Baccalieu Brazeau 6-12-48-12 W5,Calgary,AB,,53.12501,-115.6255,Oil and gas extraction,Volatile Organic Compounds (Total),tonnes,52.3744
2022,Blue Sky Resources Ltd.,Pengrowth Panny (00-03-11-096-06W5),Calgary,AB,,57.3092,-114.8563,Oil and gas extraction,Volatile Organic Compounds (Total),tonnes,2.685038
2022,Blue Sky Resources Ltd.,Highwood Senex (02-02-22-094-04W5),Calgary,AB,,56.54,-115.256,Oil and gas extraction,Volatile Organic Compounds (Total),tonnes,9.980466
2022,BTG Energy Inc,Certus 06-20-038-04-W5 Battery,Calgary,AB,T2P 3M3,52.28077,-114.54032,Oil and gas extraction,Volatile Organic Compounds (Total),tonnes,2.8812
2022,BTG Energy Inc,Gull Lake Power Plant,Calgary,AB,T2P 1M9,52.51686,-113.91527,"Electric power generation, transmission and distribution",Volatile Organic Compounds (Total),tonnes,34.905
2022,Calgary Energy Centre No. 2 Inc.,Calgary Energy Centre,Calgary,AB,T3N 1C6,51.18045,-113.93728,"Electric power generation, transmission and distribution",Volatile Organic Compounds (Total),tonnes,15.4
2022,Canadian Natural Resources Limited,ABBT0122253,Calgary,AB,T2P 4J8,54.8487,-119.224,Oil and gas extraction,Volatile Organic Compounds (Total),tonnes,542.93017
2022,Canlin Energy Corporation,Blackstone Dehy 09-23-044-16W5,Calgary,AB,,52.97252,-116.3559,Oil and gas extraction,Volatile Organic Compounds (Total),tonnes,21.6011
2022,Cenovus Energy Inc.,WAPITI 10-14-067-08W6,Calgary,AB,T2P 3G7,54.799999,-119.106102,Warehousing and storage,Volatile Organic Compounds (Total),tonnes,33.05238
2022,Certus Oil and Gas Inc.,07-04-034-05 W5M Battery,Calgary,AB,,51.8878,-114.6473,Oil and gas extraction,Volatile Organic Compounds (Total),tonnes,0
2022,Certus Oil and Gas Inc.,09-04-034-05 W5M Sundre Compressor,Calgary,AB,,51.8915,-114.64245,Oil and gas extraction,Volatile Organic Compounds (Total),tonnes,1.9782
2022,Certus Oil and Gas Inc.,Garrington 12-29-036-06W5,Calgary,AB,,52.124413,-114.831599,Oil and gas extraction,Volatile Organic Compounds (Total),tonnes,3.7214
2022,Certus Oil and Gas Inc.,Gilby Office 02-35-40-02W5,Calgary,AB,,52.4793,-114.1782,Oil and gas extraction,Volatile Organic Compounds (Total),tonnes,3.9311
2022,Certus Oil and Gas Inc.,Certus 01-19-038-03W5,Calgary,AB,,52.27716,-114.40937,Oil and gas extraction,Volatile Organic Compounds (Total),tonnes,4.2588
2022,Certus Oil and Gas Inc.,Med River 06-18-39-03-5,Calgary,AB,,52.35503,-114.42308,Oil and gas extraction,Volatile Organic Compounds (Total),tonnes,5.8699
2022,Certus Oil and Gas Inc.,Medicine River 02-04-039-03 W5M,Calgary,AB,,52.3199,-114.3722,Oil and gas extraction,Volatile Organic Compounds (Total),tonnes,6.0317
2022,Certus Oil and Gas Inc.,Gilby Gas Plant 05-05-040-03W5,Calgary,AB,,52.4129,-114.4076,Oil and gas extraction,Volatile Organic Compounds (Total),tonnes,23.5788
2022,Certus Oil and Gas Inc.,Czar Med River 13-08-039-02W5,Calgary,AB,,52.346606,-114.262391,Oil and gas extraction,Volatile Organic Compounds (Total),tonnes,27.5275
2022,City of Calgary,Fish Creek Wastewater Treatment Plant,Calgary,AB,T2J 5Z1,50.9127,-114.0118,"Water, sewage and other systems",Volatile Organic Compounds (Total),tonnes,7.53
2022,City of Calgary,Pine Creek Wastewater Treatment Plant,Calgary,AB,T2X 1Z3,50.8589,-113.9885,"Water, sewage and other systems",Volatile Organic Compounds (Total),tonnes,21.55
2022,City of Calgary,Bonnybrook Wastewater Treatment Plant,Calgary,AB,T2G 3M8,51.0128,-114.022,"Water, sewage and other systems",Volatile Organic Compounds (Total),tonnes,110.311
2022,COR4 Oil,Alderson 1-24-17-12W4,Calgary,AB,T2P 3E7,50.4428,-111.5196,Oil and gas extraction,Volatile Organic Compounds (Total),tonnes,0.5387
2022,COR4 Oil,Imaginea Princess 07-08,Calgary,AB,T2P 3E7,50.593,-111.492,Oil and gas extraction,Volatile Organic Compounds (Total),tonnes,0.6187
2022,COR4 Oil,03-03-021-09W4 CR-O Multiwell Proration,Calgary,AB,T2P 3E7,50.748783,-111.173067,Oil and gas extraction,Volatile Organic Compounds (Total),tonnes,0.8208
2022,COR4 Oil,Crestar Jenner 10-32-020-08W4,calgary,AB,T2P 3E7,50.741384,-111.075057,Oil and gas extraction,Volatile Organic Compounds (Total),tonnes,1.1533
2022,COR4 Oil,W Tide Lake 4-13 Battery,Calgary,AB,T2P 3E7,50.514632,-111.263215,Oil and gas extraction,Volatile Organic Compounds (Total),tonnes,2.6766
2022,Crown Metal Packaging Canada LP,CROWN METAL PACKAGING CANADA LP - Plant 235,Calgary,AB,T1X 1E1,50.98701,-113.97051,Other fabricated metal product manufacturing,Volatile Organic Compounds (Total),tonnes,173.461
2022,CSV Midstream Solutions,Karr Sour Gas Processing Plant,Calgary,AB,T2P 0L4,54.709648,-118.600073,Oil and gas extraction,Volatile Organic Compounds (Total),tonnes,119.1491
2022,DEL Canada GP Ltd.,BARRINGTON MARIE LAKE 09-25,Calgary,AB,,54.655233,-110.311533,Oil and gas extraction,Volatile Organic Compounds (Total),tonnes,0.383
2022,DEL Canada GP Ltd.,Paleo 15-22-039-26W4 MWB,Calgary,AB,,52.373884,-113.660388,Oil and gas extraction,Volatile Organic Compounds (Total),tonnes,0.5801
2022,DEL Canada GP Ltd.,Bigstone 10-6-60-23W5,Calgary,AB,,54.161424,-117.435402,Oil and gas extraction,Volatile Organic Compounds (Total),tonnes,66.4159
2022,Ember Resources Inc.,Entice Sweet Gas Plant 05-31,Calgary,AB,T2P 2S5,51.3487,-113.6586,Oil and gas extraction,Volatile Organic Compounds (Total),tonnes,11
2022,Enercapita Energy Ltd.,Chauvco 10-10,Calgary,AB,T2P 3A8,56.270373,-119.803148,Oil and gas extraction,Volatile Organic Compounds (Total),tonnes,0
2022,Enercapita Energy Ltd.,Boundary Lake 10-19-086-11 W6M,Calgary,AB,T2P 3A8,56.4739,-119.7222,Oil and gas extraction,Volatile Organic Compounds (Total),tonnes,1.7193
2022,Enercapita Energy Ltd.,Worsley 16-36-086-10 W6M,Calgary,AB,T2P 3A8,56.5061,-119.432,Oil and gas extraction,Volatile Organic Compounds (Total),tonnes,4.86198
2022,Enmax Generation Portfolio Inc,Shepard Energy Centre,Calgary,AB,T3S 0A2,50.97068,-113.8851,"Electric power generation, transmission and distribution",Volatile Organic Compounds (Total),tonnes,43.81
2022,Groupe Canam inc,Calgary,Calgary,AB,T2H 0N2,51.00529,-114.05857,Architectural and structural metals manufacturing,Volatile Organic Compounds (Total),tonnes,84.8
2022,Headwater Exploration Incorporated,Martin Hills Core 12-26,Calgary,AB,,55.44093,-113.74672,Oil and gas extraction,Volatile Organic Compounds (Total),tonnes,0.4663
2022,Headwater Exploration Incorporated,Martin Hills Core 10-35,Calgary,AB,,55.44906,-113.735086,Oil and gas extraction,Volatile Organic Compounds (Total),tonnes,0.6405
2022,Headwater Exploration Incorporated,Martin Hills Core 05-35,Calgary,AB,,55.45177,-113.74672,Oil and gas extraction,Volatile Organic Compounds (Total),tonnes,1.3225
2022,Hood Packaging Corporation,Calgary Plastics Film Division,Calgary,AB,T2G 1V7,51.02419,-114.0353,Plastic product manufacturing,Volatile Organic Compounds (Total),tonnes,200.085
2022,i3 Energy Canada Ltd.,06-09-61-27 W5M,Calgary,AB,T2P 1K3,54.259533,-117.991448,Oil and gas extraction,Volatile Organic Compounds (Total),tonnes,0.1698
2022,i3 Energy Canada Ltd.,Westerose Comp Station 12-02,Calgary,AB,T2P 1K3,52.8514,-114.0469,Oil and gas extraction,Volatile Organic Compounds (Total),tonnes,0.4341
2022,i3 Energy Canada Ltd.,Leedale Gas Plant 9-21-43-4W5M,Calgary,AB,,52.9582,-114.6799,Oil and gas extraction,Volatile Organic Compounds (Total),tonnes,0.9194
2022,i3 Energy Canada Ltd.,Lodgepole 13-35-47-10w5,Calgary,AB,T2P 1K3,53.1032,-115.3634,Oil and gas extraction,Volatile Organic Compounds (Total),tonnes,1.9806
2022,IMPERIAL OIL,Calgary Terminal,Calgary,AB,T2C 4K9,50.9636,-113.97668,"Petroleum, petroleum products, and other hydrocarbons merchant wholesalers",Volatile Organic Compounds (Total),tonnes,705.301
2022,Journey Energy Inc.,Crystal 09-06-046-03 W5,Calgary,AB,,52.9416,-114.4182,Oil and gas extraction,Volatile Organic Compounds (Total),tonnes,0
2022,Journey Energy Inc.,11-20-019-12 W4M,Calgary,AB,,50.62593,-111.63618,Oil and gas extraction,Volatile Organic Compounds (Total),tonnes,0
2022,Journey Energy Inc.,Journey 13-17-046-01 W5,Calgary,AB,,53.728379,-115.602469,Oil and gas extraction,Volatile Organic Compounds (Total),tonnes,0
2022,Journey Energy Inc.,HUSKY DENY KISKIU SMOKY RIVER 14-09,Calgary,AB,,54.00417,-118.24109,Oil and gas extraction,Volatile Organic Compounds (Total),tonnes,0.6595
2022,Journey Energy Inc.,Genesee 05-30-049-03 W5,Calgary,AB,,53.2561,-114.4372,Oil and gas extraction,Volatile Organic Compounds (Total),tonnes,0.8323
2022,Journey Energy Inc.,Journey 06-01-046-02 W5,Calgary,AB,,52.9362,-114.1609,Oil and gas extraction,Volatile Organic Compounds (Total),tonnes,1.3401
2022,Journey Energy Inc.,Herronton 01-15-019-25 W4,Calgary,AB,,50.6022,-113.3838,Oil and gas extraction,Volatile Organic Compounds (Total),tonnes,1.5123
2022,Journey Energy Inc.,Countess 10-04-021-16W4,Calgary,AB,,53.034063,-114.376496,Oil and gas extraction,Volatile Organic Compounds (Total),tonnes,2.5666
2022,Journey Energy Inc.,CRYSTAL OIL (10-18) 03-13-045-04W5,Calgary,AB,,52.881885,-114.421525,Oil and gas extraction,Volatile Organic Compounds (Total),tonnes,4.0974
2022,Journey Energy Inc.,CHAUVCO CARROT CREEK 1-25,Calgary,AB,,53.513913,-115.773584,Oil and gas extraction,Volatile Organic Compounds (Total),tonnes,4.2889
2022,Journey Energy Inc.,Niton 14-05-055-11W5,Calgary,AB,,53.7284,-115.6025,Oil and gas extraction,Volatile Organic Compounds (Total),tonnes,5.2073
2022,Journey Energy Inc.,Calcrude Cherhill 04-24-056-05 W5,Calgary,AB,,53.847,-114.6194,Oil and gas extraction,Volatile Organic Compounds (Total),tonnes,6.7155
2022,Journey Energy Inc.,IKKUMA 00/8-31-063-11W6/0 BATTERY,Calgary,AB,,52.666706,-116.199016,Oil and gas extraction,Volatile Organic Compounds (Total),tonnes,7.4792
2022,Journey Energy Inc.,02-26 Gas Plant,Calgary,AB,,53.5123,-115.6119,Oil and gas extraction,Volatile Organic Compounds (Total),tonnes,8.333
2022,Journey Energy Inc.,Ante Creek Multi-Well Gas Battery 05-26,Calgary,AB,,54.73964,-117.52749,Oil and gas extraction,Volatile Organic Compounds (Total),tonnes,13.568
2022,Journey Energy Inc.,Countess 08-36-020-16 W4,Calgary,AB,,50.7374,-112.0849,Oil and gas extraction,Volatile Organic Compounds (Total),tonnes,20.1925
2022,Journey Energy Inc.,CORDEL 14-35-42-16,Calgary,AB,,52.666706,-116.199016,Oil and gas extraction,Volatile Organic Compounds (Total),tonnes,21.2537
2022,Journey Energy Inc.,Countess 16-17-020-16 W4M,Calgary,AB,,53.728379,-115.602469,Oil and gas extraction,Volatile Organic Compounds (Total),tonnes,41.86
2022,Journey Energy Inc.,THUNDER MATZIWIN 13-36,Calgary,AB,,51.00676,-111.83832,Oil and gas extraction,Volatile Organic Compounds (Total),tonnes,42.4157
2022,Journey Energy Inc.,PC CONOCO CORDEL 5-36,Calgary,AB,,52.666706,-116.199016,Oil and gas extraction,Volatile Organic Compounds (Total),tonnes,42.8756
2022,Journey Energy Inc.,PEMBINA 12-31-048-04 W5,Calgary,AB,,53.18677,-114.58241,Oil and gas extraction,Volatile Organic Compounds (Total),tonnes,53.4688
2022,Journey Energy Inc.,Matziwin 01-30-023-13 W4,Calgary,AB,,50.98148,-111.79877,Oil and gas extraction,Volatile Organic Compounds (Total),tonnes,71.8464
2022,Journey Energy Inc.,08-10-055-11W5M Niton,Calgary,AB,,53.7357,-115.540813,Oil and gas extraction,Volatile Organic Compounds (Total),tonnes,78.7449
2022,Journey Energy Inc.,02-09-047-03 W5M Poplar Creek Battery,Calgary,AB,,53.73674,-115.54231,Oil and gas extraction,Volatile Organic Compounds (Total),tonnes,257.9236
2022,Kelt Exploration,KELT WEMBLEY 11-31 MWGEB,Calgary,AB,,55.368673,-119.221196,Oil and gas extraction,Volatile Organic Compounds (Total),tonnes,2.26547
2022,Lafarge Canada Inc. - WEST,"Lafarge Canada, Inc., Greater Calgary, Spy Hill Asphalt Plan",Calgary,AB,T3R 1J3,51.17006,-114.207393,Petroleum and coal product manufacturing,Volatile Organic Compounds (Total),tonnes,14.769
2022,Logic Energy Ltd.,Parflesh 12-12 Oil Battery,Calgary,AB,T2P 3R5,51.11966,-112.95546,Oil and gas extraction,Volatile Organic Compounds (Total),tonnes,1.355
2022,Loyal Energy (Canada) Operating Ltd.,Lookout Butte 4-13,Calgary,AB,T2P 0G5,49.1181,-113.6371,Oil and gas extraction,Volatile Organic Compounds (Total),tonnes,4.45
2022,Lycos Energy Inc.,Swimming 16-11-052-07W4 Pad,Calgary,AB,T2P 1M9,53.480651,-110.918764,Oil and gas extraction,Volatile Organic Compounds (Total),tonnes,0.886
2022,Lynx Energy ULC,Three Hills Creek Gas Battery 05-36,Calgary,AB,T2G 0P6,51.9599,-113.5627,Oil and gas extraction,Volatile Organic Compounds (Total),tonnes,3.1561
2022,Lynx Energy ULC,Three Hills Creek Gas Battery 01-36,Calgary,AB,T2G 0P6,52.0429,-113.5791,Oil and gas extraction,Volatile Organic Compounds (Total),tonnes,3.6088
2022,M.I. Cable Technologies Inc.,M. I. CABLE TECHNOLOGIES - CALGARY,Calgary,AB,T2H 2A6,51.000439,-114.038496,Other electrical equipment and component manufacturing,Volatile Organic Compounds (Total),tonnes,1.296
2022,NTE Energy Canada Ltd,Willesden Green 01-26 Sat Battery,Calgary,AB,T2P 1E5,52.64092,-115.1815,Oil and gas extraction,Volatile Organic Compounds (Total),tonnes,9.376
2022,NTE Energy Canada Ltd,Willesden Green 01-25 Battery,Calgary,AB,T2P 1E5,52.64134,-115.15589,Oil and gas extraction,Volatile Organic Compounds (Total),tonnes,27.597
2022,NuVista Energy Ltd.,Pipestone North 16-28-71-09W6 GS,Calgary,AB,T2P 1G1,55.18332,-119.31112,Oil and gas extraction,Volatile Organic Compounds (Total),tonnes,55.33163
2022,Obsidian Energy Ltd.,Battery 01-33-041-06W5,Calgary,AB,,52.5687,-114.7962,Oil and gas extraction,Volatile Organic Compounds (Total),tonnes,0
2022,Obsidian Energy Ltd.,Amerada Oil Battery 13-17,Calgary,AB,,52.62335,-114.8405,Oil and gas extraction,Volatile Organic Compounds (Total),tonnes,0
2022,Obsidian Energy Ltd.,Perl Bigoray Nisku Oil Battery 04-10,Calgary,AB,,53.469559,-115.10247,Oil and gas extraction,Volatile Organic Compounds (Total),tonnes,0
2022,Obsidian Energy Ltd.,Pennwest Wainwright (16-19),Calgary,AB,,51.76346,-110.126,Oil and gas extraction,Volatile Organic Compounds (Total),tonnes,0
2022,Obsidian Energy Ltd.,AMOCO PEMBINA F-2,Calgary,AB,,53.08146,-115.1016,Oil and gas extraction,Volatile Organic Compounds (Total),tonnes,0
2022,Obsidian Energy Ltd.,Battery 02-05-052-08W5,Calgary,AB,,53.456096,-115.140712,Oil and gas extraction,Volatile Organic Compounds (Total),tonnes,0
2022,Obsidian Energy Ltd.,Battery 03-35-051-09W5,Calgary,AB,,53.440412,-115.221173,Oil and gas extraction,Volatile Organic Compounds (Total),tonnes,0
2022,Obsidian Energy Ltd.,Battery 04-22-032-03W4,Calgary,AB,,51.752613,-110.356524,Oil and gas extraction,Volatile Organic Compounds (Total),tonnes,0
2022,Obsidian Energy Ltd.,Battery 09-17,Calgary,AB,,52.619359,-114.820425,Oil and gas extraction,Volatile Organic Compounds (Total),tonnes,0
2022,Obsidian Energy Ltd.,Battery 11-11-049,Calgary,AB,,53.216002,-115.650175,Oil and gas extraction,Volatile Organic Compounds (Total),tonnes,0
2022,Obsidian Energy Ltd.,Penn West Pembina 11-22-049-12W5,Calgary,AB,,53.24511,-115.674568,Oil and gas extraction,Volatile Organic Compounds (Total),tonnes,0
2022,Obsidian Energy Ltd.,Pembina Oil Battery 14-02,Calgary,AB,,53.292495,-115.357613,Oil and gas extraction,Volatile Organic Compounds (Total),tonnes,0.174
2022,Obsidian Energy Ltd.,Seal Bitumen Battery 13-08,Calgary,AB,,56.0993,-116.3208,Oil and gas extraction,Volatile Organic Compounds (Total),tonnes,0.7957
2022,Obsidian Energy Ltd.,Battery 06-31-082-17W5,Calgary,AB,,56.150718,-116.653559,Oil and gas extraction,Volatile Organic Compounds (Total),tonnes,0.837
2022,Obsidian Energy Ltd.,CDN OXY PEMBINA 16-3,Calgary,AB,,53.29182,-115.077324,Oil and gas extraction,Volatile Organic Compounds (Total),tonnes,0.8769
2022,Obsidian Energy Ltd.,Battery 14-26,Calgary,AB,,53.437677,-115.22074,Oil and gas extraction,Volatile Organic Compounds (Total),tonnes,0.8957
2022,Obsidian Energy Ltd.,Penn West Cadotte Multi Well Battery 13-27,Calgary,AB,,56.230153,-116.765117,Oil and gas extraction,Volatile Organic Compounds (Total),tonnes,1.4113
2022,Obsidian Energy Ltd.,Penn West Cynthia 9-7 OMBP,Calgary,AB,,53.216,-115.296809,Oil and gas extraction,Volatile Organic Compounds (Total),tonnes,1.7156
2022,Obsidian Energy Ltd.,ABBT6850417,Calgary,AB,,53.041393,-115.065245,Oil and gas extraction,Volatile Organic Compounds (Total),tonnes,5.452
2022,Obsidian Energy Ltd.,Penn West Mountain View 08-06,Calgary,AB,,53.02325,-114.8578,Oil and gas extraction,Volatile Organic Compounds (Total),tonnes,5.4637
2022,Obsidian Energy Ltd.,Harmon Valley SAGD South Pilot 07-06,Calgary,AB,,56.164712,-116.673082,Oil and gas extraction,Volatile Organic Compounds (Total),tonnes,5.9793
2022,Obsidian Energy Ltd.,Amerada Will Green Card Unit 1,Calgary,AB,,52.682268,-114.861879,Oil and gas extraction,Volatile Organic Compounds (Total),tonnes,7.9835
2022,Obsidian Energy Ltd.,Battery 09-09-049-10W5,Calgary,AB,,53.216036,-115.394355,Oil and gas extraction,Volatile Organic Compounds (Total),tonnes,8.5209
2022,Obsidian Energy Ltd.,Amoco Pembina Crdm Unit 4 BTY 3 6-6,Calgary,AB,,53.197929,-115.308838,Oil and gas extraction,Volatile Organic Compounds (Total),tonnes,12.8781
2022,Obsidian Energy Ltd.,PEMBINA CARDIUM UNIT #31 8-15,Calgary,AB,,53.1398,-115.36995,Oil and gas extraction,Volatile Organic Compounds (Total),tonnes,13.1414
2022,Obsidian Energy Ltd.,Willesden Green Sweet Gas Plant 13-27,Calgary,AB,,52.6504,-115.0808,Oil and gas extraction,Volatile Organic Compounds (Total),tonnes,13.5826
2022,Obsidian Energy Ltd.,AMOCO RAT CREEK PEM BTY C1,Calgary,AB,,53.128776,-115.394362,Oil and gas extraction,Volatile Organic Compounds (Total),tonnes,16.9092
2022,Obsidian Energy Ltd.,SASKOIL WILLGR UNIT #2 BTY 3 6-15,Calgary,AB,,52.61586,-114.78429,Oil and gas extraction,Volatile Organic Compounds (Total),tonnes,17.8521
2022,Obsidian Energy Ltd.,GULF CANARY CENTRAL PEM BTY 2,Calgary,AB,,53.183302,-115.272441,Oil and gas extraction,Volatile Organic Compounds (Total),tonnes,19.4963
2022,Obsidian Energy Ltd.,Seal 09-15-084-14W5 GP,Calgary,AB,,56.282,-116.112,Oil and gas extraction,Volatile Organic Compounds (Total),tonnes,19.5108
2022,Obsidian Energy Ltd.,Willesden Green Sweet Gas Plant 14-01,Calgary,AB,,52.5941,-114.8793,Oil and gas extraction,Volatile Organic Compounds (Total),tonnes,20.2283
2022,Obsidian Energy Ltd.,IMPERIAL PEMBINA 4-27,Calgary,AB,,53.252554,-115.388007,Oil and gas extraction,Volatile Organic Compounds (Total),tonnes,21.9349
2022,Obsidian Energy Ltd.,Amoco Pembina B-1 8-33,Calgary,AB,,53.183388,-115.394327,Oil and gas extraction,Volatile Organic Compounds (Total),tonnes,23.9027
2022,Obsidian Energy Ltd.,CDNOXY PEMBINA H BATTERY 6-22,Calgary,AB,,53.32886,-115.235742,Oil and gas extraction,Volatile Organic Compounds (Total),tonnes,27.5936
2022,Obsidian Energy Ltd.,Amoco Pembina BTY 11-25,Calgary,AB,,53.259731,-114.894468,Oil and gas extraction,Volatile Organic Compounds (Total),tonnes,28.5025
2022,Obsidian Energy Ltd.,Big Valley Pembina Compressor Station 02-24,Calgary,AB,,53.323587,-115.620257,Oil and gas extraction,Volatile Organic Compounds (Total),tonnes,28.7469
2022,Obsidian Energy Ltd.,Amoco Pembina D-2 16-19,Calgary,AB,,53.161735,-115.294766,Oil and gas extraction,Volatile Organic Compounds (Total),tonnes,50.7974
2022,Obsidian Energy Ltd.,PERL BIGORAY #1 10-15,Calgary,AB,,53.491397,-115.091052,Oil and gas extraction,Volatile Organic Compounds (Total),tonnes,53.9483
2022,Obsidian Energy Ltd.,Amoco Pem Card Unit Cent Bty 14-3,Calgary,AB,,53.292122,-114.941464,Oil and gas extraction,Volatile Organic Compounds (Total),tonnes,67.3667
2022,Obsidian Energy Ltd.,Amoco Hb Pembina H-2,Calgary,AB,,53.230633,-115.296813,Oil and gas extraction,Volatile Organic Compounds (Total),tonnes,68.9728
2022,Obsidian Energy Ltd.,Amoco Pembina BTY G-2,Calgary,AB,,53.085145,-115.199324,Oil and gas extraction,Volatile Organic Compounds (Total),tonnes,75.3407
2022,Obsidian Energy Ltd.,Battery 06-25-050-10W5,Calgary,AB,,53.343466,-115.33323,Oil and gas extraction,Volatile Organic Compounds (Total),tonnes,123.0149
2022,Pathfinder Energy Ltd.,Rocky Mountain House Gas-fired Power Plant,Calgary,AB,T3L 3A1,52.65242,-115.0806,"Electric power generation, transmission and distribution",Volatile Organic Compounds (Total),tonnes,11.399
2022,Pembina Pipeline Corporation,Kakwa River Gas Plant 08-13-063-05W6,Calgary,AB,,54.448884,-118.594666,Oil and gas extraction,Volatile Organic Compounds (Total),tonnes,62.258
2022,PetroChina Canada Ltd.,Mackay River Commercial Program,Calgary,AB,T2P 3H9,56.79043,-112.09594,Oil and gas extraction,Volatile Organic Compounds (Total),tonnes,46.7205
2022,Petrus Resources Ltd.,10-21-038-08W5 Pad,Calgary,AB,,52.284388,-115.081822,Oil and gas extraction,Volatile Organic Compounds (Total),tonnes,0
2022,Petrus Resources Ltd.,PINNACLE COOKING LAKE 4-16,Calgary,AB,,53.48504,-112.8989,Oil and gas extraction,Volatile Organic Compounds (Total),tonnes,7.8979
2022,Petrus Resources Ltd.,PETRUS FERRIER 13-17 PAD MWB,Calgary,AB,,52.36104,-115.12513,Oil and gas extraction,Volatile Organic Compounds (Total),tonnes,20.2667
2022,Petrus Resources Ltd.,03-17-038-08W5 Pad,Calgary,AB,,52.262724,-115.111358,Oil and gas extraction,Volatile Organic Compounds (Total),tonnes,26.4319
2022,PIERIDAE ALBERTA PRODUCTION LTD.,Jumping Pound 5-7 Well site compressor,Calgary,AB,T2P 4V8,51.1182,-114.5558,Oil and gas extraction,Volatile Organic Compounds (Total),tonnes,0.09398
2022,PIERIDAE ALBERTA PRODUCTION LTD.,Shell Canada Limited 08-16,Calgary,AB,,51.829653,-115.350985,Oil and gas extraction,Volatile Organic Compounds (Total),tonnes,0.1482
2022,PIERIDAE ALBERTA PRODUCTION LTD.,Shell Canada Limited 10-17,Calgary,AB,,49.387,-114.236,Oil and gas extraction,Volatile Organic Compounds (Total),tonnes,0.2794
2022,PIERIDAE ALBERTA PRODUCTION LTD.,Shell Canada Limited 03-13,Calgary,AB,,51.126,-114.714,Oil and gas extraction,Volatile Organic Compounds (Total),tonnes,0.2868
2022,PIERIDAE ALBERTA PRODUCTION LTD.,Limestone CS 05-12,Calgary,AB,,51.815,-115.296,Oil and gas extraction,Volatile Organic Compounds (Total),tonnes,0.6374
2022,PIERIDAE ALBERTA PRODUCTION LTD.,ekwan,Calgary,BC,,58.8311,-121.3859,Oil and gas extraction,Volatile Organic Compounds (Total),tonnes,0.7835
2022,PIERIDAE ALBERTA PRODUCTION LTD.,Jumping Pound 14-32-025-06W5 CS,Calgary,AB,,51.1815,-114.806,Oil and gas extraction,Volatile Organic Compounds (Total),tonnes,1.1486
2022,PIERIDAE ALBERTA PRODUCTION LTD.,Shell Canada Limited 04-10,Calgary,AB,,49.365,-114.201,Oil and gas extraction,Volatile Organic Compounds (Total),tonnes,1.2493
2022,PIERIDAE ALBERTA PRODUCTION LTD.,Cordel Compressor Station 03-36-042-16W5,Calgary,AB,,52.6539,-116.1814,Oil and gas extraction,Volatile Organic Compounds (Total),tonnes,1.3344
2022,PIERIDAE ALBERTA PRODUCTION LTD.,Moose Mountain Compressor Station,Calgary,AB,T2P 4V8,50.8894,-114.7618,Oil and gas extraction,Volatile Organic Compounds (Total),tonnes,2.47
2022,PIERIDAE ALBERTA PRODUCTION LTD.,Lynx,Calgary,AB,,54.1757,-119.5344,Oil and gas extraction,Volatile Organic Compounds (Total),tonnes,2.585
2022,PIERIDAE ALBERTA PRODUCTION LTD.,Hanlan Compressor Station 09-09-045-16W5,Calgary,AB,,52.867,-116.2531,Oil and gas extraction,Volatile Organic Compounds (Total),tonnes,3.0271
2022,PIERIDAE ALBERTA PRODUCTION LTD.,Mclean Creek Dehy 16-09-022-06W5,Calgary,AB,,50.8618,-114.7677,Oil and gas extraction,Volatile Organic Compounds (Total),tonnes,3.7539
2022,PIERIDAE ALBERTA PRODUCTION LTD.,Findley 09-24,Calgary,AB,,53.9431,-118.7466,Oil and gas extraction,Volatile Organic Compounds (Total),tonnes,4.1582
2022,PIERIDAE ALBERTA PRODUCTION LTD.,Benjamin Compressor Station 16-28-028-08W5,Calgary,AB,,51.42938,-115.05918,Oil and gas extraction,Volatile Organic Compounds (Total),tonnes,4.4208
2022,PIERIDAE ALBERTA PRODUCTION LTD.,Palliser,Calgary,AB,,54.3245,-119.8158,Oil and gas extraction,Volatile Organic Compounds (Total),tonnes,7.1486
2022,PIERIDAE ALBERTA PRODUCTION LTD.,Jumping Pound Complex,Calgary,AB,T2P 4V8,51.13696,-114.58262,Oil and gas extraction,Volatile Organic Compounds (Total),tonnes,246.09
2022,Pine Cliff Energy Ltd.,ABBT0082110 (NPRI - tank),Calgary,AB,,51.45072,-111.7895,Oil and gas extraction,Volatile Organic Compounds (Total),tonnes,0.13723
2022,Pine Cliff Energy Ltd.,Three Hills GP 10-6,Calgary,AB,T2R 1J4,51.71628,-113.25,Oil and gas extraction,Volatile Organic Compounds (Total),tonnes,0.19373
2022,Pine Cliff Energy Ltd.,Greater Edson 06-04,Calgary,AB,T2R 1J4,53.808542,-116.172594,Oil and gas extraction,Volatile Organic Compounds (Total),tonnes,0.24966
2022,Pine Cliff Energy Ltd.,Drumheller Compressor Station 16-24-029-19W4,Calgary,AB,,51.50148,-112.5395,Oil and gas extraction,Volatile Organic Compounds (Total),tonnes,0.29383
2022,Pine Cliff Energy Ltd.,Michichi Compressor Station 13-20-031-18W4,Calgary,AB,,51.676129,-112.529611,Oil and gas extraction,Volatile Organic Compounds (Total),tonnes,0.35958
2022,Pine Cliff Energy Ltd.,Rowley North Gathering System 16-24-032-20W4,Calgary,AB,,51.76348,-112.701,Oil and gas extraction,Volatile Organic Compounds (Total),tonnes,0.40639
2022,Pine Cliff Energy Ltd.,Ghost Pine Compressor Station 04-09-031-20W4,Calgary,AB,,51.63618,-112.7893,Oil and gas extraction,Volatile Organic Compounds (Total),tonnes,0.43085
2022,Pine Cliff Energy Ltd.,CPC Trochu 16-32 GGS,Calgary,AB,T2R 1J4,51.880064,-113.362274,Oil and gas extraction,Volatile Organic Compounds (Total),tonnes,2.06991
2022,Pipestone Energy Corp.,12- 14 Elmworth,Calgary,AB,T2P 5C5,55.0643,-118.9638,Oil and gas extraction,Volatile Organic Compounds (Total),tonnes,5.0805
2022,Questerre Energy Corporation,SKBTS4L6146 PETROBAKKEN RYERSON 1-2-9-31,Calgary,SK,T2P 3W2,49.71172,-101.57986,Oil and gas extraction,Volatile Organic Compounds (Total),tonnes,0.014
2022,Questerre Energy Corporation,ABBT0124424 01-27-004-05W4,Calgary,SK,T2P 3W2,49.71172,-101.57986,Oil and gas extraction,Volatile Organic Compounds (Total),tonnes,0.0161
2022,Questerre Energy Corporation,SKBTS4L8998 HIGHROCK FRYS E 16-09-09-31W1,Calgary,AB,T2P 3W2,57.191,-111.5539,Oil and gas extraction,Volatile Organic Compounds (Total),tonnes,0.043
2022,Questerre Energy Corporation,SKBTB4L3993 HIGHROCK RYERSON HZ,Calgary,SK,T2P 3W2,49.73379,-101.62558,Oil and gas extraction,Volatile Organic Compounds (Total),tonnes,0.074
2022,Questerre Energy Corporation,SKBTB4L3867 QUESTERRE RYERSON 13-1,Calgary,SK,T2P 3W2,49.722319,-101.57346,Oil and gas extraction,Volatile Organic Compounds (Total),tonnes,0.138
2022,Ridgeback Resources Inc.,LTS Morrisview MWOB 16-8-7-7-W2,Calgary,SK,T2P 1G1,49.549853,-102.912574,Oil and gas extraction,Volatile Organic Compounds (Total),tonnes,1.0965
2022,Ridgeback Resources Inc.,PETROBAKKEN INNES 12-22-7-11W2,Calgary,SK,T2P 1G1,49.5746,-103.428,Oil and gas extraction,Volatile Organic Compounds (Total),tonnes,31.7826
2022,Saturn Oil & Gas Inc.,PENNWEST FINA WILLMAR 8-33,Calgary,SK,T2P 1G1,49.4265,-102.3458,Oil and gas extraction,Volatile Organic Compounds (Total),tonnes,3.8727
2022,Saturn Oil & Gas Inc.,TRISTAR ROCANVILLE 6-4-16-31,Calgary,SK,T2P 1G1,50.33406,-101.69898,Oil and gas extraction,Volatile Organic Compounds (Total),tonnes,4.9982
2022,Saturn Oil & Gas Inc.,Alameda Oil Battery 11-23-002-34W1,Calgary,SK,T2P 1G1,49.1755,-101.7978,Oil and gas extraction,Volatile Organic Compounds (Total),tonnes,15.4629
2022,Saturn Oil & Gas Inc.,ELK POINT WAPELLA 16A-27,Calgary,SK,T2P 1G1,50.20562,-102.05468,Oil and gas extraction,Volatile Organic Compounds (Total),tonnes,43.817
2022,Saturn Oil & Gas Inc.,SATURN PLATO 3B-20-1B4-19-25-16,Calgary,SK,T2P 1G1,51.14163,-108.2046,Oil and gas extraction,Volatile Organic Compounds (Total),tonnes,148.7754
2022,Shell Canada Products,Calgary Terminal,Calgary,AB,T2C 4K9,50.96227,-113.9789,"Petroleum, petroleum products, and other hydrocarbons merchant wholesalers",Volatile Organic Compounds (Total),tonnes,277.21895
2022,Shield Energy Ltd.,SHIELD SINCLAIR 16-11-073-12W6 MWB,Calgary,AB,T2P 3G2,55.31483,-119.720081,Oil and gas extraction,Volatile Organic Compounds (Total),tonnes,0.2443
2022,Shield Energy Ltd.,SHIELD SINCLAIR 01-12-073-12W6 MWB,Calgary,AB,T2P 3G2,55.303249,-119.695617,Oil and gas extraction,Volatile Organic Compounds (Total),tonnes,0.3025
2022,Shield Energy Ltd.,SINCLAIR 16-25-73-13 MWB,Calgary,AB,T2P 3G2,55.357349,-111.856013,Oil and gas extraction,Volatile Organic Compounds (Total),tonnes,0.4281
2022,Shield Energy Ltd.,Shield 11-11-73-12W6 Proration Bty,Calgary,AB,T2P 3G2,55.310493,-119.733914,Oil and gas extraction,Volatile Organic Compounds (Total),tonnes,0.755
2022,Spartan Delta Corp.,Alder Flats Gas Plant 10-09,Calgary,AB,T2P 0H7,52.86764,-115.0983,Oil and gas extraction,Volatile Organic Compounds (Total),tonnes,27.454963
2022,Strathcona Resources Ltd.,03-04-062-03W6 Batteries,Calgary,AB,,54.328736,-118.390612,Oil and gas extraction,Volatile Organic Compounds (Total),tonnes,0
2022,Strathcona Resources Ltd.,Batteries 03-24-062-04W6,Calgary,AB,,54.372279,-118.465586,Oil and gas extraction,Volatile Organic Compounds (Total),tonnes,0
2022,Strathcona Resources Ltd.,Batteries 12-09-062-03W6,Calgary,AB,,54.350422,-118.396786,Oil and gas extraction,Volatile Organic Compounds (Total),tonnes,0
2022,Strathcona Resources Ltd.,Batteries 14-08-062-03W6,Calgary,AB,,54.354033,-118.415607,Oil and gas extraction,Volatile Organic Compounds (Total),tonnes,0
2022,Strathcona Resources Ltd.,Batteries 16-03-062-03W6,Calgary,AB,,54.339572,-118.35328,Oil and gas extraction,Volatile Organic Compounds (Total),tonnes,0
2022,Strathcona Resources Ltd.,BT/GS 14-16-060-02W6,Calgary,AB,,54.194112,-118.240671,Oil and gas extraction,Volatile Organic Compounds (Total),tonnes,0.2436
2022,Strathcona Resources Ltd.,Edgerton 01-24,Calgary,AB,,52.8868,-110.4402,Oil and gas extraction,Volatile Organic Compounds (Total),tonnes,0.2614
2022,Strathcona Resources Ltd.,Jayar 04-27,Calgary,AB,,54.299643,-118.37179,Oil and gas extraction,Volatile Organic Compounds (Total),tonnes,0.9558
2022,Strathcona Resources Ltd.,Lator 02-06-063-02W6,Calgary,AB,,54.4161,-118.2866,Oil and gas extraction,Volatile Organic Compounds (Total),tonnes,3.7574
2022,Strathcona Resources Ltd.,Jayar 09-03-062-03W6,Calgary,AB,,54.27501,-118.41398,Oil and gas extraction,Volatile Organic Compounds (Total),tonnes,4.4993
2022,Strathcona Resources Ltd.,PARA 16-08-061-03W6 - MWGB,Calgary,AB,,54.31049,-118.371709,Oil and gas extraction,Volatile Organic Compounds (Total),tonnes,5.1409
2022,Strathcona Resources Ltd.,Resthaven Gas Battery 02-16,Calgary,AB,,54.184783,-118.080993,Oil and gas extraction,Volatile Organic Compounds (Total),tonnes,9.1074
2022,Strathcona Resources Ltd.,Jayar 14-29,Calgary,AB,,54.309734,-118.417199,Oil and gas extraction,Volatile Organic Compounds (Total),tonnes,22.2299
2022,Strathcona Resources Ltd.,Resthaven Sweet Gas Plant,Calgary,AB,,54.2253,-118.3052,Oil and gas extraction,Volatile Organic Compounds (Total),tonnes,24.4486
2022,Strathcona Resources Ltd.,LINDBERGH SAGD 04-25,Calgary,AB,T2P 4K9,54.03691,-110.62095,Oil and gas extraction,Volatile Organic Compounds (Total),tonnes,158.4916
2022,Sun Century Petroleum Corporation,SCPC Fenn West Gas Plant 14-18,Calgary,AB,,52.163002,-113.335056,Oil and gas extraction,Volatile Organic Compounds (Total),tonnes,4.9542
2022,Sun Century Petroleum Corporation,Delburne Sweet Gas Plant 10-08,Calgary,AB,,52.1665,-113.2563,Oil and gas extraction,Volatile Organic Compounds (Total),tonnes,7.7279
2022,Taqa North Ltd.,NRK North Ferrier 5-10-42-9-W5 ABBT0081372,Calgary,AB,T2P 0H7,52.6013,-115.2216,Oil and gas extraction,Volatile Organic Compounds (Total),tonnes,0.359822
2022,Taqa North Ltd.,Crimson 13-15-040-09W5 SWB,Calgary,AB,T2P 0H7,52.62782,-115.369584,Oil and gas extraction,Volatile Organic Compounds (Total),tonnes,0.3985
2022,Taqa North Ltd.,TAQA 03/04-02-040-09W5 (4-14 SWB),Calgary,AB,T2P 0H7,51.93134,-114.85515,Oil and gas extraction,Volatile Organic Compounds (Total),tonnes,0.5986
2022,Taqa North Ltd.,TAQA 03-02-040-09W5 (4-14 SWB),Calgary,AB,T2P 0H7,52.4202,-115.1985,Oil and gas extraction,Volatile Organic Compounds (Total),tonnes,0.6947
2022,Taqa North Ltd.,TAQA Ferrier 09-03-042-10W5,Calgary,AB,T2P 0H7,52.591307,-115.348744,Oil and gas extraction,Volatile Organic Compounds (Total),tonnes,0.9523
2022,Taqa North Ltd.,PCR FERRIER 7-16 COMP.,Calgary,AB,T2P 0H7,52.70332,-115.39141,Oil and gas extraction,Volatile Organic Compounds (Total),tonnes,1.20253
2022,Teknion Solutions Woodwork,Teknion Solutions Woodwork,Calgary,AB,T2C 3J7,50.9974,-113.964,Office furniture (including fixtures) manufacturing,Volatile Organic Compounds (Total),tonnes,19.89
2022,The Calgary Airport Authority,THE CALGARY AIRPORT AUTHORITY - CALGARY,Calgary,AB,T2E 6W5,51.1307,-114.009,Scheduled air transportation,Volatile Organic Compounds (Total),tonnes,2.67955
2022,Tourmaline Oil Corp,ABBT0137705,Calgary,AB,,55.79762,-119.00572,Oil and gas extraction,Volatile Organic Compounds (Total),tonnes,0
2022,Tourmaline Oil Corp,TOU RESTHAVEN 15-10 OIL SWB,Calgary,AB,,54.16437,-118.3329,Oil and gas extraction,Volatile Organic Compounds (Total),tonnes,0
2022,Tourmaline Oil Corp,RSRL GORDONDALE 08-01-079-10-W6M BTY,Calgary,AB,,55.816978,-119.413821,Oil and gas extraction,Volatile Organic Compounds (Total),tonnes,0.1402
2022,Tourmaline Oil Corp,Wapiti 01-22-066-08W6,Calgary,AB,,54.721667,-119.111249,Oil and gas extraction,Volatile Organic Compounds (Total),tonnes,0.3263
2022,Tourmaline Oil Corp,TOURMALINE LAPRISE D-27-I TT,Calgary,BC,,56.94118,-122.07909,Oil and gas extraction,Volatile Organic Compounds (Total),tonnes,0.4609
2022,Tourmaline Oil Corp,Progress 04-22 Oil Battery,Calgary,AB,,55.856157,-119.171521,Oil and gas extraction,Volatile Organic Compounds (Total),tonnes,0.5304
2022,Tourmaline Oil Corp,RSRL MIRAGE BTY 01-05-080-08-W6M,Calgary,AB,,55.899876,-119.204379,Oil and gas extraction,Volatile Organic Compounds (Total),tonnes,0.7685
2022,Tourmaline Oil Corp,MIRAGE 04-20-79-07W6,Calgary,AB,,55.856171,-119.067173,Oil and gas extraction,Volatile Organic Compounds (Total),tonnes,1.1715
2022,Tourmaline Oil Corp,RSRL GORDONDALE BTY 14-22-079-09-W6M,Calgary,AB,,55.866132,-119.322366,Oil and gas extraction,Volatile Organic Compounds (Total),tonnes,1.227
2022,Tourmaline Oil Corp,Red Rock Gas Battery 09-07-062-06W6,Calgary,AB,,54.35037,-118.87809,Oil and gas extraction,Volatile Organic Compounds (Total),tonnes,1.4055
2022,Tourmaline Oil Corp,Wapiti 11-25-66-8W6M Comp Stn,Calgary,AB,,54.743518,-119.073283,Oil and gas extraction,Volatile Organic Compounds (Total),tonnes,1.6528
2022,Tourmaline Oil Corp,Mulligan Fourth Creek 15-13-082-09-W6,Calgary,AB,,56.1157,-119.2621,Oil and gas extraction,Volatile Organic Compounds (Total),tonnes,1.7171
2022,Tourmaline Oil Corp,Cabin Creek Compressor Station,Calgary,AB,,53.7342,-118.3956,Oil and gas extraction,Volatile Organic Compounds (Total),tonnes,1.832
2022,Tourmaline Oil Corp,Duvernay Fir Central 09-29-057-21-W5,Calgary,AB,,53.9575,-117.0766,Oil and gas extraction,Volatile Organic Compounds (Total),tonnes,2.1661
2022,Tourmaline Oil Corp,Tourmaline Mulligan Terminal (03-08-079-09 W6M),Calgary,AB,,55.82708,-119.37367,Oil and gas extraction,Volatile Organic Compounds (Total),tonnes,2.4268
2022,Tourmaline Oil Corp,Devon Mirage 10-03,Calgary,AB,,55.81986,-119.00207,Oil and gas extraction,Volatile Organic Compounds (Total),tonnes,3.0205
2022,Tourmaline Oil Corp,Hanlan 16-16 CS,Calgary,AB,,53.05969,-116.71056,Oil and gas extraction,Volatile Organic Compounds (Total),tonnes,3.137
2022,Tourmaline Oil Corp,Spirit River 06-09-077-07-W6 Tank Farm,Calgary,AB,,55.655906,-119.024903,Oil and gas extraction,Volatile Organic Compounds (Total),tonnes,3.2327
2022,Tourmaline Oil Corp,Lynx 01-24-060-08 W6M,Calgary,AB,,54.1989,-119.0529,Oil and gas extraction,Volatile Organic Compounds (Total),tonnes,3.3186
2022,Tourmaline Oil Corp,Smoky 01-12-058-02-W6,Calgary,AB,,53.99404,-118.151921,Oil and gas extraction,Volatile Organic Compounds (Total),tonnes,5.2088
2022,Tourmaline Oil Corp,Tourmaline Chin/09-29 Ggs,Calgary,AB,,54.65656,-119.91523,Oil and gas extraction,Volatile Organic Compounds (Total),tonnes,5.3632
2022,Tourmaline Oil Corp,Nig Creek A-94-B/94-H-4,Calgary,BC,,57.0771,-121.6675,Oil and gas extraction,Volatile Organic Compounds (Total),tonnes,5.8217
2022,Tourmaline Oil Corp,Boundary Lake 08-12-088-15W6,Calgary,BC,,56.6207,-120.2465,Oil and gas extraction,Volatile Organic Compounds (Total),tonnes,5.9145
2022,Tourmaline Oil Corp,Aitken Comp Stn a-011-A,Calgary,BC,,57.01042,-122.00312,Oil and gas extraction,Volatile Organic Compounds (Total),tonnes,7.7062
2022,Tourmaline Oil Corp,Jedney Comp Stn C-007-H,Calgary,BC,,57.08958,-122.08437,Oil and gas extraction,Volatile Organic Compounds (Total),tonnes,8.5655
2022,Tourmaline Oil Corp,Tourmaline Hinton Gas Plant (06-32-51-25 W5M),Calgary,AB,,53.44318,-117.6554,Oil and gas extraction,Volatile Organic Compounds (Total),tonnes,9.9836
2022,Tourmaline Oil Corp,Crew Edson 16-10-052-15 W5,Calgary,AB,,53.4779,-116.124,Oil and gas extraction,Volatile Organic Compounds (Total),tonnes,10.0318
2022,Tourmaline Oil Corp,Tourmaline Solomon Gas Plant (15-20-053-27-W5),Calgary,AB,,53.59928,-117.94255,Oil and gas extraction,Volatile Organic Compounds (Total),tonnes,10.4818
2022,Tourmaline Oil Corp,Tourmaline Med Lodge Gas Plant (14-03-052-23W5),Calgary,SK,,49.51922,-101.41762,Oil and gas extraction,Volatile Organic Compounds (Total),tonnes,11.4388
2022,Tourmaline Oil Corp,Harley 08-10-057-27-W5,Calgary,AB,,53.9101,-117.9189,Oil and gas extraction,Volatile Organic Compounds (Total),tonnes,11.5674
2022,Tourmaline Oil Corp,Spirit River 13-28-78-8w6 GGS,Calgary,AB,,55.79411,-119.18634,Oil and gas extraction,Volatile Organic Compounds (Total),tonnes,11.75
2022,Tourmaline Oil Corp,Birley Umbach A-072-F/094-H-03,Calgary,BC,,57.49334,-121.67716,Oil and gas extraction,Volatile Organic Compounds (Total),tonnes,13.6621
2022,Tourmaline Oil Corp,Conroy D-48-C/94-H-12,Calgary,BC,,57.53822,-121.84416,Oil and gas extraction,Volatile Organic Compounds (Total),tonnes,13.9873
2022,Tourmaline Oil Corp,Tourmaline Anderson Gas Plant (01-09-051-24 W5M),Calgary,AB,,53.38259,-117.4668,Oil and gas extraction,Volatile Organic Compounds (Total),tonnes,15.2004
2022,Tourmaline Oil Corp,Oldman 10-24,Calgary,AB,,53.8556,-116.9836,Oil and gas extraction,Volatile Organic Compounds (Total),tonnes,15.6157
2022,Tourmaline Oil Corp,Spirit River 06-03-078-07 W6,Calgary,AB,,55.7332,-118.9989,Oil and gas extraction,Volatile Organic Compounds (Total),tonnes,16.1498
2022,Tourmaline Oil Corp,Obed 01-21,Calgary,AB,,53.761093,-117.349179,Oil and gas extraction,Volatile Organic Compounds (Total),tonnes,16.5184
2022,Tourmaline Oil Corp,Wildhay 11-22,Calgary,AB,,53.76832,-117.48534,Oil and gas extraction,Volatile Organic Compounds (Total),tonnes,17.2729
2022,Tourmaline Oil Corp,Tourmaline 12-06-081-07-W6,Calgary,AB,,55.99437,-119.093254,Oil and gas extraction,Volatile Organic Compounds (Total),tonnes,19.1826
2022,Tourmaline Oil Corp,Martin Creek Sour Gas Plant b-002-E/094-H-06,Calgary,BC,,57.3353,-121.3979,Oil and gas extraction,Volatile Organic Compounds (Total),tonnes,21.6494
2022,Tourmaline Oil Corp,Black Conroy Comp Stn b-094-J/094-H-05,Calgary,BC,,57.4936,-121.6733,Oil and gas extraction,Volatile Organic Compounds (Total),tonnes,22.4333
2022,Tourmaline Oil Corp,Leland Comp Stn 14-34-058-26-W5,Calgary,AB,,54.0629,-117.7826,Oil and gas extraction,Volatile Organic Compounds (Total),tonnes,26.6347
2022,Tourmaline Oil Corp,Dawson/Doe 1-32-80-15 W6,Calgary,BC,,55.97255,-120.29903,Oil and gas extraction,Volatile Organic Compounds (Total),tonnes,28.1306
2022,Tourmaline Oil Corp,Wapiti 13-15-067-08W6M MWB,Calgary,AB,,54.80565,-119.14339,Oil and gas extraction,Volatile Organic Compounds (Total),tonnes,28.785
2022,Tourmaline Oil Corp,Sunrise 15-34-079-17-W6,Calgary,BC,,55.89665,-120.56939,Oil and gas extraction,Volatile Organic Compounds (Total),tonnes,29.3358
2022,Tourmaline Oil Corp,Tourmaline Edson Gas Plant (04-17-051-18-W5M),Calgary,AB,,52.874467,-116.029179,Oil and gas extraction,Volatile Organic Compounds (Total),tonnes,36.856
2022,Tourmaline Oil Corp,Tourmaline Musreau 02/09-13-062-06-W6,Calgary,AB,,54.362358,-118.75371,Oil and gas extraction,Volatile Organic Compounds (Total),tonnes,37.9657
2022,Tourmaline Oil Corp,Horse 16-17-058-26-W5,Calgary,AB,,54.0193,-117.8199,Oil and gas extraction,Volatile Organic Compounds (Total),tonnes,40.4742
2022,Tourmaline Oil Corp,Tourmaline Doe Gas Plant (02-11-080-16 W6M),Calgary,BC,,55.91377,-120.38232,Oil and gas extraction,Volatile Organic Compounds (Total),tonnes,40.4907
2022,Tourmaline Oil Corp,Kakwa Gas Plant 07-09-062-08 W6M,Calgary,AB,,54.346751,-119.134195,Oil and gas extraction,Volatile Organic Compounds (Total),tonnes,40.7954
2022,Tourmaline Oil Corp,Sundance 15-07,Calgary,AB,,53.6556,-117.0817,Oil and gas extraction,Volatile Organic Compounds (Total),tonnes,41.1977
2022,Tourmaline Oil Corp,Wapiti 4-9-66-8W6M MWB,Calgary,AB,,54.692575,-119.155128,Oil and gas extraction,Volatile Organic Compounds (Total),tonnes,46.3899
2022,Tourmaline Oil Corp,Resthaven 3-16 Gas Plant,Calgary,AB,,54.18319,-118.2408,Oil and gas extraction,Volatile Organic Compounds (Total),tonnes,50.7435
2022,Tourmaline Oil Corp,Tourmaline West Wolf Lake Gas Plant (10-03-052-17 W5M),Calgary,AB,,53.462965,-116.418505,Oil and gas extraction,Volatile Organic Compounds (Total),tonnes,52.745
2022,Tourmaline Oil Corp,Tourmaline Wildriver Gas Plant (14-20-056-23 W5M),Calgary,AB,,53.8579,-117.3846,Oil and gas extraction,Volatile Organic Compounds (Total),tonnes,53.364
2022,Tourmaline Oil Corp,Kakwa Gas Processing 01-35-060-05W6,Calgary,AB,,54.2268,-118.6281,Oil and gas extraction,Volatile Organic Compounds (Total),tonnes,53.7678
2022,Tourmaline Oil Corp,Tourmaline Wildhay Gas Plant (11-16-055-24 W5M),Calgary,AB,,53.75512,-117.50988,Oil and gas extraction,Volatile Organic Compounds (Total),tonnes,56.121
2022,Tourmaline Oil Corp,Tourmaline West Doe Gas Plant (13-25-080-16 W6M),Calgary,BC,,55.97092,-120.368337,Oil and gas extraction,Volatile Organic Compounds (Total),tonnes,56.2089
2022,Tourmaline Oil Corp,Tourmaline Ansell Plant (01-34-51-18 W5M),Calgary,AB,,53.44643,-116.545029,Oil and gas extraction,Volatile Organic Compounds (Total),tonnes,57.5547
2022,Tourmaline Oil Corp,Tourmaline Cecilia Gas Plant (15-04-058-23 W5M),Calgary,AB,,53.990234,-117.355302,Oil and gas extraction,Volatile Organic Compounds (Total),tonnes,58.3707
2022,Tourmaline Oil Corp,Sundown B-067-H/093-P-10,Calgary,BC,,55.63536,-120.58595,Oil and gas extraction,Volatile Organic Compounds (Total),tonnes,61.0082
2022,Tourmaline Oil Corp,Kakwa Gas Battery 04-26-061-05W6,Calgary,AB,,54.3025,-118.6442,Oil and gas extraction,Volatile Organic Compounds (Total),tonnes,68.4294
2022,Tourmaline Oil Corp,Gundy A-021-I,Calgary,BC,,56.68376,-122.0075,Oil and gas extraction,Volatile Organic Compounds (Total),tonnes,69.9225
2022,Tourmaline Oil Corp,Tourmaline Spirit River Gas Plant (03-10-077-07 W6M),Calgary,AB,,55.6545,-119.00147,Oil and gas extraction,Volatile Organic Compounds (Total),tonnes,73.5547
2022,Tourmaline Oil Corp,Aitken Creek Sour Gas Plant c-038-C,Calgary,BC,,57.02883,-121.84918,Oil and gas extraction,Volatile Organic Compounds (Total),tonnes,76.3638
2022,Tourmaline Oil Corp,Tourmaline Sunrise Gas Plant (03-18-080-17 W6M),Calgary,BC,,55.9285,-120.6423,Oil and gas extraction,Volatile Organic Compounds (Total),tonnes,78.1218
2022,Tourmaline Oil Corp,Tourmaline Columbia Gas Plant (15-36-044-15 W5M),Calgary,AB,,52.83944,-116.03732,Oil and gas extraction,Volatile Organic Compounds (Total),tonnes,81.7178
2022,Tourmaline Oil Corp,Laprise Gas Plant,Calgary,BC,,57.3535,-122.0505,Oil and gas extraction,Volatile Organic Compounds (Total),tonnes,84.0089
2022,Tourmaline Oil Corp,Wroe 8-12,Calgary,AB,,53.9144,-117.5737,Oil and gas extraction,Volatile Organic Compounds (Total),tonnes,87.8831
2022,Tourmaline Oil Corp,Tourmaline Berland Gas Plant (14-15-059-24-W5M),Calgary,AB,,54.106806,-117.516746,Oil and gas extraction,Volatile Organic Compounds (Total),tonnes,112.8404
2022,Tourmaline Oil Corp,Tourmaline Banshee Plant (15-12-050-21 W5M),Calgary,AB,,53.30683,-116.93588,Oil and gas extraction,Volatile Organic Compounds (Total),tonnes,122.657
2022,Tourmaline Oil Corp,Tourmaline Gundy Gas Plant (C-060-A / 94-B-16),Calgary,BC,,56.801313,-122.121084,Oil and gas extraction,Volatile Organic Compounds (Total),tonnes,129.9074
2022,Tourmaline Oil Corp,Aitken Creek Sour Gas Plant c-046-C,Calgary,BC,,57.03949,-121.82333,Oil and gas extraction,Volatile Organic Compounds (Total),tonnes,145.5364
2022,Transcontinental Inc,Transcontinental Calgary,Calgary,AB,T2H 1L3,51.00425,-114.0509,Printing and related support activities,Volatile Organic Compounds (Total),tonnes,28.18
2022,University of Calgary,Central Heating and Cooling Plant,Calgary,AB,T2N 1N4,51.0749,-114.1387,Universities,Volatile Organic Compounds (Total),tonnes,1.554
2022,Westbrick Energy Ltd (1),BRAZEAU 14-26-45-13W5,Calgary,AB,T2P 0R3,52.914367,-115.781529,Oil and gas extraction,Volatile Organic Compounds (Total),tonnes,0
2022,Westbrick Energy Ltd (1),Westbrick 12-17-49-10 MWB,Calgary,AB,T2P 0R3,53.23058,-115.436569,Oil and gas extraction,Volatile Organic Compounds (Total),tonnes,0
2022,Westbrick Energy Ltd (1),Westbrick Pembina  02/8-29-47-10 W5,Calgary,AB,T2P 0R3,53.07774,-115.41872,Oil and gas extraction,Volatile Organic Compounds (Total),tonnes,0
2022,Westbrick Energy Ltd (1),Velvet 09-04-056-17W5,Calgray,AB,T2P 0R3,53.81207,-116.45727,Oil and gas extraction,Volatile Organic Compounds (Total),tonnes,4.2423
2022,Westbrick Energy Ltd (1),Anderson Wolf South 14-03 GGS,Calgary,AB,T2P 0R3,53.29242,-115.96724,Oil and gas extraction,Volatile Organic Compounds (Total),tonnes,26.1273
2022,Westbrick Energy Ltd (1),Velvet 16-23-054-17W5,Calgary,AB,T2P 0R3,53.68324,-116.3903,Oil and gas extraction,Volatile Organic Compounds (Total),tonnes,73.4504
2022,Wholesome Harvest Baking,FROZEN BAKERY,Calgary,AB,T2C 4N6,50.98127,-113.97161,Bakeries and tortilla manufacturing,Volatile Organic Compounds (Total),tonnes,15.321
2022,Wonder Brands Inc.,WonderBrands Calgary,Calgary,AB,T2H 0N8,51.001,-114.0612,Bakeries and tortilla manufacturing,Volatile Organic Compounds (Total),tonnes,92.043
2022,Zargon Oil and Gas Ltd.,Mission Tabers (00-14-11-008-17W4),Calgary,AB,,49.78,-112.15,Oil and gas extraction,Volatile Organic Compounds (Total),tonnes,0.4534
2022,Zargon Oil and Gas Ltd.,Morinville 2-20-55-25 W4M,Calgary,AB,T2P 0H3,53.7617,-113.6791,Oil and gas extraction,Volatile Organic Compounds (Total),tonnes,0.505567
2022,Zargon Oil and Gas Ltd.,Jarrod Little Bow 6-14,Calgary,AB,T2P 0H3,50.17115,-112.496157,Oil and gas extraction,Volatile Organic Compounds (Total),tonnes,0.605034
2022,Zargon Oil and Gas Ltd.,Crestar Little Bow (00-16-31-014-18W4),Calgary,AB,,50.220749,-112.441573,Oil and gas extraction,Volatile Organic Compounds (Total),tonnes,22.665009
2022,Zargon Oil and Gas Ltd.,TAQA LAPRISE B-40-E/94-H-5,Calgary,BC,T2P 1K3,57.3604,-121.9969,Oil and gas extraction,Volatile Organic Compounds (Total),tonnes,37.2197
