<PAMDataset>
  <PAMRasterBand band="1">
    <Histograms>
      <HistItem>
        <HistMin>0</HistMin>
        <HistMax>21.4000415802002</HistMax>
        <BucketCount>256</BucketCount>
        <IncludeOutOfRange>1</IncludeOutOfRange>
        <Approximate>0</Approximate>
        <HistCounts>28611|869|865|610|539|592|1718|1534|1409|1267|1236|1484|1743|2168|2652|2291|2563|2590|2924|2377|1707|1336|1557|672|574|488|429|406|422|418|389|461|493|459|450|467|502|700|448|360|359|359|404|439|469|492|573|383|417|516|409|376|366|283|169|85|49|42|40|44|45|42|44|33|36|34|38|31|36|33|39|72|50|37|34|36|28|36|24|33|20|20|26|16|22|16|23|21|9|19|19|10|7|12|8|13|10|10|4|10|8|8|9|4|9|6|8|6|7|7|8|6|5|2|6|6|9|4|1|9|1|6|6|6|3|1|8|4|5|4|7|3|2|8|2|4|5|7|5|2|2|4|3|5|2|5|6|3|6|8|8|6|4|6|3|4|4|6|1|6|1|3|0|1|2|2|2|0|1|3|1|1|2|2|1|3|2|0|1|2|3|1|2|3|1|1|1|1|2|1|1|0|0|2|3|0|0|1|0|1|1|0|1|1|1|3|1|0|1|1|2|0|0|1|1|0|0|0|0|0|0|0|0|0|2|0|0|0|1|1|1|0|0|1|1|1|0|1|0|0|0|0|0|0|0|0|0|0|1|0|0|1|1|0|0|1</HistCounts>
      </HistItem>
    </Histograms>
    <Metadata>
      <MDI key="STATISTICS_MINIMUM">0</MDI>
      <MDI key="STATISTICS_MAXIMUM">21.4000415802</MDI>
      <MDI key="STATISTICS_MEAN">1.2380424161851</MDI>
      <MDI key="STATISTICS_STDDEV">1.5429134474469</MDI>
      <MDI key="STATISTICS_MEDIAN">0.923139</MDI>
      <MDI key="STATISTICS_COUNT">80500.000000</MDI>
      <MDI key="STATISTICS_SKIPFACTORX">1</MDI>
      <MDI key="STATISTICS_SKIPFACTORY">1</MDI>
      <MDI key="STATISTICS_EXCLUDEDVALUES"></MDI>
      <MDI key="STATISTICS_COVARIANCES">2.380581906312493</MDI>
    </Metadata>
  </PAMRasterBand>
</PAMDataset>
