<PAMDataset>
  <PAMRasterBand band="1">
    <Histograms>
      <HistItem>
        <HistMin>0</HistMin>
        <HistMax>78.43000030517578</HistMax>
        <BucketCount>256</BucketCount>
        <IncludeOutOfRange>1</IncludeOutOfRange>
        <Approximate>0</Approximate>
        <HistCounts>30318|5228|1418|1821|3567|3917|2154|367|185|192|197|202|211|231|217|200|200|171|173|170|185|232|239|231|247|1046|322|314|330|323|299|309|335|329|351|399|414|441|425|462|466|537|588|660|623|663|643|679|638|623|612|620|575|572|551|524|462|470|435|412|427|447|477|548|606|547|593|546|540|544|675|562|398|335|310|315|307|278|269|316|331|132|114|89|85|79|61|65|61|48|40|28|25|22|29|19|19|19|16|21|15|14|11|15|14|11|12|11|11|13|8|10|12|8|6|9|6|5|7|7|7|7|5|5|4|4|7|7|3|5|4|4|3|7|6|2|4|5|2|1|5|3|3|0|3|1|3|6|1|5|1|1|0|2|3|2|4|0|1|1|3|1|0|2|0|4|4|0|1|3|1|0|2|0|0|1|1|2|3|1|0|1|1|1|1|1|1|2|0|0|1|1|1|3|1|0|2|2|0|0|0|1|0|1|1|0|0|1|2|0|0|1|1|0|0|0|2|1|1|1|0|2|1|0|2|0|0|0|0|0|0|2|0|0|2|0|2|0|1|0|2|0|0|0|1|0|1|1|0|1|0|3|2|1|2|3</HistCounts>
      </HistItem>
    </Histograms>
    <Metadata>
      <MDI key="STATISTICS_MINIMUM">0</MDI>
      <MDI key="STATISTICS_MAXIMUM">78.430000305176</MDI>
      <MDI key="STATISTICS_MEAN">6.4307099717481</MDI>
      <MDI key="STATISTICS_STDDEV">8.5616986133595</MDI>
      <MDI key="STATISTICS_MEDIAN">1.230275</MDI>
      <MDI key="STATISTICS_COUNT">80500.000000</MDI>
      <MDI key="STATISTICS_SKIPFACTORX">1</MDI>
      <MDI key="STATISTICS_SKIPFACTORY">1</MDI>
      <MDI key="STATISTICS_EXCLUDEDVALUES"></MDI>
      <MDI key="STATISTICS_COVARIANCES">73.30268314600214</MDI>
    </Metadata>
  </PAMRasterBand>
</PAMDataset>
