<PAMDataset>
  <PAMRasterBand band="1">
    <Histograms>
      <HistItem>
        <HistMin>0</HistMin>
        <HistMax>1055.8623046875</HistMax>
        <BucketCount>256</BucketCount>
        <IncludeOutOfRange>1</IncludeOutOfRange>
        <Approximate>0</Approximate>
        <HistCounts>41239|3136|1947|662|1149|1141|658|404|349|334|308|325|277|279|271|285|285|279|318|339|370|404|418|420|441|436|509|550|633|707|703|784|955|884|953|904|875|980|1147|1646|1726|1405|1201|1279|1087|958|946|770|562|273|219|182|145|129|112|87|83|78|70|54|44|52|37|35|32|32|25|16|18|13|15|17|10|5|8|10|6|0|3|6|5|5|1|3|2|1|1|0|3|2|1|0|3|2|0|2|3|0|0|1|0|0|1|0|0|1|0|1|0|0|0|0|1|0|0|0|0|0|1|0|0|0|0|0|2|0|0|0|0|0|0|0|0|1|0|0|1|0|0|0|0|0|0|0|0|0|0|0|0|1|0|0|0|0|0|0|0|0|0|0|0|0|0|0|0|0|0|0|0|0|0|0|0|0|0|0|0|0|0|0|0|0|0|0|0|0|0|0|0|0|0|0|0|0|0|0|0|0|0|0|0|0|0|0|0|0|0|0|0|0|0|0|0|0|0|0|0|0|0|0|0|0|0|0|0|0|0|0|0|0|0|0|0|0|0|0|0|0|0|0|0|0|0|0|0|0|0|0|0|0|0|0|0|0|0|1</HistCounts>
      </HistItem>
    </Histograms>
    <Metadata>
      <MDI key="STATISTICS_MINIMUM">0</MDI>
      <MDI key="STATISTICS_MAXIMUM">1055.8623046875</MDI>
      <MDI key="STATISTICS_MEAN">56.620710965373</MDI>
      <MDI key="STATISTICS_STDDEV">75.644627821182</MDI>
      <MDI key="STATISTICS_MEDIAN">0.000000</MDI>
      <MDI key="STATISTICS_COUNT">80500.000000</MDI>
      <MDI key="STATISTICS_SKIPFACTORX">1</MDI>
      <MDI key="STATISTICS_SKIPFACTORY">1</MDI>
      <MDI key="STATISTICS_EXCLUDEDVALUES"></MDI>
      <MDI key="STATISTICS_COVARIANCES">5722.109718205075</MDI>
    </Metadata>
  </PAMRasterBand>
</PAMDataset>
