<PAMDataset>
  <PAMRasterBand band="1">
    <Histograms>
      <HistItem>
        <HistMin>0</HistMin>
        <HistMax>22.88603591918945</HistMax>
        <BucketCount>256</BucketCount>
        <IncludeOutOfRange>1</IncludeOutOfRange>
        <Approximate>0</Approximate>
        <HistCounts>28420|535|981|962|881|871|1006|1260|2017|2230|3563|3346|1887|1817|1337|1473|1705|1422|1264|1280|1032|773|704|585|501|473|464|432|457|425|434|457|455|486|481|532|570|608|687|638|661|688|704|765|817|791|708|696|895|706|560|460|273|142|119|106|74|60|57|62|51|60|56|48|46|57|52|56|65|48|48|42|44|35|42|30|44|38|39|30|30|28|24|27|29|17|19|20|26|18|18|20|22|16|11|13|18|15|13|15|14|17|8|11|10|13|9|8|9|18|5|11|6|8|11|6|12|7|9|10|5|6|14|3|7|4|5|0|5|6|3|5|4|2|4|3|3|0|4|2|5|2|2|1|0|0|2|4|3|2|3|5|3|1|1|1|0|2|2|1|0|2|1|0|1|1|0|2|2|0|2|0|2|2|3|2|1|0|2|1|1|2|0|0|0|2|0|0|0|1|0|0|1|1|0|0|2|0|0|0|2|1|0|1|0|1|0|1|0|0|0|0|0|1|0|0|0|0|0|0|0|0|0|0|0|1|1|0|1|0|0|0|1|0|0|0|0|0|0|1|0|0|1|0|0|0|0|0|0|0|0|0|0|0|0|1</HistCounts>
      </HistItem>
    </Histograms>
    <Metadata>
      <MDI key="STATISTICS_MINIMUM">0</MDI>
      <MDI key="STATISTICS_MAXIMUM">22.886035919189</MDI>
      <MDI key="STATISTICS_MEAN">1.395689529482</MDI>
      <MDI key="STATISTICS_STDDEV">1.7260991679382</MDI>
      <MDI key="STATISTICS_MEDIAN">0.897492</MDI>
      <MDI key="STATISTICS_COUNT">80500.000000</MDI>
      <MDI key="STATISTICS_SKIPFACTORX">1</MDI>
      <MDI key="STATISTICS_SKIPFACTORY">1</MDI>
      <MDI key="STATISTICS_EXCLUDEDVALUES"></MDI>
      <MDI key="STATISTICS_COVARIANCES">2.979418337556786</MDI>
    </Metadata>
  </PAMRasterBand>
</PAMDataset>
