<PAMDataset>
  <PAMRasterBand band="1">
    <Histograms>
      <HistItem>
        <HistMin>0</HistMin>
        <HistMax>1082.021728515625</HistMax>
        <BucketCount>256</BucketCount>
        <IncludeOutOfRange>1</IncludeOutOfRange>
        <Approximate>0</Approximate>
        <HistCounts>39889|4686|1718|662|1497|836|447|308|314|303|279|258|255|280|234|241|241|244|265|261|288|327|359|370|410|443|557|689|905|1275|1232|994|996|869|855|823|923|987|862|836|949|1271|1748|2339|2065|926|712|472|376|312|214|105|95|76|66|61|48|47|38|39|36|25|31|21|26|16|16|14|19|4|10|8|7|10|6|4|4|5|5|4|7|0|1|6|2|1|1|2|3|1|1|0|2|2|1|3|4|0|1|1|0|0|0|2|0|0|0|0|0|0|0|0|1|0|1|0|0|0|1|0|0|0|0|2|1|0|0|0|0|0|0|0|0|1|0|0|1|0|1|0|0|0|0|0|0|0|0|0|1|0|0|0|0|0|0|0|0|0|0|0|0|0|0|0|0|0|0|0|0|0|0|0|0|0|0|0|0|0|0|0|0|0|0|0|0|0|0|0|0|0|0|0|0|0|0|0|0|0|0|0|0|0|0|0|0|0|0|0|0|0|0|0|0|0|0|0|0|0|0|0|0|0|0|0|0|0|0|0|0|0|0|0|0|0|0|0|0|0|0|0|0|0|0|0|0|0|0|0|0|0|0|0|0|0|0|1</HistCounts>
      </HistItem>
    </Histograms>
    <Metadata>
      <MDI key="STATISTICS_MINIMUM">0</MDI>
      <MDI key="STATISTICS_MAXIMUM">1082.0217285156</MDI>
      <MDI key="STATISTICS_MEAN">58.430254260484</MDI>
      <MDI key="STATISTICS_STDDEV">76.942469477171</MDI>
      <MDI key="STATISTICS_MEDIAN">4.243222</MDI>
      <MDI key="STATISTICS_COUNT">80500.000000</MDI>
      <MDI key="STATISTICS_SKIPFACTORX">1</MDI>
      <MDI key="STATISTICS_SKIPFACTORY">1</MDI>
      <MDI key="STATISTICS_EXCLUDEDVALUES"></MDI>
      <MDI key="STATISTICS_COVARIANCES">5920.143609245411</MDI>
    </Metadata>
  </PAMRasterBand>
</PAMDataset>
